"Study ID"	"Experimental Row ID"	"Paired Baseline ID"	"Authors & Year"	"Short Title"	"DOI / Link"	"Catalyst"	"Catalyst Details"	"Hydrogen Source"	"Impurity Category"	"Impurity Species"	"Impurity Conc (ppm)"	"Temp (°C)"	"Pressure (bar)"	"H2:CO2 ratio"	"Space velocity (GHSV, /h)"	"Time on stream (h)"	"MeOH metric type"	"Baseline"	"With impurity"	"Recovery Value"	"% change in MeOH"	"Measured / Calculated / Digitized"	"Reversible?"	"Deactivation noted?"	"Notes / mechanism"	"Source quote & page"	"Data Quality"	"Modeling Status"	"Duplicate Status"
"T1-003"	"T1-003-S-CV"	"T1-003-REF-CV"	"Heracleous et al. 2022"	"Valorization of steel-work off-gases: Influence of impurities on the performance of Cu-based methanol synthesis catalyst"	"https://doi.org/10.1016/j.cej.2022.136571"	"CuO/ZnO/Al2O3"	"Clariant pellets 6x4 mm; ball-milled and sieved 250-350 um; equal mass SiC diluent (200 um); ex-situ poisoned samples CuZnAl_S, _N, _Na, _Ca, _Fe"	"Bottled/commercial H2"	"Sulfur"	"H2S"	"400"	"250"	"70"	"H2/CO2=3"	"6500"	"Initial after ~24 h"	"Normalized initial CO2 conversion retention (% of untreated initial)"	"100"	"89.8"	"Not reported"	"-10.2"	"Calculated"	"Not reported"	"Yes"	"Pre-poisoned catalyst comparison | Run/sample: CuZnAl_S | Impurity source: ex-situ catalyst poisoning | Reported concentration: 400 ppm for 5 h at 250 C | Catalyst loading pre: 0.45 wt% | Catalyst loading post: 0.29 wt% | Cu/Zn sulfide formation during poisoning; sulfate detected after passivation; active-site blocking"	"PDF p.3 Table 1; PDF p.7 Fig.4"	"High"	"Modeling-ready for normalized conversion submodel"	"No known duplicate"
"T1-003"	"T1-003-S-MS"	"T1-003-REF-MS"	"Heracleous et al. 2022"	"Valorization of steel-work off-gases: Influence of impurities on the performance of Cu-based methanol synthesis catalyst"	"https://doi.org/10.1016/j.cej.2022.136571"	"CuO/ZnO/Al2O3"	"Clariant pellets 6x4 mm; ball-milled and sieved 250-350 um; equal mass SiC diluent (200 um); ex-situ poisoned samples CuZnAl_S, _N, _Na, _Ca, _Fe"	"Bottled/commercial H2"	"Sulfur"	"H2S"	"400"	"250"	"70"	"H2/CO2=3"	"6500"	"Initial after ~24 h"	"Normalized initial MeOH selectivity retention (% of untreated initial)"	"100"	"90.9"	"Not reported"	"-9.1"	"Calculated"	"Not reported"	"Yes"	"Pre-poisoned catalyst comparison | Run/sample: CuZnAl_S | Impurity source: ex-situ catalyst poisoning | Reported concentration: 400 ppm for 5 h at 250 C | Catalyst loading pre: 0.45 wt% | Catalyst loading post: 0.29 wt% | Active-site blocking; Cu/Zn sulfur phases"	"PDF p.3 Table 1; PDF p.7 Fig.5"	"High"	"Modeling-ready for methanol-output model"	"No known duplicate"
"T1-003"	"T1-003-N-CV"	"T1-003-REF-CV"	"Heracleous et al. 2022"	"Valorization of steel-work off-gases: Influence of impurities on the performance of Cu-based methanol synthesis catalyst"	"https://doi.org/10.1016/j.cej.2022.136571"	"CuO/ZnO/Al2O3"	"Clariant pellets 6x4 mm; ball-milled and sieved 250-350 um; equal mass SiC diluent (200 um); ex-situ poisoned samples CuZnAl_S, _N, _Na, _Ca, _Fe"	"Bottled/commercial H2"	"Nitrogen"	"NH3"	"400"	"250"	"70"	"H2/CO2=3"	"6500"	"Initial after ~24 h"	"Normalized initial CO2 conversion retention (% of untreated initial)"	"100"	"92.1"	"Not reported"	"-7.9"	"Calculated"	"Not reported"	"Yes"	"Pre-poisoned catalyst comparison | Run/sample: CuZnAl_N | Impurity source: ex-situ catalyst poisoning | Reported concentration: 400 ppm for 10 h at 250 C | Catalyst loading pre: 0.04 wt% | Catalyst loading post: 0.01 wt% | Weak N binding and partial removal under high-H2 reaction conditions"	"PDF p.3 Table 1; PDF p.7 Fig.4"	"High"	"Modeling-ready for normalized conversion submodel"	"No known duplicate"
"T1-003"	"T1-003-N-MS"	"T1-003-REF-MS"	"Heracleous et al. 2022"	"Valorization of steel-work off-gases: Influence of impurities on the performance of Cu-based methanol synthesis catalyst"	"https://doi.org/10.1016/j.cej.2022.136571"	"CuO/ZnO/Al2O3"	"Clariant pellets 6x4 mm; ball-milled and sieved 250-350 um; equal mass SiC diluent (200 um); ex-situ poisoned samples CuZnAl_S, _N, _Na, _Ca, _Fe"	"Bottled/commercial H2"	"Nitrogen"	"NH3"	"400"	"250"	"70"	"H2/CO2=3"	"6500"	"Initial after ~24 h"	"Normalized initial MeOH selectivity retention (% of untreated initial)"	"100"	"92.9"	"Not reported"	"-7.1"	"Calculated"	"Not reported"	"Yes"	"Pre-poisoned catalyst comparison | Run/sample: CuZnAl_N | Impurity source: ex-situ catalyst poisoning | Reported concentration: 400 ppm for 10 h at 250 C | Catalyst loading pre: 0.04 wt% | Catalyst loading post: 0.01 wt% | Weak N binding; active-site blocking"	"PDF p.3 Table 1; PDF p.7 Fig.5"	"High"	"Modeling-ready for methanol-output model"	"No known duplicate"
"T1-003"	"T1-003-NA-CV"	"T1-003-REF-CV"	"Heracleous et al. 2022"	"Valorization of steel-work off-gases: Influence of impurities on the performance of Cu-based methanol synthesis catalyst"	"https://doi.org/10.1016/j.cej.2022.136571"	"CuO/ZnO/Al2O3"	"Clariant pellets 6x4 mm; ball-milled and sieved 250-350 um; equal mass SiC diluent (200 um); ex-situ poisoned samples CuZnAl_S, _N, _Na, _Ca, _Fe"	"Bottled/commercial H2"	"Alkali / alkaline earth"	"Na (Na2CO3 precursor)"	"Not applicable"	"250"	"70"	"H2/CO2=3"	"6500"	"Initial after ~24 h"	"Normalized initial CO2 conversion retention (% of untreated initial)"	"100"	"79.6"	"Not reported"	"-20.4"	"Calculated"	"No"	"Yes"	"Pre-poisoned catalyst comparison | Run/sample: CuZnAl_Na | Impurity source: ex-situ incipient-wetness impregnation | Reported concentration: 0.20 wt% nominal | Catalyst loading pre: 0.22 wt% | Catalyst loading post: 0.20 wt% | Cu-site blocking plus increased surface basicity and stronger CO2 binding"	"PDF p.3 Table 1; PDF p.7 Fig.4"	"High"	"Modeling-ready for normalized conversion submodel"	"No known duplicate"
"T1-003"	"T1-003-NA-MS"	"T1-003-REF-MS"	"Heracleous et al. 2022"	"Valorization of steel-work off-gases: Influence of impurities on the performance of Cu-based methanol synthesis catalyst"	"https://doi.org/10.1016/j.cej.2022.136571"	"CuO/ZnO/Al2O3"	"Clariant pellets 6x4 mm; ball-milled and sieved 250-350 um; equal mass SiC diluent (200 um); ex-situ poisoned samples CuZnAl_S, _N, _Na, _Ca, _Fe"	"Bottled/commercial H2"	"Alkali / alkaline earth"	"Na (Na2CO3 precursor)"	"Not applicable"	"250"	"70"	"H2/CO2=3"	"6500"	"Initial after ~24 h"	"Normalized initial MeOH selectivity retention (% of untreated initial)"	"100"	"76.3"	"Not reported"	"-23.7"	"Calculated"	"No"	"Yes"	"Pre-poisoned catalyst comparison | Run/sample: CuZnAl_Na | Impurity source: ex-situ incipient-wetness impregnation | Reported concentration: 0.20 wt% nominal | Catalyst loading pre: 0.22 wt% | Catalyst loading post: 0.20 wt% | Cu-site blocking and basicity modification"	"PDF p.3 Table 1; PDF p.7 Fig.5"	"High"	"Modeling-ready for methanol-output model"	"No known duplicate"
"T1-003"	"T1-003-CA-CV"	"T1-003-REF-CV"	"Heracleous et al. 2022"	"Valorization of steel-work off-gases: Influence of impurities on the performance of Cu-based methanol synthesis catalyst"	"https://doi.org/10.1016/j.cej.2022.136571"	"CuO/ZnO/Al2O3"	"Clariant pellets 6x4 mm; ball-milled and sieved 250-350 um; equal mass SiC diluent (200 um); ex-situ poisoned samples CuZnAl_S, _N, _Na, _Ca, _Fe"	"Bottled/commercial H2"	"Alkali / alkaline earth"	"Ca (Ca nitrate precursor; CaCO3 detected)"	"Not applicable"	"250"	"70"	"H2/CO2=3"	"6500"	"Initial after ~24 h"	"Normalized initial CO2 conversion retention (% of untreated initial)"	"100"	"88.2"	"Not reported"	"-11.8"	"Calculated"	"No"	"Yes"	"Pre-poisoned catalyst comparison | Run/sample: CuZnAl_Ca | Impurity source: ex-situ incipient-wetness impregnation | Reported concentration: 0.15 wt% nominal | Catalyst loading pre: 0.13 wt% | Catalyst loading post: 0.12 wt% | Preferential surface segregation and Cu-site blocking"	"PDF p.3 Table 1; PDF p.7 Fig.4"	"High"	"Modeling-ready for normalized conversion submodel"	"No known duplicate"
"T1-003"	"T1-003-CA-MS"	"T1-003-REF-MS"	"Heracleous et al. 2022"	"Valorization of steel-work off-gases: Influence of impurities on the performance of Cu-based methanol synthesis catalyst"	"https://doi.org/10.1016/j.cej.2022.136571"	"CuO/ZnO/Al2O3"	"Clariant pellets 6x4 mm; ball-milled and sieved 250-350 um; equal mass SiC diluent (200 um); ex-situ poisoned samples CuZnAl_S, _N, _Na, _Ca, _Fe"	"Bottled/commercial H2"	"Alkali / alkaline earth"	"Ca (Ca nitrate precursor; CaCO3 detected)"	"Not applicable"	"250"	"70"	"H2/CO2=3"	"6500"	"Initial after ~24 h"	"Normalized initial MeOH selectivity retention (% of untreated initial)"	"100"	"86.9"	"Not reported"	"-13.1"	"Calculated"	"No"	"Yes"	"Pre-poisoned catalyst comparison | Run/sample: CuZnAl_Ca | Impurity source: ex-situ incipient-wetness impregnation | Reported concentration: 0.15 wt% nominal | Catalyst loading pre: 0.13 wt% | Catalyst loading post: 0.12 wt% | Surface segregation and active-site blocking"	"PDF p.3 Table 1; PDF p.7 Fig.5"	"High"	"Modeling-ready for methanol-output model"	"No known duplicate"
"T1-003"	"T1-003-FE-CV"	"T1-003-REF-CV"	"Heracleous et al. 2022"	"Valorization of steel-work off-gases: Influence of impurities on the performance of Cu-based methanol synthesis catalyst"	"https://doi.org/10.1016/j.cej.2022.136571"	"CuO/ZnO/Al2O3"	"Clariant pellets 6x4 mm; ball-milled and sieved 250-350 um; equal mass SiC diluent (200 um); ex-situ poisoned samples CuZnAl_S, _N, _Na, _Ca, _Fe"	"Bottled/commercial H2"	"Metal / metalloid"	"Fe (Fe nitrate precursor; Fe2O3 detected)"	"Not applicable"	"250"	"70"	"H2/CO2=3"	"6500"	"Initial after ~24 h"	"Normalized initial CO2 conversion retention (% of untreated initial)"	"100"	"82.1"	"Not reported"	"-17.9"	"Calculated"	"No"	"Yes"	"Pre-poisoned catalyst comparison | Run/sample: CuZnAl_Fe | Impurity source: ex-situ incipient-wetness impregnation | Reported concentration: 0.15 wt% nominal | Catalyst loading pre: 0.15 wt% | Catalyst loading post: 0.14 wt% | FeOx surface enrichment/capping layer and Cu-site coverage"	"PDF p.3 Table 1; PDF p.7 Fig.4"	"High"	"Modeling-ready for normalized conversion submodel"	"No known duplicate"
"T1-003"	"T1-003-FE-MS"	"T1-003-REF-MS"	"Heracleous et al. 2022"	"Valorization of steel-work off-gases: Influence of impurities on the performance of Cu-based methanol synthesis catalyst"	"https://doi.org/10.1016/j.cej.2022.136571"	"CuO/ZnO/Al2O3"	"Clariant pellets 6x4 mm; ball-milled and sieved 250-350 um; equal mass SiC diluent (200 um); ex-situ poisoned samples CuZnAl_S, _N, _Na, _Ca, _Fe"	"Bottled/commercial H2"	"Metal / metalloid"	"Fe (Fe nitrate precursor; Fe2O3 detected)"	"Not applicable"	"250"	"70"	"H2/CO2=3"	"6500"	"Initial after ~24 h"	"Normalized initial MeOH selectivity retention (% of untreated initial)"	"100"	"82.2"	"Not reported"	"-17.8"	"Calculated"	"No"	"Yes"	"Pre-poisoned catalyst comparison | Run/sample: CuZnAl_Fe | Impurity source: ex-situ incipient-wetness impregnation | Reported concentration: 0.15 wt% nominal | Catalyst loading pre: 0.15 wt% | Catalyst loading post: 0.14 wt% | FeOx surface enrichment and active-site blocking"	"PDF p.3 Table 1; PDF p.7 Fig.5"	"High"	"Modeling-ready for methanol-output model"	"No known duplicate"
"T1-004"	"T1-004-ETH"	"T1-004-LP-REF"	"He et al. 2020"	"Influence of Contaminants in Steel Mill Exhaust Gases on Cu/ZnO/Al2O3 Catalysts Applied in Methanol Synthesis"	"https://doi.org/10.1002/cite.202000045"	"Industrial Cu/ZnO/Al2O3"	"Clariant industrial catalyst; sieve fraction 250-355 um; 0.2-1.0 g depending setup (CEC1 0.5 g; CEC2 1.0 g; RUB1 0.3 g; RUB2 0.2 g)"	"Synthetic laboratory feed"	"Hydrocarbon"	"Ethane"	"10000"	"210"	"1"	"Syngas; detailed composition in SI"	"Not reported"	"45"	"Normalized XCOx (qualitative)"	"Not reported"	"No significant change"	"Initial conversion regained after switch back"	"Not calculated"	"Measured"	"Yes"	"No"	"Continuous impurity exposure | Run/sample: Ethane | Impurity source: separate co-feed | Reported concentration: 1 vol% | Catalyst loading pre: Not applicable wt% | Catalyst loading post: Not applicable wt% | Inert spectator; no C-C cracking/coking"	"PDF p.4 Fig.2a; PDF p.6 Table 2"	"Medium"	"Mechanism-only"	"No known duplicate"
"T1-004"	"T1-004-OCT"	"T1-004-LP-REF"	"He et al. 2020"	"Influence of Contaminants in Steel Mill Exhaust Gases on Cu/ZnO/Al2O3 Catalysts Applied in Methanol Synthesis"	"https://doi.org/10.1002/cite.202000045"	"Industrial Cu/ZnO/Al2O3"	"Clariant industrial catalyst; sieve fraction 250-355 um; 0.2-1.0 g depending setup (CEC1 0.5 g; CEC2 1.0 g; RUB1 0.3 g; RUB2 0.2 g)"	"Synthetic laboratory feed"	"Hydrocarbon"	"Octane"	"10000"	"210"	"1"	"Syngas; detailed composition in SI"	"Not reported"	"45"	"Normalized XCOx (qualitative)"	"Not reported"	"No significant change"	"Initial conversion regained after switch back"	"Not calculated"	"Measured"	"Yes"	"No"	"Continuous impurity exposure | Run/sample: Octane | Impurity source: separate co-feed | Reported concentration: 1 vol% | Catalyst loading pre: Not applicable wt% | Catalyst loading post: Not applicable wt% | Inert spectator"	"PDF p.4 Fig.2a; PDF p.6 Table 2"	"Medium"	"Mechanism-only"	"No known duplicate"
"T1-004"	"T1-004-CYC"	"T1-004-LP-REF"	"He et al. 2020"	"Influence of Contaminants in Steel Mill Exhaust Gases on Cu/ZnO/Al2O3 Catalysts Applied in Methanol Synthesis"	"https://doi.org/10.1002/cite.202000045"	"Industrial Cu/ZnO/Al2O3"	"Clariant industrial catalyst; sieve fraction 250-355 um; 0.2-1.0 g depending setup (CEC1 0.5 g; CEC2 1.0 g; RUB1 0.3 g; RUB2 0.2 g)"	"Synthetic laboratory feed"	"Hydrocarbon"	"Cyclohexane"	"10000"	"210"	"1"	"Syngas; detailed composition in SI"	"Not reported"	"45"	"Normalized XCOx (qualitative)"	"Not reported"	"No significant change"	"Initial conversion regained after switch back"	"Not calculated"	"Measured"	"Yes"	"No"	"Continuous impurity exposure | Run/sample: Cyclohexane | Impurity source: separate co-feed | Reported concentration: 1 vol% | Catalyst loading pre: Not applicable wt% | Catalyst loading post: Not applicable wt% | Inert spectator"	"PDF p.4 Fig.2a; PDF p.6 Table 2"	"Medium"	"Mechanism-only"	"No known duplicate"
"T1-004"	"T1-004-BENZ-LP"	"T1-004-LP-REF"	"He et al. 2020"	"Influence of Contaminants in Steel Mill Exhaust Gases on Cu/ZnO/Al2O3 Catalysts Applied in Methanol Synthesis"	"https://doi.org/10.1002/cite.202000045"	"Industrial Cu/ZnO/Al2O3"	"Clariant industrial catalyst; sieve fraction 250-355 um; 0.2-1.0 g depending setup (CEC1 0.5 g; CEC2 1.0 g; RUB1 0.3 g; RUB2 0.2 g)"	"Synthetic laboratory feed"	"Hydrocarbon"	"Benzene"	"10000"	"210"	"1"	"Syngas; detailed composition in SI"	"Not reported"	"45"	"Normalized XCOx (qualitative)"	"Not reported"	"No significant change"	"Initial conversion regained after switch back"	"Not calculated"	"Measured"	"Yes"	"No"	"Continuous impurity exposure | Run/sample: Benzene low pressure | Impurity source: separate co-feed | Reported concentration: 1 vol% | Catalyst loading pre: Not applicable wt% | Catalyst loading post: Not applicable wt% | Inert spectator"	"PDF p.4 Fig.2a; PDF p.6 Table 2"	"Medium"	"Mechanism-only"	"No known duplicate"
"T1-004"	"T1-004-BENZ-HP"	"T1-004-HP60-REF"	"He et al. 2020"	"Influence of Contaminants in Steel Mill Exhaust Gases on Cu/ZnO/Al2O3 Catalysts Applied in Methanol Synthesis"	"https://doi.org/10.1002/cite.202000045"	"Industrial Cu/ZnO/Al2O3"	"Clariant industrial catalyst; sieve fraction 250-355 um; 0.2-1.0 g depending setup (CEC1 0.5 g; CEC2 1.0 g; RUB1 0.3 g; RUB2 0.2 g)"	"Synthetic laboratory feed"	"Hydrocarbon"	"Benzene"	"300"	"210"	"60"	"Syngas; detailed composition in SI"	"Not reported"	"77"	"Methanol performance (qualitative)"	"Not reported"	"No effect reported"	"Not reported"	"Not calculated"	"Measured"	"Not reported"	"No"	"Continuous impurity exposure | Run/sample: Benzene high pressure | Impurity source: separate co-feed | Reported concentration: 0.03 vol% | Catalyst loading pre: Not applicable wt% | Catalyst loading post: Not applicable wt% | Inert spectator"	"PDF p.5 text; PDF p.6 Table 2"	"Medium"	"Mechanism-only"	"No known duplicate"
"T1-004"	"T1-004-TOL"	"T1-004-LP-REF"	"He et al. 2020"	"Influence of Contaminants in Steel Mill Exhaust Gases on Cu/ZnO/Al2O3 Catalysts Applied in Methanol Synthesis"	"https://doi.org/10.1002/cite.202000045"	"Industrial Cu/ZnO/Al2O3"	"Clariant industrial catalyst; sieve fraction 250-355 um; 0.2-1.0 g depending setup (CEC1 0.5 g; CEC2 1.0 g; RUB1 0.3 g; RUB2 0.2 g)"	"Synthetic laboratory feed"	"Hydrocarbon"	"Toluene"	"10000"	"210"	"1"	"Syngas; detailed composition in SI"	"Not reported"	"45"	"Normalized XCOx (qualitative)"	"Not reported"	"No significant change"	"Initial conversion regained after switch back"	"Not calculated"	"Measured"	"Yes"	"No"	"Continuous impurity exposure | Run/sample: Toluene | Impurity source: separate co-feed | Reported concentration: 1 vol% | Catalyst loading pre: Not applicable wt% | Catalyst loading post: Not applicable wt% | Inert spectator"	"PDF p.4 Fig.2a; PDF p.6 Table 2"	"Medium"	"Mechanism-only"	"No known duplicate"
"T1-004"	"T1-004-NH3-LP"	"T1-004-LP-REF"	"He et al. 2020"	"Influence of Contaminants in Steel Mill Exhaust Gases on Cu/ZnO/Al2O3 Catalysts Applied in Methanol Synthesis"	"https://doi.org/10.1002/cite.202000045"	"Industrial Cu/ZnO/Al2O3"	"Clariant industrial catalyst; sieve fraction 250-355 um; 0.2-1.0 g depending setup (CEC1 0.5 g; CEC2 1.0 g; RUB1 0.3 g; RUB2 0.2 g)"	"Synthetic laboratory feed"	"Nitrogen"	"NH3"	"3000"	"210"	"1"	"Syngas; detailed composition in SI"	"Not reported"	"5"	"Normalized XCOx (arbitrary normalized units)"	"Needs manual extraction"	"Needs manual extraction"	"Initial conversion regained"	"Not calculated"	"Measured"	"Yes"	"Yes"	"Continuous impurity exposure | Run/sample: NH3 low pressure | Impurity source: separate co-feed | Reported concentration: 0.3 vol% | Catalyst loading pre: Not applicable wt% | Catalyst loading post: Not applicable wt% | Reversible Lewis/Brønsted acid-base interaction suppressing methanol formation"	"PDF p.4 Fig.2b; PDF p.5 text; PDF p.6 Table 2"	"Medium"	"Needs graph digitization"	"No known duplicate"
"T1-004"	"T1-004-NH3-HP"	"T1-004-HP60-REF"	"He et al. 2020"	"Influence of Contaminants in Steel Mill Exhaust Gases on Cu/ZnO/Al2O3 Catalysts Applied in Methanol Synthesis"	"https://doi.org/10.1002/cite.202000045"	"Industrial Cu/ZnO/Al2O3"	"Clariant industrial catalyst; sieve fraction 250-355 um; 0.2-1.0 g depending setup (CEC1 0.5 g; CEC2 1.0 g; RUB1 0.3 g; RUB2 0.2 g)"	"Synthetic laboratory feed"	"Nitrogen"	"NH3"	"500"	"210"	"60"	"Syngas; detailed composition in SI"	"Not reported"	"165"	"Methanol performance (qualitative)"	"Not reported"	"Reversible inhibition reported"	"Initial activity regained"	"Not calculated"	"Measured"	"Yes"	"Yes"	"Continuous impurity exposure | Run/sample: NH3 high pressure | Impurity source: separate co-feed | Reported concentration: 0.05 vol% | Catalyst loading pre: Not applicable wt% | Catalyst loading post: Not applicable wt% | Reversible N poisoning; trimethylamine byproduct motivates removal"	"PDF p.5 text; PDF p.6 Table 2"	"Medium"	"Mechanism-only"	"No known duplicate"
"T1-004"	"T1-004-CHA"	"T1-004-LP-REF"	"He et al. 2020"	"Influence of Contaminants in Steel Mill Exhaust Gases on Cu/ZnO/Al2O3 Catalysts Applied in Methanol Synthesis"	"https://doi.org/10.1002/cite.202000045"	"Industrial Cu/ZnO/Al2O3"	"Clariant industrial catalyst; sieve fraction 250-355 um; 0.2-1.0 g depending setup (CEC1 0.5 g; CEC2 1.0 g; RUB1 0.3 g; RUB2 0.2 g)"	"Synthetic laboratory feed"	"Nitrogen"	"Cyclohexylamine"	"100"	"210"	"1"	"Syngas; detailed composition in SI"	"Not reported"	"6"	"Normalized XCOx (qualitative)"	"Not reported"	"Significant reversible decrease"	"Not reported"	"Not calculated"	"Measured"	"Yes"	"Yes"	"Continuous impurity exposure | Run/sample: Cyclohexylamine | Impurity source: separate co-feed | Reported concentration: 0.01 vol% | Catalyst loading pre: Not applicable wt% | Catalyst loading post: Not applicable wt% | Reversible N-containing poison"	"PDF p.5 text; PDF p.6 Table 2"	"Medium"	"Mechanism-only"	"No known duplicate"
"T1-004"	"T1-004-PYR"	"T1-004-LP-REF"	"He et al. 2020"	"Influence of Contaminants in Steel Mill Exhaust Gases on Cu/ZnO/Al2O3 Catalysts Applied in Methanol Synthesis"	"https://doi.org/10.1002/cite.202000045"	"Industrial Cu/ZnO/Al2O3"	"Clariant industrial catalyst; sieve fraction 250-355 um; 0.2-1.0 g depending setup (CEC1 0.5 g; CEC2 1.0 g; RUB1 0.3 g; RUB2 0.2 g)"	"Synthetic laboratory feed"	"Nitrogen"	"Pyridine"	"100"	"210"	"1"	"Syngas; detailed composition in SI"	"Not reported"	"9"	"Normalized XCOx (qualitative)"	"Not reported"	"Significant reversible decrease"	"Not reported"	"Not calculated"	"Measured"	"Yes"	"Yes"	"Continuous impurity exposure | Run/sample: Pyridine | Impurity source: separate co-feed | Reported concentration: 0.01 vol% | Catalyst loading pre: Not applicable wt% | Catalyst loading post: Not applicable wt% | Reversible N-containing poison"	"PDF p.5 text; PDF p.6 Table 2"	"Medium"	"Mechanism-only"	"No known duplicate"
"T1-004"	"T1-004-ACN"	"T1-004-LP-REF"	"He et al. 2020"	"Influence of Contaminants in Steel Mill Exhaust Gases on Cu/ZnO/Al2O3 Catalysts Applied in Methanol Synthesis"	"https://doi.org/10.1002/cite.202000045"	"Industrial Cu/ZnO/Al2O3"	"Clariant industrial catalyst; sieve fraction 250-355 um; 0.2-1.0 g depending setup (CEC1 0.5 g; CEC2 1.0 g; RUB1 0.3 g; RUB2 0.2 g)"	"Synthetic laboratory feed"	"Nitrogen"	"Acetonitrile"	"100"	"210"	"1"	"Syngas; detailed composition in SI"	"Not reported"	"6"	"Normalized XCOx (qualitative)"	"Not reported"	"Significant reversible decrease"	"Not reported"	"Not calculated"	"Measured"	"Yes"	"Yes"	"Continuous impurity exposure | Run/sample: Acetonitrile | Impurity source: separate co-feed | Reported concentration: 0.01 vol% | Catalyst loading pre: Not applicable wt% | Catalyst loading post: Not applicable wt% | Reversible N-containing poison"	"PDF p.5 text; PDF p.6 Table 2"	"Medium"	"Mechanism-only"	"No known duplicate"
"T1-004"	"T1-004-O2-100"	"T1-004-O2-REF"	"He et al. 2020"	"Influence of Contaminants in Steel Mill Exhaust Gases on Cu/ZnO/Al2O3 Catalysts Applied in Methanol Synthesis"	"https://doi.org/10.1002/cite.202000045"	"Industrial Cu/ZnO/Al2O3"	"Clariant industrial catalyst; sieve fraction 250-355 um; 0.2-1.0 g depending setup (CEC1 0.5 g; CEC2 1.0 g; RUB1 0.3 g; RUB2 0.2 g)"	"Synthetic laboratory feed"	"Oxygen"	"O2"	"100"	"200-250"	"30/50"	"Syngas; detailed composition in SI"	"Not reported"	"Not reported"	"Relative decrease of WTYMeOH during dosing (percentage points relative decrease)"	"0"	"-0.5"	"Not reported"	"Not applicable"	"Measured"	"Not reported"	"No clear cumulative activity effect"	"Continuous impurity exposure | Run/sample: O2 0.01% | Impurity source: separate co-feed | Reported concentration: 0.01 vol% | Catalyst loading pre: Not applicable wt% | Catalyst loading post: Not applicable wt% | Oxidation/hydrogenation to water; low dose has minimal effect"	"PDF p.5 results text"	"High"	"Modeling-ready for methanol-output model"	"No known duplicate"
"T1-004"	"T1-004-O2-200"	"T1-004-O2-REF"	"He et al. 2020"	"Influence of Contaminants in Steel Mill Exhaust Gases on Cu/ZnO/Al2O3 Catalysts Applied in Methanol Synthesis"	"https://doi.org/10.1002/cite.202000045"	"Industrial Cu/ZnO/Al2O3"	"Clariant industrial catalyst; sieve fraction 250-355 um; 0.2-1.0 g depending setup (CEC1 0.5 g; CEC2 1.0 g; RUB1 0.3 g; RUB2 0.2 g)"	"Synthetic laboratory feed"	"Oxygen"	"O2"	"200"	"200-250"	"30/50"	"Syngas; detailed composition in SI"	"Not reported"	"Not reported"	"Relative decrease of WTYMeOH during dosing (percentage points relative decrease)"	"0"	"-1.8"	"Not reported"	"Not applicable"	"Measured"	"Not reported"	"No clear cumulative activity effect"	"Continuous impurity exposure | Run/sample: O2 0.02% | Impurity source: separate co-feed | Reported concentration: 0.02 vol% | Catalyst loading pre: Not applicable wt% | Catalyst loading post: Not applicable wt% | Oxidation/hydrogenation to water; low dose has small effect"	"PDF p.5 results text"	"High"	"Modeling-ready for methanol-output model"	"No known duplicate"
"T1-004"	"T1-004-O2-LP"	"T1-004-LP-REF"	"He et al. 2020"	"Influence of Contaminants in Steel Mill Exhaust Gases on Cu/ZnO/Al2O3 Catalysts Applied in Methanol Synthesis"	"https://doi.org/10.1002/cite.202000045"	"Industrial Cu/ZnO/Al2O3"	"Clariant industrial catalyst; sieve fraction 250-355 um; 0.2-1.0 g depending setup (CEC1 0.5 g; CEC2 1.0 g; RUB1 0.3 g; RUB2 0.2 g)"	"Synthetic laboratory feed"	"Oxygen"	"O2"	"500"	"210"	"1"	"Syngas"	"Not reported"	"14"	"Normalized XCOx (arbitrary normalized units)"	"Needs manual extraction"	"Needs manual extraction"	"Initial conversion regained"	"Not calculated"	"Measured"	"Yes"	"Yes"	"Continuous impurity exposure and recovery | Run/sample: O2 low pressure | Impurity source: separate co-feed | Reported concentration: 0.05 vol% | Catalyst loading pre: Not applicable wt% | Catalyst loading post: Not applicable wt% | O2 hydrogenated to H2O faster than persistent oxidation at low partial pressure"	"PDF p.5 Fig.3a; PDF p.6 Table 2"	"Medium"	"Needs graph digitization"	"No known duplicate"
"T1-004"	"T1-004-O2-HP"	"T1-004-HP50-REF"	"He et al. 2020"	"Influence of Contaminants in Steel Mill Exhaust Gases on Cu/ZnO/Al2O3 Catalysts Applied in Methanol Synthesis"	"https://doi.org/10.1002/cite.202000045"	"Industrial Cu/ZnO/Al2O3"	"Clariant industrial catalyst; sieve fraction 250-355 um; 0.2-1.0 g depending setup (CEC1 0.5 g; CEC2 1.0 g; RUB1 0.3 g; RUB2 0.2 g)"	"Synthetic laboratory feed"	"Oxygen"	"O2"	"600"	"210"	"50"	"Syngas"	"Not reported"	"108"	"Normalized XCOx cumulative loss after dosing (% of pre-dose activity)"	"100"	"~93"	"~94"	"-7"	"Measured"	"No"	"Yes"	"Continuous impurity exposure and recovery | Run/sample: O2 high pressure | Impurity source: separate co-feed | Reported concentration: 0.06 vol% | Catalyst loading pre: Not applicable wt% | Catalyst loading post: Not applicable wt% | Partial oxidation of metallic catalyst phases; cumulative activity not restored"	"PDF p.5 Fig.4a; PDF p.6 results text"	"High"	"Modeling-ready for deactivation submodel"	"No known duplicate"
"T1-004"	"T1-004-H2S"	"T1-004-HP60-REF"	"He et al. 2020"	"Influence of Contaminants in Steel Mill Exhaust Gases on Cu/ZnO/Al2O3 Catalysts Applied in Methanol Synthesis"	"https://doi.org/10.1002/cite.202000045"	"Industrial Cu/ZnO/Al2O3"	"Clariant industrial catalyst; sieve fraction 250-355 um; 0.2-1.0 g depending setup (CEC1 0.5 g; CEC2 1.0 g; RUB1 0.3 g; RUB2 0.2 g)"	"Synthetic laboratory feed"	"Sulfur"	"H2S"	"50"	"210"	"60"	"Syngas; detailed composition in SI"	"Not reported"	"1000"	"Methanol performance (qualitative)"	"Not reported"	"Irreversible poisoning reported"	"Not reported"	"Not calculated"	"Measured"	"No"	"Yes"	"Long-term contaminated feed | Run/sample: H2S | Impurity source: separate co-feed | Reported concentration: 0.005 vol% | Catalyst loading pre: Not applicable wt% | Catalyst loading post: Not applicable wt% | Metal sulfide formation / irreversible sulfur poisoning"	"PDF p.6 Table 2 and conclusions"	"Medium"	"Mechanism-only"	"No known duplicate"
"T1-008"	"T1-008-AS-16655-28-660"	"T1-008-AS-16655-28-B1"	"Air Products/Eastman 2003"	"Removal of Trace Contaminants from Coal-Derived Synthesis Gas"	"Not reported"	"Alternative LPMEOH catalyst"	"Alternative commercial/process catalyst used at Kingsport since Oct. 1998; ~10 g oxide powder in ~120 g mineral oil for lab poisoning"	"Coal-derived syngas"	"Metal / metalloid"	"AsH3"	"0.66"	"250"	"51.71 barg"	"Shell Gas"	"~6000"	"<100 exposure; baseline >=150 typical"	"Catalyst deactivation rate (% per hour)"	"0.0775"	"0.14"	"~0"	"80.65"	"Calculated"	"No"	"Yes"	"Contaminant exposure | Run/sample: 16655-28 | Impurity source: secondary feed in 5% CO/95% H2 | Reported concentration: 660 ppb | Catalyst loading pre: Not applicable wt% | Catalyst loading post: 0.567 wt% As wt% | Dissociative adsorption and Cu3As formation; irreversible site loss though accelerated slope stops after removal"	"PDF p.13 Table 1; mechanism PDF p.14"	"High"	"Modeling-ready for deactivation submodel"	"No known duplicate"
"T1-008"	"T1-008-AS-16655-28-310"	"T1-008-AS-16655-28-R1"	"Air Products/Eastman 2003"	"Removal of Trace Contaminants from Coal-Derived Synthesis Gas"	"Not reported"	"Alternative LPMEOH catalyst"	"Alternative commercial/process catalyst used at Kingsport since Oct. 1998; ~10 g oxide powder in ~120 g mineral oil for lab poisoning"	"Coal-derived syngas"	"Metal / metalloid"	"AsH3"	"0.31"	"250"	"51.71 barg"	"Shell Gas"	"~6000"	"Not reported"	"Catalyst deactivation rate (% per hour)"	"~0"	"0.153"	"Not reported"	"Not calculated"	"Measured"	"No"	"Yes"	"Second concentration exposure | Run/sample: 16655-28 | Impurity source: secondary feed | Reported concentration: 310 ppb | Catalyst loading pre: Not applicable wt% | Catalyst loading post: Included in run total wt% | Cu3As formation"	"PDF p.13 Table 1"	"High"	"Modeling-ready for deactivation submodel"	"No known duplicate"
"T1-008"	"T1-008-AS-16655-44-578"	"T1-008-AS-16655-44-B1"	"Air Products/Eastman 2003"	"Removal of Trace Contaminants from Coal-Derived Synthesis Gas"	"Not reported"	"Alternative LPMEOH catalyst"	"Alternative commercial/process catalyst used at Kingsport since Oct. 1998; ~10 g oxide powder in ~120 g mineral oil for lab poisoning"	"Coal-derived syngas"	"Metal / metalloid"	"AsH3"	"0.578"	"250"	"51.71 barg"	"Kingsport Gas"	"~6000"	"Figure spans ~800 h"	"Catalyst deactivation rate (% per hour)"	"0.084"	"0.325"	"0.0784"	"286.9"	"Calculated"	"No"	"Yes"	"Concentration-series exposure | Run/sample: 16655-44 | Impurity source: secondary feed | Reported concentration: 578 ppb | Catalyst loading pre: Not applicable wt% | Catalyst loading post: 0.598 wt% As run total wt% | Cu3As formation; poisoning stops after removal but lost activity is not restored"	"PDF p.13 Table 1; PDF p.14 Fig.2"	"High"	"Modeling-ready for deactivation submodel"	"No known duplicate"
"T1-008"	"T1-008-AS-16655-44-248"	"T1-008-AS-16655-44-R1"	"Air Products/Eastman 2003"	"Removal of Trace Contaminants from Coal-Derived Synthesis Gas"	"Not reported"	"Alternative LPMEOH catalyst"	"Alternative commercial/process catalyst used at Kingsport since Oct. 1998; ~10 g oxide powder in ~120 g mineral oil for lab poisoning"	"Coal-derived syngas"	"Metal / metalloid"	"AsH3"	"0.248"	"250"	"51.71 barg"	"Kingsport Gas"	"~6000"	"Figure spans ~800 h"	"Catalyst deactivation rate (% per hour)"	"0.0784"	"0.206"	"0.085"	"162.76"	"Calculated"	"No"	"Yes"	"Concentration-series exposure | Run/sample: 16655-44 | Impurity source: secondary feed | Reported concentration: 248 ppb | Catalyst loading pre: Not applicable wt% | Catalyst loading post: Included in run total wt% | Cu3As formation"	"PDF p.13 Table 1; PDF p.14 Fig.2"	"High"	"Modeling-ready for deactivation submodel"	"No known duplicate"
"T1-008"	"T1-008-AS-16655-44-150"	"T1-008-AS-16655-44-R2"	"Air Products/Eastman 2003"	"Removal of Trace Contaminants from Coal-Derived Synthesis Gas"	"Not reported"	"Alternative LPMEOH catalyst"	"Alternative commercial/process catalyst used at Kingsport since Oct. 1998; ~10 g oxide powder in ~120 g mineral oil for lab poisoning"	"Coal-derived syngas"	"Metal / metalloid"	"AsH3"	"0.15"	"250"	"51.71 barg"	"Kingsport Gas"	"~6000"	"Figure spans ~800 h"	"Catalyst deactivation rate (% per hour)"	"0.085"	"0.19"	"Not reported"	"123.53"	"Calculated"	"No"	"Yes"	"Concentration-series exposure | Run/sample: 16655-44 | Impurity source: secondary feed | Reported concentration: 150 ppb | Catalyst loading pre: Not applicable wt% | Catalyst loading post: Included in run total wt% | Cu3As formation"	"PDF p.13 Table 1; PDF p.14 Fig.2"	"High"	"Modeling-ready for deactivation submodel"	"No known duplicate"
"T1-008"	"T1-008-AS-16655-58-38"	"T1-008-AS-16655-58-B1"	"Air Products/Eastman 2003"	"Removal of Trace Contaminants from Coal-Derived Synthesis Gas"	"Not reported"	"Alternative LPMEOH catalyst"	"Alternative commercial/process catalyst used at Kingsport since Oct. 1998; ~10 g oxide powder in ~120 g mineral oil for lab poisoning"	"Coal-derived syngas"	"Metal / metalloid"	"AsH3"	"0.038"	"250"	"51.71 barg"	"Kingsport Gas"	"~6000"	"Not reported"	"Catalyst deactivation rate (% per hour)"	"0.0354"	"0.0667"	"0.0651"	"88.42"	"Calculated"	"Not reported"	"No statistically resolved effect"	"Low-concentration exposure | Run/sample: 16655-58 | Impurity source: secondary feed | Reported concentration: 38 ppb | Catalyst loading pre: Not applicable wt% | Catalyst loading post: 0.0378 wt% As run total wt% | Cu3As expected; effect obscured by baseline scatter"	"PDF pp.12-13 Table 1 and results text"	"High"	"Modeling-ready for deactivation submodel (censored/no-effect label)"	"No known duplicate"
"T1-008"	"T1-008-AS-16655-58-76"	"T1-008-AS-16655-58-R1"	"Air Products/Eastman 2003"	"Removal of Trace Contaminants from Coal-Derived Synthesis Gas"	"Not reported"	"Alternative LPMEOH catalyst"	"Alternative commercial/process catalyst used at Kingsport since Oct. 1998; ~10 g oxide powder in ~120 g mineral oil for lab poisoning"	"Coal-derived syngas"	"Metal / metalloid"	"AsH3"	"0.076"	"250"	"51.71 barg"	"Kingsport Gas"	"~6000"	"Not reported"	"Catalyst deactivation rate (% per hour)"	"0.0651"	"0.0691"	"Not reported"	"6.14"	"Calculated"	"Not reported"	"No"	"Low-concentration exposure | Run/sample: 16655-58 | Impurity source: secondary feed | Reported concentration: 76 ppb | Catalyst loading pre: Not applicable wt% | Catalyst loading post: Included in run total wt% | Effect below laboratory resolution"	"PDF pp.12-13 Table 1 and results text"	"High"	"Modeling-ready for deactivation submodel (no-effect label)"	"No known duplicate"
"T1-008"	"T1-008-AS-16655-97-458"	"T1-008-AS-16655-97-B1"	"Air Products/Eastman 2003"	"Removal of Trace Contaminants from Coal-Derived Synthesis Gas"	"Not reported"	"Alternative LPMEOH catalyst"	"Alternative commercial/process catalyst used at Kingsport since Oct. 1998; ~10 g oxide powder in ~120 g mineral oil for lab poisoning"	"Coal-derived syngas"	"Metal / metalloid"	"AsH3"	"0.458"	"235"	"51.71 barg"	"Kingsport Gas"	"~6000"	"Not reported"	"Catalyst deactivation rate (% per hour)"	"0.0953"	"0.312"	"Not reported"	"227.39"	"Calculated"	"No"	"Yes"	"Contaminant exposure | Run/sample: 16655-97 | Impurity source: secondary feed | Reported concentration: 458 ppb | Catalyst loading pre: Not applicable wt% | Catalyst loading post: 0.172 wt% As wt% | Cu3As formation"	"PDF p.13 Table 1"	"High"	"Modeling-ready for deactivation submodel"	"No known duplicate"
"T1-008"	"T1-008-PH3-17716-81"	"T1-008-PH3-B1"	"Air Products/Eastman 2003"	"Removal of Trace Contaminants from Coal-Derived Synthesis Gas"	"Not reported"	"Alternative LPMEOH catalyst"	"Alternative commercial/process catalyst used at Kingsport since Oct. 1998; ~10 g oxide powder in ~120 g mineral oil for lab poisoning"	"Coal-derived syngas"	"Other"	"PH3"	"1.91"	"250"	"51.71 barg"	"Kingsport Gas"	"~6000"	"Recovery observed over 48 h"	"Catalyst deactivation rate (% per hour)"	"0.0096"	"0.256"	"~0"	"2566.67"	"Calculated"	"No"	"Yes"	"Contaminant exposure | Run/sample: 17716-81 | Impurity source: secondary feed | Reported concentration: 1.91 ppm | Catalyst loading pre: Not applicable wt% | Catalyst loading post: 0.158 wt% P wt% | Phosphide formation (Cu3P); irreversible cumulative site loss though accelerated poisoning stops"	"PDF pp.15-16 Table 4 and text"	"High"	"Modeling-ready for deactivation submodel"	"Duplicate dataset; use T1-006"
"T1-008"	"T1-008-COS-17716-60"	"T1-008-COS-B1"	"Air Products/Eastman 2003"	"Removal of Trace Contaminants from Coal-Derived Synthesis Gas"	"Not reported"	"Alternative LPMEOH catalyst"	"Alternative commercial/process catalyst used at Kingsport since Oct. 1998; ~10 g oxide powder in ~120 g mineral oil for lab poisoning"	"Coal-derived syngas"	"Sulfur"	"COS"	"2.75"	"250"	"51.71 barg"	"Kingsport Gas"	"~6000"	"Not reported"	"Catalyst deactivation rate (% per hour)"	"0.0717"	"0.5714"	"0.1899"	"696.93"	"Calculated"	"No"	"Yes"	"Contaminant exposure | Run/sample: 17716-60 | Impurity source: secondary feed | Reported concentration: 2.75 ppm | Catalyst loading pre: Not applicable wt% | Catalyst loading post: 0.3196 wt% S wt% | Hydrogenation/deposition to Cu2S followed by sulfur transfer to ZnO/ZnS; poisoning continues after removal"	"PDF p.17 Table 7; mechanism pp.18-19"	"High"	"Modeling-ready for deactivation submodel"	"Duplicate dataset; use T1-006"
"T1-008"	"T1-008-CS2-17716-45"	"T1-008-CS2-B1"	"Air Products/Eastman 2003"	"Removal of Trace Contaminants from Coal-Derived Synthesis Gas"	"Not reported"	"Alternative LPMEOH catalyst"	"Alternative commercial/process catalyst used at Kingsport since Oct. 1998; ~10 g oxide powder in ~120 g mineral oil for lab poisoning"	"Coal-derived syngas"	"Sulfur"	"CS2"	"2.07"	"250"	"51.71 barg"	"Kingsport Gas"	"~6000"	"Not reported"	"Catalyst deactivation rate (% per hour)"	"0.066"	"1.33"	"0.999"	"1915.15"	"Calculated"	"No"	"Yes"	"Contaminant exposure | Run/sample: 17716-45 | Impurity source: secondary feed | Reported concentration: 2.07 ppm | Catalyst loading pre: Not applicable wt% | Catalyst loading post: 0.4510 wt% S wt% | Cu2S formation and sulfur transfer to ZnO/ZnS; continued poisoning after removal"	"PDF p.17 Table 7; mechanism pp.18-19"	"High"	"Modeling-ready for deactivation submodel"	"Duplicate dataset; use T1-006"
"T1-008"	"T1-008-THIO-17716-40-1"	"T1-008-THIO-B1"	"Air Products/Eastman 2003"	"Removal of Trace Contaminants from Coal-Derived Synthesis Gas"	"Not reported"	"Alternative LPMEOH catalyst"	"Alternative commercial/process catalyst used at Kingsport since Oct. 1998; ~10 g oxide powder in ~120 g mineral oil for lab poisoning"	"Coal-derived syngas"	"Sulfur"	"Thiophene"	"1.61"	"250"	"51.71 barg"	"Kingsport Gas"	"~6000"	"Not reported"	"Catalyst deactivation rate (% per hour)"	"0.0803"	"1"	"0.0988"	"1145.33"	"Calculated"	"No"	"Yes"	"First thiophene exposure | Run/sample: 17716-40 | Impurity source: secondary feed | Reported concentration: 1.61 ppm | Catalyst loading pre: Not applicable wt% | Catalyst loading post: Included in 0.2280 wt% S run total wt% | Hydrogenation and Cu2S formation; post-removal slope statistically near baseline but activity loss remains"	"PDF p.17 Table 7; mechanism p.18"	"High"	"Modeling-ready for deactivation submodel"	"Duplicate dataset; use T1-006"
"T1-008"	"T1-008-THIO-17716-40-2"	"T1-008-THIO-R1"	"Air Products/Eastman 2003"	"Removal of Trace Contaminants from Coal-Derived Synthesis Gas"	"Not reported"	"Alternative LPMEOH catalyst"	"Alternative commercial/process catalyst used at Kingsport since Oct. 1998; ~10 g oxide powder in ~120 g mineral oil for lab poisoning"	"Coal-derived syngas"	"Sulfur"	"Thiophene"	"0.48"	"250"	"51.71 barg"	"Kingsport Gas"	"~6000"	"Not reported"	"Catalyst deactivation rate (% per hour)"	"0.0988"	"0.576"	"Not reported"	"483"	"Calculated"	"No"	"Yes"	"Second thiophene exposure | Run/sample: 17716-40 | Impurity source: secondary feed | Reported concentration: 0.48 ppm | Catalyst loading pre: Not applicable wt% | Catalyst loading post: Included in 0.2280 wt% S run total wt% | Hydrogenation and Cu2S formation"	"PDF p.17 Table 7"	"High"	"Modeling-ready for deactivation submodel"	"Duplicate dataset; use T1-006"
"T1-008"	"T1-008-CH3SCN-17716-49"	"T1-008-CH3SCN-B1"	"Air Products/Eastman 2003"	"Removal of Trace Contaminants from Coal-Derived Synthesis Gas"	"Not reported"	"Alternative LPMEOH catalyst"	"Alternative commercial/process catalyst used at Kingsport since Oct. 1998; ~10 g oxide powder in ~120 g mineral oil for lab poisoning"	"Coal-derived syngas"	"Sulfur"	"CH3SCN"	"2.14"	"250"	"51.71 barg"	"Kingsport Gas"	"~6000"	"Not reported"	"Catalyst deactivation rate (% per hour)"	"0.0374"	"0.674"	"0.323"	"1702.14"	"Calculated"	"No"	"Yes"	"Contaminant exposure | Run/sample: 17716-49 | Impurity source: secondary feed | Reported concentration: 2.14 ppm | Catalyst loading pre: Not applicable wt% | Catalyst loading post: 0.1930 wt% S wt% | Hydrogenation to Cu2S + HCN + CH4; continued poisoning after removal"	"PDF p.17 Table 7; mechanism p.18"	"High"	"Modeling-ready for deactivation submodel"	"Duplicate dataset; use T1-006"
"T1-008"	"T1-008-HCN-16655-39-K"	"T1-008-HCN-K-B1"	"Air Products/Eastman 2003"	"Removal of Trace Contaminants from Coal-Derived Synthesis Gas"	"Not reported"	"Alternative LPMEOH catalyst"	"Alternative commercial/process catalyst used at Kingsport since Oct. 1998; ~10 g oxide powder in ~120 g mineral oil for lab poisoning"	"Coal-derived syngas"	"Nitrogen"	"HCN"	"2.27/4.24"	"250"	"51.71 barg"	"Kingsport Gas"	"~6000"	"Not reported"	"Catalyst deactivation rate (% per hour)"	"0.042"	"0.039"	"Not reported"	"-7.14"	"Calculated"	"Not reported"	"No"	"Contaminant exposure | Run/sample: 16655-39 | Impurity source: secondary feed | Reported concentration: 2.27 and 4.24 ppm | Catalyst loading pre: Not applicable wt% | Catalyst loading post: Very little CN incorporated wt% | HCN hydrogenates to inert methylamine under methanol conditions"	"PDF pp.19-21 Table 10 and discussion"	"High"	"Modeling-ready for deactivation submodel (no-effect label)"	"Duplicate dataset; use T1-006"
"T1-008"	"T1-008-HCN-16655-39-S"	"T1-008-HCN-S-B1"	"Air Products/Eastman 2003"	"Removal of Trace Contaminants from Coal-Derived Synthesis Gas"	"Not reported"	"Alternative LPMEOH catalyst"	"Alternative commercial/process catalyst used at Kingsport since Oct. 1998; ~10 g oxide powder in ~120 g mineral oil for lab poisoning"	"Coal-derived syngas"	"Nitrogen"	"HCN"	"4.21"	"250"	"51.71 barg"	"Shell Gas"	"~6000"	"Not reported"	"Catalyst deactivation rate (% per hour)"	"~0"	"~0"	"Not reported"	"Not calculated"	"Measured"	"Not reported"	"No"	"Contaminant exposure | Run/sample: 16655-39 | Impurity source: secondary feed | Reported concentration: 4.21 ppm | Catalyst loading pre: Not applicable wt% | Catalyst loading post: Very little CN incorporated wt% | HCN hydrogenation to methylamine"	"PDF p.19 Table 10"	"High"	"Modeling-ready for deactivation submodel (no-effect label)"	"Duplicate dataset; use T1-006"
"T1-008"	"T1-008-HCN-16655-50"	"T1-008-HCN-50-B1"	"Air Products/Eastman 2003"	"Removal of Trace Contaminants from Coal-Derived Synthesis Gas"	"Not reported"	"Alternative LPMEOH catalyst"	"Alternative commercial/process catalyst used at Kingsport since Oct. 1998; ~10 g oxide powder in ~120 g mineral oil for lab poisoning"	"Coal-derived syngas"	"Nitrogen"	"HCN"	"6.57"	"250"	"51.71 barg"	"Kingsport Gas"	"~6000"	"Not reported"	"Catalyst deactivation rate (% per hour)"	"0.0438"	"0.059"	"Not reported"	"34.7"	"Calculated"	"Not reported"	"No"	"Contaminant exposure | Run/sample: 16655-50 | Impurity source: secondary feed | Reported concentration: 6.57 ppm | Catalyst loading pre: Not applicable wt% | Catalyst loading post: Very little CN incorporated wt% | HCN hydrogenation to methylamine"	"PDF pp.19-20 Table 10 and discussion"	"High"	"Modeling-ready for deactivation submodel (no-effect label)"	"Duplicate dataset; use T1-006"
"T1-008"	"T1-008-HCN-16655-68"	"T1-008-HCN-68-B1"	"Air Products/Eastman 2003"	"Removal of Trace Contaminants from Coal-Derived Synthesis Gas"	"Not reported"	"Alternative LPMEOH catalyst"	"Alternative commercial/process catalyst used at Kingsport since Oct. 1998; ~10 g oxide powder in ~120 g mineral oil for lab poisoning"	"Coal-derived syngas"	"Nitrogen"	"HCN"	"101.5"	"250"	"51.71 barg"	"Kingsport Gas"	"~6000"	"Not reported"	"Catalyst deactivation rate (% per hour)"	"0.0426"	"0.0569"	"Not reported"	"33.57"	"Calculated"	"Not reported"	"No"	"Contaminant exposure | Run/sample: 16655-68 | Impurity source: secondary feed | Reported concentration: 101.5 ppm | Catalyst loading pre: Not applicable wt% | Catalyst loading post: 97 ppmw CN (vs 99,465 ppmw calculated exposure) wt% | HCN hydrogenation to methylamine; negligible incorporation"	"PDF pp.19-20 Tables 10-11"	"High"	"Modeling-ready for deactivation submodel (no-effect label)"	"Duplicate dataset; use T1-006"
"T1-008"	"T1-008-CH3CN-17203-38"	"T1-008-CH3CN-B1"	"Air Products/Eastman 2003"	"Removal of Trace Contaminants from Coal-Derived Synthesis Gas"	"Not reported"	"Alternative LPMEOH catalyst"	"Alternative commercial/process catalyst used at Kingsport since Oct. 1998; ~10 g oxide powder in ~120 g mineral oil for lab poisoning"	"Coal-derived syngas"	"Nitrogen"	"CH3CN"	"11.5"	"250"	"51.71 barg"	"Kingsport Gas"	"~6000"	"Not reported"	"Catalyst deactivation rate (% per hour)"	"0.087"	"0.0895"	"Not reported"	"2.87"	"Calculated"	"Not reported"	"No"	"Contaminant exposure | Run/sample: 17203-38 | Impurity source: secondary feed | Reported concentration: 11.5 ppm | Catalyst loading pre: Not applicable wt% | Catalyst loading post: <73 ppmw CN wt% | Weak/no binding to metallic Cu under conditions"	"PDF pp.19-20 Tables 10-11"	"High"	"Modeling-ready for deactivation submodel (no-effect label)"	"Duplicate dataset; use T1-006"
"T1-008"	"T1-008-CH3NH2-17716-49"	"T1-008-CH3NH2-B1"	"Air Products/Eastman 2003"	"Removal of Trace Contaminants from Coal-Derived Synthesis Gas"	"Not reported"	"Alternative LPMEOH catalyst"	"Alternative commercial/process catalyst used at Kingsport since Oct. 1998; ~10 g oxide powder in ~120 g mineral oil for lab poisoning"	"Coal-derived syngas"	"Nitrogen"	"CH3NH2"	"2.52"	"250"	"51.71 barg"	"Kingsport Gas"	"~6000"	"Not reported"	"Catalyst deactivation rate (% per hour)"	"0.0803"	"0.0374"	"Not reported"	"-53.42"	"Calculated"	"Not reported"	"No"	"Contaminant exposure | Run/sample: 17716-49 | Impurity source: secondary feed | Reported concentration: 2.52 ppm | Catalyst loading pre: Not applicable wt% | Catalyst loading post: 64 ppmw N wt% | Weak/no binding to metallic Cu"	"PDF pp.19-20 Tables 10-11"	"High"	"Modeling-ready for deactivation submodel (no-effect label)"	"Duplicate dataset; use T1-006"
"T1-008"	"T1-008-CH3CL-17716-34"	"T1-008-CH3CL-B1"	"Air Products/Eastman 2003"	"Removal of Trace Contaminants from Coal-Derived Synthesis Gas"	"Not reported"	"Alternative LPMEOH catalyst"	"Alternative commercial/process catalyst used at Kingsport since Oct. 1998; ~10 g oxide powder in ~120 g mineral oil for lab poisoning"	"Coal-derived syngas"	"Halides"	"CH3Cl"	"2.01"	"250"	"51.71 barg"	"Kingsport Gas"	"~6000"	"84 h until post-removal slope approached 0.059; then 200 h"	"Catalyst deactivation rate (% per hour)"	"0.0311"	"0.657"	"0.169 initially; 0.059 after 84 h"	"2012.54"	"Calculated"	"No"	"Yes"	"Contaminant exposure | Run/sample: 17716-34 | Impurity source: secondary feed | Reported concentration: 2.01 ppm | Catalyst loading pre: Not applicable wt% | Catalyst loading post: 0.2650 wt% Cl wt% | Hydrogenation to CuCl/CH4, transfer as HCl to ZnO/ZnCl2; continued poisoning after removal; no restoration of lost activity"	"PDF pp.21-23 Table 14 and discussion"	"High"	"Modeling-ready for deactivation submodel"	"Duplicate dataset; use T1-006"
"T1-008"	"T1-008-CH3F-17716-52"	"T1-008-CH3F-B1"	"Air Products/Eastman 2003"	"Removal of Trace Contaminants from Coal-Derived Synthesis Gas"	"Not reported"	"Alternative LPMEOH catalyst"	"Alternative commercial/process catalyst used at Kingsport since Oct. 1998; ~10 g oxide powder in ~120 g mineral oil for lab poisoning"	"Coal-derived syngas"	"Halides"	"CH3F"	"2.55"	"250"	"51.71 barg"	"Kingsport Gas"	"~6000"	"Not reported"	"Catalyst deactivation rate (% per hour)"	"0.0853"	"0.272"	"0.0498"	"218.87"	"Calculated"	"No"	"Yes"	"Contaminant exposure | Run/sample: 17716-52 | Impurity source: secondary feed | Reported concentration: 2.55 ppm | Catalyst loading pre: Not applicable wt% | Catalyst loading post: 344 ppmw F wt% | Hydrogenation to CuF/CH4 then HF transfer to ZnO/ZnF2; accelerated poisoning stops after removal but lost activity not restored"	"PDF pp.21-23 Table 14 and discussion"	"High"	"Modeling-ready for deactivation submodel"	"Duplicate dataset; use T1-006"
"T1-008"	"T1-008-FECO5-17716-52"	"T1-008-FECO5-B1"	"Air Products/Eastman 2003"	"Removal of Trace Contaminants from Coal-Derived Synthesis Gas"	"Not reported"	"Alternative LPMEOH catalyst"	"Alternative commercial/process catalyst used at Kingsport since Oct. 1998; ~10 g oxide powder in ~120 g mineral oil for lab poisoning"	"Coal-derived syngas"	"Metal carbonyl"	"Fe(CO)5 (with lower Ni(CO)4 present)"	"5.63"	"250"	"51.71 barg"	"Kingsport Gas"	"~6000"	"Not reported"	"Catalyst deactivation rate (% per hour)"	"0.0498"	"7.12"	"Not obtainable (insufficient activity)"	"14197.19"	"Calculated"	"No"	"Yes"	"Mixed metal-carbonyl exposure dominated by Fe(CO)5 | Run/sample: 17716-52 | Impurity source: secondary feed | Reported concentration: 5.63 ppm Fe(CO)5; secondary gas also contained 0.73 ppm Ni(CO)4 before blending | Catalyst loading pre: Not applicable wt% | Catalyst loading post: 0.4290 wt% Fe; 41.7 ppmw Ni wt% | Metal-carbonyl decomposition and Fe deposition; dramatic activity loss without selectivity change"	"PDF pp.23-24 Table 17 and discussion"	"High"	"Modeling-ready for deactivation submodel (mixture caveat)"	"No known duplicate"
"T1-002"	"T1-002-MEA-CU"	"T1-002-MEA-CU-B"	"Henriksson 2016"	"Effect of impurities on hydrogenation of CO2"	"Not reported"	"CuO/ZnO"	"Cu: BASF, CuO 50-75 wt%, ZnO 15-20 wt%, pellets 1.5x1.5 mm, density 1.8 g/cm3, BET 64.8 m2/g. Ni: BASF, 15 wt% NiO, 0.2-0.3 mm. FeMn: impregnated 5Fe/5Mn/Al2O3 wt%, BET 200 m2/g. Low-alpha-Fe: precipitated atomic ratio 100Fe/4.6Si/2Cu/1.4K."	"Bottled/commercial H2"	"Nitrogen"	"Monoethanolamine (MEA) and thermal degradation products"	"573"	"296.7"	"1.013"	"150 mL/min H2; 1 mL CO2 pulses (33.4 umol CO2/gcat); catalyst mass 1.335 g"	"Not reported"	"At least 8 pulses per stage"	"CH4 formed per CO2 pulse (umol CH4/gcat)"	"1.3"	"1.5"	"1.1"	"15.385"	"Calculated"	"Partial"	"No; response increased"	"Pulse impurity exposure with recovery | Run/sample: MEA pulse CU | Impurity source: MEA bubbler in H2 carrier | Reported concentration: 573 ppm MEA in carrier gas | Selectivity modification proposed; recovery methane response fell slightly below initial"	"PDF p.55 method; pp.62-63 Tables 16-17; pp.64-71 discussion"	"High"	"Mechanism-only"	"No known duplicate"
"T1-002"	"T1-002-MEA-NI"	"T1-002-MEA-NI-B"	"Henriksson 2016"	"Effect of impurities on hydrogenation of CO2"	"Not reported"	"15 wt% NiO commercial Ni"	"Cu: BASF, CuO 50-75 wt%, ZnO 15-20 wt%, pellets 1.5x1.5 mm, density 1.8 g/cm3, BET 64.8 m2/g. Ni: BASF, 15 wt% NiO, 0.2-0.3 mm. FeMn: impregnated 5Fe/5Mn/Al2O3 wt%, BET 200 m2/g. Low-alpha-Fe: precipitated atomic ratio 100Fe/4.6Si/2Cu/1.4K."	"Bottled/commercial H2"	"Nitrogen"	"Monoethanolamine (MEA) and thermal degradation products"	"573"	"292.8"	"1.013"	"150 mL/min H2; 1 mL CO2 pulses (59.6 umol CO2/gcat); catalyst mass 0.748 g"	"Not reported"	"At least 8 pulses per stage"	"CH4 formed per CO2 pulse (umol CH4/gcat)"	"24.5"	"23"	"18.6"	"-6.122"	"Calculated"	"No"	"Yes"	"Pulse impurity exposure with recovery | Run/sample: MEA pulse NI | Impurity source: MEA bubbler in H2 carrier | Reported concentration: 573 ppm MEA in carrier gas | Author suggests continuing coking/deactivation because activity continued falling after MEA removal"	"PDF p.55 method; pp.62-63 Tables 16-17; pp.64-71 discussion"	"High"	"Mechanism-only"	"No known duplicate"
"T1-002"	"T1-002-MEA-FEMN"	"T1-002-MEA-FEMN-B"	"Henriksson 2016"	"Effect of impurities on hydrogenation of CO2"	"Not reported"	"5Fe/5Mn/Al2O3"	"Cu: BASF, CuO 50-75 wt%, ZnO 15-20 wt%, pellets 1.5x1.5 mm, density 1.8 g/cm3, BET 64.8 m2/g. Ni: BASF, 15 wt% NiO, 0.2-0.3 mm. FeMn: impregnated 5Fe/5Mn/Al2O3 wt%, BET 200 m2/g. Low-alpha-Fe: precipitated atomic ratio 100Fe/4.6Si/2Cu/1.4K."	"Bottled/commercial H2"	"Nitrogen"	"Monoethanolamine (MEA) and thermal degradation products"	"573"	"306.5"	"1.013"	"150 mL/min H2; 1 mL CO2 pulses (61 umol CO2/gcat); catalyst mass 0.731 g"	"Not reported"	"At least 8 pulses per stage"	"CH4 formed per CO2 pulse (umol CH4/gcat)"	"7.3"	"2.8"	"3"	"-61.644"	"Calculated"	"No"	"Yes"	"Pulse impurity exposure with recovery | Run/sample: MEA pulse FEMN | Impurity source: MEA bubbler in H2 carrier | Reported concentration: 573 ppm MEA in carrier gas | MEA degradation products such as NOx may oxidize active iron carbides to magnetite"	"PDF p.55 method; pp.62-63 Tables 16-17; pp.64-71 discussion"	"High"	"Mechanism-only"	"No known duplicate"
"T1-002"	"T1-002-MEA-LAF"	"T1-002-MEA-LAF-B"	"Henriksson 2016"	"Effect of impurities on hydrogenation of CO2"	"Not reported"	"100Fe/4.6Si/2Cu/1.4K"	"Cu: BASF, CuO 50-75 wt%, ZnO 15-20 wt%, pellets 1.5x1.5 mm, density 1.8 g/cm3, BET 64.8 m2/g. Ni: BASF, 15 wt% NiO, 0.2-0.3 mm. FeMn: impregnated 5Fe/5Mn/Al2O3 wt%, BET 200 m2/g. Low-alpha-Fe: precipitated atomic ratio 100Fe/4.6Si/2Cu/1.4K."	"Bottled/commercial H2"	"Nitrogen"	"Monoethanolamine (MEA) and thermal degradation products"	"573"	"301.6"	"1.013"	"150 mL/min H2; 1 mL CO2 pulses (45.6 umol CO2/gcat); catalyst mass 0.979 g"	"Not reported"	"At least 8 pulses per stage"	"CH4 formed per CO2 pulse (umol CH4/gcat)"	"7.5"	"9.7"	"7.5"	"29.333"	"Calculated"	"Yes"	"No; response increased"	"Pulse impurity exposure with recovery | Run/sample: MEA pulse LAF | Impurity source: MEA bubbler in H2 carrier | Reported concentration: 573 ppm MEA in carrier gas | Author proposes selectivity redistribution toward methane; response returned to initial after MEA removal"	"PDF p.55 method; pp.62-63 Tables 16-17; pp.64-71 discussion"	"High"	"Mechanism-only"	"No known duplicate"
"T1-002"	"T1-002-H2SP-CU-01"	"T1-002-H2SP-CU-B"	"Henriksson 2016"	"Effect of impurities on hydrogenation of CO2"	"Not reported"	"CuO/ZnO"	"Cu: BASF, CuO 50-75 wt%, ZnO 15-20 wt%, pellets 1.5x1.5 mm, density 1.8 g/cm3, BET 64.8 m2/g. Ni: BASF, 15 wt% NiO, 0.2-0.3 mm. FeMn: impregnated 5Fe/5Mn/Al2O3 wt%, BET 200 m2/g. Low-alpha-Fe: precipitated atomic ratio 100Fe/4.6Si/2Cu/1.4K."	"Bottled/commercial H2"	"Sulfur"	"H2S"	"99.2 in poison pulse"	"296.7"	"1.013"	"150 mL/min H2; 1 mL CO2 reaction pulses"	"Not reported"	"1 cumulative 1-mL poison-gas pulses"	"CH4 formed per CO2 pulse (umol CH4/gcat)"	"0.8"	"0.8"	"Not reported"	"0"	"Calculated"	"Not reported"	"No resolved decrease"	"Cumulative pulse poisoning | Run/sample: Cumulative H2S pulse series CU | Impurity source: 99.2 ppm H2S in N2 pulse gas | Reported concentration: 1 mL cumulative poison gas; 0.003 umol H2S/gcat | Cumulative sulfur poisoning; author treats TPD/pulse results as indicative rather than definitive"	"PDF pp.63-64 Tables 18-19"	"High"	"Mechanism-only"	"No known duplicate"
"T1-002"	"T1-002-H2SP-CU-02"	"T1-002-H2SP-CU-B"	"Henriksson 2016"	"Effect of impurities on hydrogenation of CO2"	"Not reported"	"CuO/ZnO"	"Cu: BASF, CuO 50-75 wt%, ZnO 15-20 wt%, pellets 1.5x1.5 mm, density 1.8 g/cm3, BET 64.8 m2/g. Ni: BASF, 15 wt% NiO, 0.2-0.3 mm. FeMn: impregnated 5Fe/5Mn/Al2O3 wt%, BET 200 m2/g. Low-alpha-Fe: precipitated atomic ratio 100Fe/4.6Si/2Cu/1.4K."	"Bottled/commercial H2"	"Sulfur"	"H2S"	"99.2 in poison pulse"	"296.7"	"1.013"	"150 mL/min H2; 1 mL CO2 reaction pulses"	"Not reported"	"2 cumulative 1-mL poison-gas pulses"	"CH4 formed per CO2 pulse (umol CH4/gcat)"	"0.8"	"0.7"	"Not reported"	"-12.5"	"Calculated"	"Not reported"	"Yes"	"Cumulative pulse poisoning | Run/sample: Cumulative H2S pulse series CU | Impurity source: 99.2 ppm H2S in N2 pulse gas | Reported concentration: 2 mL cumulative poison gas; 0.007 umol H2S/gcat | Cumulative sulfur poisoning; author treats TPD/pulse results as indicative rather than definitive"	"PDF pp.63-64 Tables 18-19"	"High"	"Mechanism-only"	"No known duplicate"
"T1-002"	"T1-002-H2SP-CU-04"	"T1-002-H2SP-CU-B"	"Henriksson 2016"	"Effect of impurities on hydrogenation of CO2"	"Not reported"	"CuO/ZnO"	"Cu: BASF, CuO 50-75 wt%, ZnO 15-20 wt%, pellets 1.5x1.5 mm, density 1.8 g/cm3, BET 64.8 m2/g. Ni: BASF, 15 wt% NiO, 0.2-0.3 mm. FeMn: impregnated 5Fe/5Mn/Al2O3 wt%, BET 200 m2/g. Low-alpha-Fe: precipitated atomic ratio 100Fe/4.6Si/2Cu/1.4K."	"Bottled/commercial H2"	"Sulfur"	"H2S"	"99.2 in poison pulse"	"296.7"	"1.013"	"150 mL/min H2; 1 mL CO2 reaction pulses"	"Not reported"	"4 cumulative 1-mL poison-gas pulses"	"CH4 formed per CO2 pulse (umol CH4/gcat)"	"0.8"	"0.6"	"Not reported"	"-25"	"Calculated"	"Not reported"	"Yes"	"Cumulative pulse poisoning | Run/sample: Cumulative H2S pulse series CU | Impurity source: 99.2 ppm H2S in N2 pulse gas | Reported concentration: 4 mL cumulative poison gas; 0.01 umol H2S/gcat | Cumulative sulfur poisoning; author treats TPD/pulse results as indicative rather than definitive"	"PDF pp.63-64 Tables 18-19"	"High"	"Mechanism-only"	"No known duplicate"
"T1-002"	"T1-002-H2SP-CU-06"	"T1-002-H2SP-CU-B"	"Henriksson 2016"	"Effect of impurities on hydrogenation of CO2"	"Not reported"	"CuO/ZnO"	"Cu: BASF, CuO 50-75 wt%, ZnO 15-20 wt%, pellets 1.5x1.5 mm, density 1.8 g/cm3, BET 64.8 m2/g. Ni: BASF, 15 wt% NiO, 0.2-0.3 mm. FeMn: impregnated 5Fe/5Mn/Al2O3 wt%, BET 200 m2/g. Low-alpha-Fe: precipitated atomic ratio 100Fe/4.6Si/2Cu/1.4K."	"Bottled/commercial H2"	"Sulfur"	"H2S"	"99.2 in poison pulse"	"296.7"	"1.013"	"150 mL/min H2; 1 mL CO2 reaction pulses"	"Not reported"	"6 cumulative 1-mL poison-gas pulses"	"CH4 formed per CO2 pulse (umol CH4/gcat)"	"0.8"	"0.6"	"Not reported"	"-25"	"Calculated"	"Not reported"	"Yes"	"Cumulative pulse poisoning | Run/sample: Cumulative H2S pulse series CU | Impurity source: 99.2 ppm H2S in N2 pulse gas | Reported concentration: 6 mL cumulative poison gas; 0.02 umol H2S/gcat | Cumulative sulfur poisoning; author treats TPD/pulse results as indicative rather than definitive"	"PDF pp.63-64 Tables 18-19"	"High"	"Mechanism-only"	"No known duplicate"
"T1-002"	"T1-002-H2SP-CU-09"	"T1-002-H2SP-CU-B"	"Henriksson 2016"	"Effect of impurities on hydrogenation of CO2"	"Not reported"	"CuO/ZnO"	"Cu: BASF, CuO 50-75 wt%, ZnO 15-20 wt%, pellets 1.5x1.5 mm, density 1.8 g/cm3, BET 64.8 m2/g. Ni: BASF, 15 wt% NiO, 0.2-0.3 mm. FeMn: impregnated 5Fe/5Mn/Al2O3 wt%, BET 200 m2/g. Low-alpha-Fe: precipitated atomic ratio 100Fe/4.6Si/2Cu/1.4K."	"Bottled/commercial H2"	"Sulfur"	"H2S"	"99.2 in poison pulse"	"296.7"	"1.013"	"150 mL/min H2; 1 mL CO2 reaction pulses"	"Not reported"	"9 cumulative 1-mL poison-gas pulses"	"CH4 formed per CO2 pulse (umol CH4/gcat)"	"0.8"	"0.6"	"Not reported"	"-25"	"Calculated"	"Not reported"	"Yes"	"Cumulative pulse poisoning | Run/sample: Cumulative H2S pulse series CU | Impurity source: 99.2 ppm H2S in N2 pulse gas | Reported concentration: 9 mL cumulative poison gas; 0.03 umol H2S/gcat | Cumulative sulfur poisoning; author treats TPD/pulse results as indicative rather than definitive"	"PDF pp.63-64 Tables 18-19"	"High"	"Mechanism-only"	"No known duplicate"
"T1-002"	"T1-002-H2SP-CU-14"	"T1-002-H2SP-CU-B"	"Henriksson 2016"	"Effect of impurities on hydrogenation of CO2"	"Not reported"	"CuO/ZnO"	"Cu: BASF, CuO 50-75 wt%, ZnO 15-20 wt%, pellets 1.5x1.5 mm, density 1.8 g/cm3, BET 64.8 m2/g. Ni: BASF, 15 wt% NiO, 0.2-0.3 mm. FeMn: impregnated 5Fe/5Mn/Al2O3 wt%, BET 200 m2/g. Low-alpha-Fe: precipitated atomic ratio 100Fe/4.6Si/2Cu/1.4K."	"Bottled/commercial H2"	"Sulfur"	"H2S"	"99.2 in poison pulse"	"296.7"	"1.013"	"150 mL/min H2; 1 mL CO2 reaction pulses"	"Not reported"	"14 cumulative 1-mL poison-gas pulses"	"CH4 formed per CO2 pulse (umol CH4/gcat)"	"0.8"	"0.6"	"Not reported"	"-25"	"Calculated"	"Not reported"	"Yes"	"Cumulative pulse poisoning | Run/sample: Cumulative H2S pulse series CU | Impurity source: 99.2 ppm H2S in N2 pulse gas | Reported concentration: 14 mL cumulative poison gas; 0.05 umol H2S/gcat | Cumulative sulfur poisoning; author treats TPD/pulse results as indicative rather than definitive"	"PDF pp.63-64 Tables 18-19"	"High"	"Mechanism-only"	"No known duplicate"
"T1-002"	"T1-002-H2SP-NI-01"	"T1-002-H2SP-NI-B"	"Henriksson 2016"	"Effect of impurities on hydrogenation of CO2"	"Not reported"	"15 wt% NiO commercial Ni"	"Cu: BASF, CuO 50-75 wt%, ZnO 15-20 wt%, pellets 1.5x1.5 mm, density 1.8 g/cm3, BET 64.8 m2/g. Ni: BASF, 15 wt% NiO, 0.2-0.3 mm. FeMn: impregnated 5Fe/5Mn/Al2O3 wt%, BET 200 m2/g. Low-alpha-Fe: precipitated atomic ratio 100Fe/4.6Si/2Cu/1.4K."	"Bottled/commercial H2"	"Sulfur"	"H2S"	"99.2 in poison pulse"	"292.8"	"1.013"	"150 mL/min H2; 1 mL CO2 reaction pulses"	"Not reported"	"1 cumulative 1-mL poison-gas pulses"	"CH4 formed per CO2 pulse (umol CH4/gcat)"	"18.9"	"17.8"	"Not reported"	"-5.82"	"Calculated"	"Not reported"	"Yes"	"Cumulative pulse poisoning | Run/sample: Cumulative H2S pulse series NI | Impurity source: 99.2 ppm H2S in N2 pulse gas | Reported concentration: 1 mL cumulative poison gas; 0.006 umol H2S/gcat | Cumulative sulfur poisoning; author treats TPD/pulse results as indicative rather than definitive"	"PDF pp.63-64 Tables 18-19"	"High"	"Mechanism-only"	"No known duplicate"
"T1-002"	"T1-002-H2SP-NI-02"	"T1-002-H2SP-NI-B"	"Henriksson 2016"	"Effect of impurities on hydrogenation of CO2"	"Not reported"	"15 wt% NiO commercial Ni"	"Cu: BASF, CuO 50-75 wt%, ZnO 15-20 wt%, pellets 1.5x1.5 mm, density 1.8 g/cm3, BET 64.8 m2/g. Ni: BASF, 15 wt% NiO, 0.2-0.3 mm. FeMn: impregnated 5Fe/5Mn/Al2O3 wt%, BET 200 m2/g. Low-alpha-Fe: precipitated atomic ratio 100Fe/4.6Si/2Cu/1.4K."	"Bottled/commercial H2"	"Sulfur"	"H2S"	"99.2 in poison pulse"	"292.8"	"1.013"	"150 mL/min H2; 1 mL CO2 reaction pulses"	"Not reported"	"2 cumulative 1-mL poison-gas pulses"	"CH4 formed per CO2 pulse (umol CH4/gcat)"	"18.9"	"17.5"	"Not reported"	"-7.407"	"Calculated"	"Not reported"	"Yes"	"Cumulative pulse poisoning | Run/sample: Cumulative H2S pulse series NI | Impurity source: 99.2 ppm H2S in N2 pulse gas | Reported concentration: 2 mL cumulative poison gas; 0.01 umol H2S/gcat | Cumulative sulfur poisoning; author treats TPD/pulse results as indicative rather than definitive"	"PDF pp.63-64 Tables 18-19"	"High"	"Mechanism-only"	"No known duplicate"
"T1-002"	"T1-002-H2SP-NI-04"	"T1-002-H2SP-NI-B"	"Henriksson 2016"	"Effect of impurities on hydrogenation of CO2"	"Not reported"	"15 wt% NiO commercial Ni"	"Cu: BASF, CuO 50-75 wt%, ZnO 15-20 wt%, pellets 1.5x1.5 mm, density 1.8 g/cm3, BET 64.8 m2/g. Ni: BASF, 15 wt% NiO, 0.2-0.3 mm. FeMn: impregnated 5Fe/5Mn/Al2O3 wt%, BET 200 m2/g. Low-alpha-Fe: precipitated atomic ratio 100Fe/4.6Si/2Cu/1.4K."	"Bottled/commercial H2"	"Sulfur"	"H2S"	"99.2 in poison pulse"	"292.8"	"1.013"	"150 mL/min H2; 1 mL CO2 reaction pulses"	"Not reported"	"4 cumulative 1-mL poison-gas pulses"	"CH4 formed per CO2 pulse (umol CH4/gcat)"	"18.9"	"16.9"	"Not reported"	"-10.582"	"Calculated"	"Not reported"	"Yes"	"Cumulative pulse poisoning | Run/sample: Cumulative H2S pulse series NI | Impurity source: 99.2 ppm H2S in N2 pulse gas | Reported concentration: 4 mL cumulative poison gas; 0.02 umol H2S/gcat | Cumulative sulfur poisoning; author treats TPD/pulse results as indicative rather than definitive"	"PDF pp.63-64 Tables 18-19"	"High"	"Mechanism-only"	"No known duplicate"
"T1-002"	"T1-002-H2SP-NI-06"	"T1-002-H2SP-NI-B"	"Henriksson 2016"	"Effect of impurities on hydrogenation of CO2"	"Not reported"	"15 wt% NiO commercial Ni"	"Cu: BASF, CuO 50-75 wt%, ZnO 15-20 wt%, pellets 1.5x1.5 mm, density 1.8 g/cm3, BET 64.8 m2/g. Ni: BASF, 15 wt% NiO, 0.2-0.3 mm. FeMn: impregnated 5Fe/5Mn/Al2O3 wt%, BET 200 m2/g. Low-alpha-Fe: precipitated atomic ratio 100Fe/4.6Si/2Cu/1.4K."	"Bottled/commercial H2"	"Sulfur"	"H2S"	"99.2 in poison pulse"	"292.8"	"1.013"	"150 mL/min H2; 1 mL CO2 reaction pulses"	"Not reported"	"6 cumulative 1-mL poison-gas pulses"	"CH4 formed per CO2 pulse (umol CH4/gcat)"	"18.9"	"16.5"	"Not reported"	"-12.698"	"Calculated"	"Not reported"	"Yes"	"Cumulative pulse poisoning | Run/sample: Cumulative H2S pulse series NI | Impurity source: 99.2 ppm H2S in N2 pulse gas | Reported concentration: 6 mL cumulative poison gas; 0.04 umol H2S/gcat | Cumulative sulfur poisoning; author treats TPD/pulse results as indicative rather than definitive"	"PDF pp.63-64 Tables 18-19"	"High"	"Mechanism-only"	"No known duplicate"
"T1-002"	"T1-002-H2SP-NI-09"	"T1-002-H2SP-NI-B"	"Henriksson 2016"	"Effect of impurities on hydrogenation of CO2"	"Not reported"	"15 wt% NiO commercial Ni"	"Cu: BASF, CuO 50-75 wt%, ZnO 15-20 wt%, pellets 1.5x1.5 mm, density 1.8 g/cm3, BET 64.8 m2/g. Ni: BASF, 15 wt% NiO, 0.2-0.3 mm. FeMn: impregnated 5Fe/5Mn/Al2O3 wt%, BET 200 m2/g. Low-alpha-Fe: precipitated atomic ratio 100Fe/4.6Si/2Cu/1.4K."	"Bottled/commercial H2"	"Sulfur"	"H2S"	"99.2 in poison pulse"	"292.8"	"1.013"	"150 mL/min H2; 1 mL CO2 reaction pulses"	"Not reported"	"9 cumulative 1-mL poison-gas pulses"	"CH4 formed per CO2 pulse (umol CH4/gcat)"	"18.9"	"16.4"	"Not reported"	"-13.228"	"Calculated"	"Not reported"	"Yes"	"Cumulative pulse poisoning | Run/sample: Cumulative H2S pulse series NI | Impurity source: 99.2 ppm H2S in N2 pulse gas | Reported concentration: 9 mL cumulative poison gas; 0.05 umol H2S/gcat | Cumulative sulfur poisoning; author treats TPD/pulse results as indicative rather than definitive"	"PDF pp.63-64 Tables 18-19"	"High"	"Mechanism-only"	"No known duplicate"
"T1-002"	"T1-002-H2SP-NI-14"	"T1-002-H2SP-NI-B"	"Henriksson 2016"	"Effect of impurities on hydrogenation of CO2"	"Not reported"	"15 wt% NiO commercial Ni"	"Cu: BASF, CuO 50-75 wt%, ZnO 15-20 wt%, pellets 1.5x1.5 mm, density 1.8 g/cm3, BET 64.8 m2/g. Ni: BASF, 15 wt% NiO, 0.2-0.3 mm. FeMn: impregnated 5Fe/5Mn/Al2O3 wt%, BET 200 m2/g. Low-alpha-Fe: precipitated atomic ratio 100Fe/4.6Si/2Cu/1.4K."	"Bottled/commercial H2"	"Sulfur"	"H2S"	"99.2 in poison pulse"	"292.8"	"1.013"	"150 mL/min H2; 1 mL CO2 reaction pulses"	"Not reported"	"14 cumulative 1-mL poison-gas pulses"	"CH4 formed per CO2 pulse (umol CH4/gcat)"	"18.9"	"15.2"	"Not reported"	"-19.577"	"Calculated"	"Not reported"	"Yes"	"Cumulative pulse poisoning | Run/sample: Cumulative H2S pulse series NI | Impurity source: 99.2 ppm H2S in N2 pulse gas | Reported concentration: 14 mL cumulative poison gas; 0.08 umol H2S/gcat | Cumulative sulfur poisoning; author treats TPD/pulse results as indicative rather than definitive"	"PDF pp.63-64 Tables 18-19"	"High"	"Mechanism-only"	"No known duplicate"
"T1-002"	"T1-002-H2SP-NI-20"	"T1-002-H2SP-NI-B"	"Henriksson 2016"	"Effect of impurities on hydrogenation of CO2"	"Not reported"	"15 wt% NiO commercial Ni"	"Cu: BASF, CuO 50-75 wt%, ZnO 15-20 wt%, pellets 1.5x1.5 mm, density 1.8 g/cm3, BET 64.8 m2/g. Ni: BASF, 15 wt% NiO, 0.2-0.3 mm. FeMn: impregnated 5Fe/5Mn/Al2O3 wt%, BET 200 m2/g. Low-alpha-Fe: precipitated atomic ratio 100Fe/4.6Si/2Cu/1.4K."	"Bottled/commercial H2"	"Sulfur"	"H2S"	"99.2 in poison pulse"	"292.8"	"1.013"	"150 mL/min H2; 1 mL CO2 reaction pulses"	"Not reported"	"20 cumulative 1-mL poison-gas pulses"	"CH4 formed per CO2 pulse (umol CH4/gcat)"	"18.9"	"14.8"	"Not reported"	"-21.693"	"Calculated"	"Not reported"	"Yes"	"Cumulative pulse poisoning | Run/sample: Cumulative H2S pulse series NI | Impurity source: 99.2 ppm H2S in N2 pulse gas | Reported concentration: 20 mL cumulative poison gas; 0.12 umol H2S/gcat | Cumulative sulfur poisoning; author treats TPD/pulse results as indicative rather than definitive"	"PDF pp.63-64 Tables 18-19"	"High"	"Mechanism-only"	"No known duplicate"
"T1-002"	"T1-002-H2SP-NI-25"	"T1-002-H2SP-NI-B"	"Henriksson 2016"	"Effect of impurities on hydrogenation of CO2"	"Not reported"	"15 wt% NiO commercial Ni"	"Cu: BASF, CuO 50-75 wt%, ZnO 15-20 wt%, pellets 1.5x1.5 mm, density 1.8 g/cm3, BET 64.8 m2/g. Ni: BASF, 15 wt% NiO, 0.2-0.3 mm. FeMn: impregnated 5Fe/5Mn/Al2O3 wt%, BET 200 m2/g. Low-alpha-Fe: precipitated atomic ratio 100Fe/4.6Si/2Cu/1.4K."	"Bottled/commercial H2"	"Sulfur"	"H2S"	"99.2 in poison pulse"	"292.8"	"1.013"	"150 mL/min H2; 1 mL CO2 reaction pulses"	"Not reported"	"25 cumulative 1-mL poison-gas pulses"	"CH4 formed per CO2 pulse (umol CH4/gcat)"	"18.9"	"14.4"	"Not reported"	"-23.81"	"Calculated"	"Not reported"	"Yes"	"Cumulative pulse poisoning | Run/sample: Cumulative H2S pulse series NI | Impurity source: 99.2 ppm H2S in N2 pulse gas | Reported concentration: 25 mL cumulative poison gas; 0.15 umol H2S/gcat | Cumulative sulfur poisoning; author treats TPD/pulse results as indicative rather than definitive"	"PDF pp.63-64 Tables 18-19"	"High"	"Mechanism-only"	"No known duplicate"
"T1-002"	"T1-002-H2SP-FEMN-01"	"T1-002-H2SP-FEMN-B"	"Henriksson 2016"	"Effect of impurities on hydrogenation of CO2"	"Not reported"	"5Fe/5Mn/Al2O3"	"Cu: BASF, CuO 50-75 wt%, ZnO 15-20 wt%, pellets 1.5x1.5 mm, density 1.8 g/cm3, BET 64.8 m2/g. Ni: BASF, 15 wt% NiO, 0.2-0.3 mm. FeMn: impregnated 5Fe/5Mn/Al2O3 wt%, BET 200 m2/g. Low-alpha-Fe: precipitated atomic ratio 100Fe/4.6Si/2Cu/1.4K."	"Bottled/commercial H2"	"Sulfur"	"H2S"	"99.2 in poison pulse"	"306.5"	"1.013"	"150 mL/min H2; 1 mL CO2 reaction pulses"	"Not reported"	"1 cumulative 1-mL poison-gas pulses"	"CH4 formed per CO2 pulse (umol CH4/gcat)"	"2.2"	"2.2"	"Not reported"	"0"	"Calculated"	"Not reported"	"No resolved decrease"	"Cumulative pulse poisoning | Run/sample: Cumulative H2S pulse series FEMN | Impurity source: 99.2 ppm H2S in N2 pulse gas | Reported concentration: 1 mL cumulative poison gas; 0.006 umol H2S/gcat | Cumulative sulfur poisoning; author treats TPD/pulse results as indicative rather than definitive"	"PDF pp.63-64 Tables 18-19"	"High"	"Mechanism-only"	"No known duplicate"
"T1-002"	"T1-002-H2SP-FEMN-02"	"T1-002-H2SP-FEMN-B"	"Henriksson 2016"	"Effect of impurities on hydrogenation of CO2"	"Not reported"	"5Fe/5Mn/Al2O3"	"Cu: BASF, CuO 50-75 wt%, ZnO 15-20 wt%, pellets 1.5x1.5 mm, density 1.8 g/cm3, BET 64.8 m2/g. Ni: BASF, 15 wt% NiO, 0.2-0.3 mm. FeMn: impregnated 5Fe/5Mn/Al2O3 wt%, BET 200 m2/g. Low-alpha-Fe: precipitated atomic ratio 100Fe/4.6Si/2Cu/1.4K."	"Bottled/commercial H2"	"Sulfur"	"H2S"	"99.2 in poison pulse"	"306.5"	"1.013"	"150 mL/min H2; 1 mL CO2 reaction pulses"	"Not reported"	"2 cumulative 1-mL poison-gas pulses"	"CH4 formed per CO2 pulse (umol CH4/gcat)"	"2.2"	"2.1"	"Not reported"	"-4.545"	"Calculated"	"Not reported"	"Yes"	"Cumulative pulse poisoning | Run/sample: Cumulative H2S pulse series FEMN | Impurity source: 99.2 ppm H2S in N2 pulse gas | Reported concentration: 2 mL cumulative poison gas; 0.01 umol H2S/gcat | Cumulative sulfur poisoning; author treats TPD/pulse results as indicative rather than definitive"	"PDF pp.63-64 Tables 18-19"	"High"	"Mechanism-only"	"No known duplicate"
"T1-002"	"T1-002-H2SP-FEMN-04"	"T1-002-H2SP-FEMN-B"	"Henriksson 2016"	"Effect of impurities on hydrogenation of CO2"	"Not reported"	"5Fe/5Mn/Al2O3"	"Cu: BASF, CuO 50-75 wt%, ZnO 15-20 wt%, pellets 1.5x1.5 mm, density 1.8 g/cm3, BET 64.8 m2/g. Ni: BASF, 15 wt% NiO, 0.2-0.3 mm. FeMn: impregnated 5Fe/5Mn/Al2O3 wt%, BET 200 m2/g. Low-alpha-Fe: precipitated atomic ratio 100Fe/4.6Si/2Cu/1.4K."	"Bottled/commercial H2"	"Sulfur"	"H2S"	"99.2 in poison pulse"	"306.5"	"1.013"	"150 mL/min H2; 1 mL CO2 reaction pulses"	"Not reported"	"4 cumulative 1-mL poison-gas pulses"	"CH4 formed per CO2 pulse (umol CH4/gcat)"	"2.2"	"2"	"Not reported"	"-9.091"	"Calculated"	"Not reported"	"Yes"	"Cumulative pulse poisoning | Run/sample: Cumulative H2S pulse series FEMN | Impurity source: 99.2 ppm H2S in N2 pulse gas | Reported concentration: 4 mL cumulative poison gas; 0.02 umol H2S/gcat | Cumulative sulfur poisoning; author treats TPD/pulse results as indicative rather than definitive"	"PDF pp.63-64 Tables 18-19"	"High"	"Mechanism-only"	"No known duplicate"
"T1-002"	"T1-002-H2SP-FEMN-06"	"T1-002-H2SP-FEMN-B"	"Henriksson 2016"	"Effect of impurities on hydrogenation of CO2"	"Not reported"	"5Fe/5Mn/Al2O3"	"Cu: BASF, CuO 50-75 wt%, ZnO 15-20 wt%, pellets 1.5x1.5 mm, density 1.8 g/cm3, BET 64.8 m2/g. Ni: BASF, 15 wt% NiO, 0.2-0.3 mm. FeMn: impregnated 5Fe/5Mn/Al2O3 wt%, BET 200 m2/g. Low-alpha-Fe: precipitated atomic ratio 100Fe/4.6Si/2Cu/1.4K."	"Bottled/commercial H2"	"Sulfur"	"H2S"	"99.2 in poison pulse"	"306.5"	"1.013"	"150 mL/min H2; 1 mL CO2 reaction pulses"	"Not reported"	"6 cumulative 1-mL poison-gas pulses"	"CH4 formed per CO2 pulse (umol CH4/gcat)"	"2.2"	"1.9"	"Not reported"	"-13.636"	"Calculated"	"Not reported"	"Yes"	"Cumulative pulse poisoning | Run/sample: Cumulative H2S pulse series FEMN | Impurity source: 99.2 ppm H2S in N2 pulse gas | Reported concentration: 6 mL cumulative poison gas; 0.4 umol H2S/gcat | Cumulative sulfur poisoning; author treats TPD/pulse results as indicative rather than definitive"	"PDF pp.63-64 Tables 18-19"	"High"	"Mechanism-only"	"No known duplicate"
"T1-002"	"T1-002-H2SP-FEMN-09"	"T1-002-H2SP-FEMN-B"	"Henriksson 2016"	"Effect of impurities on hydrogenation of CO2"	"Not reported"	"5Fe/5Mn/Al2O3"	"Cu: BASF, CuO 50-75 wt%, ZnO 15-20 wt%, pellets 1.5x1.5 mm, density 1.8 g/cm3, BET 64.8 m2/g. Ni: BASF, 15 wt% NiO, 0.2-0.3 mm. FeMn: impregnated 5Fe/5Mn/Al2O3 wt%, BET 200 m2/g. Low-alpha-Fe: precipitated atomic ratio 100Fe/4.6Si/2Cu/1.4K."	"Bottled/commercial H2"	"Sulfur"	"H2S"	"99.2 in poison pulse"	"306.5"	"1.013"	"150 mL/min H2; 1 mL CO2 reaction pulses"	"Not reported"	"9 cumulative 1-mL poison-gas pulses"	"CH4 formed per CO2 pulse (umol CH4/gcat)"	"2.2"	"2"	"Not reported"	"-9.091"	"Calculated"	"Not reported"	"Yes"	"Cumulative pulse poisoning | Run/sample: Cumulative H2S pulse series FEMN | Impurity source: 99.2 ppm H2S in N2 pulse gas | Reported concentration: 9 mL cumulative poison gas; 0.05 umol H2S/gcat | Cumulative sulfur poisoning; author treats TPD/pulse results as indicative rather than definitive"	"PDF pp.63-64 Tables 18-19"	"High"	"Mechanism-only"	"No known duplicate"
"T1-002"	"T1-002-H2SP-FEMN-14"	"T1-002-H2SP-FEMN-B"	"Henriksson 2016"	"Effect of impurities on hydrogenation of CO2"	"Not reported"	"5Fe/5Mn/Al2O3"	"Cu: BASF, CuO 50-75 wt%, ZnO 15-20 wt%, pellets 1.5x1.5 mm, density 1.8 g/cm3, BET 64.8 m2/g. Ni: BASF, 15 wt% NiO, 0.2-0.3 mm. FeMn: impregnated 5Fe/5Mn/Al2O3 wt%, BET 200 m2/g. Low-alpha-Fe: precipitated atomic ratio 100Fe/4.6Si/2Cu/1.4K."	"Bottled/commercial H2"	"Sulfur"	"H2S"	"99.2 in poison pulse"	"306.5"	"1.013"	"150 mL/min H2; 1 mL CO2 reaction pulses"	"Not reported"	"14 cumulative 1-mL poison-gas pulses"	"CH4 formed per CO2 pulse (umol CH4/gcat)"	"2.2"	"2"	"Not reported"	"-9.091"	"Calculated"	"Not reported"	"Yes"	"Cumulative pulse poisoning | Run/sample: Cumulative H2S pulse series FEMN | Impurity source: 99.2 ppm H2S in N2 pulse gas | Reported concentration: 14 mL cumulative poison gas; 0.09 umol H2S/gcat | Cumulative sulfur poisoning; author treats TPD/pulse results as indicative rather than definitive"	"PDF pp.63-64 Tables 18-19"	"High"	"Mechanism-only"	"No known duplicate"
"T1-002"	"T1-002-H2SP-FEMN-20"	"T1-002-H2SP-FEMN-B"	"Henriksson 2016"	"Effect of impurities on hydrogenation of CO2"	"Not reported"	"5Fe/5Mn/Al2O3"	"Cu: BASF, CuO 50-75 wt%, ZnO 15-20 wt%, pellets 1.5x1.5 mm, density 1.8 g/cm3, BET 64.8 m2/g. Ni: BASF, 15 wt% NiO, 0.2-0.3 mm. FeMn: impregnated 5Fe/5Mn/Al2O3 wt%, BET 200 m2/g. Low-alpha-Fe: precipitated atomic ratio 100Fe/4.6Si/2Cu/1.4K."	"Bottled/commercial H2"	"Sulfur"	"H2S"	"99.2 in poison pulse"	"306.5"	"1.013"	"150 mL/min H2; 1 mL CO2 reaction pulses"	"Not reported"	"20 cumulative 1-mL poison-gas pulses"	"CH4 formed per CO2 pulse (umol CH4/gcat)"	"2.2"	"2"	"Not reported"	"-9.091"	"Calculated"	"Not reported"	"Yes"	"Cumulative pulse poisoning | Run/sample: Cumulative H2S pulse series FEMN | Impurity source: 99.2 ppm H2S in N2 pulse gas | Reported concentration: 20 mL cumulative poison gas; 0.12 umol H2S/gcat | Cumulative sulfur poisoning; author treats TPD/pulse results as indicative rather than definitive"	"PDF pp.63-64 Tables 18-19"	"High"	"Mechanism-only"	"No known duplicate"
"T1-002"	"T1-002-H2SP-FEMN-25"	"T1-002-H2SP-FEMN-B"	"Henriksson 2016"	"Effect of impurities on hydrogenation of CO2"	"Not reported"	"5Fe/5Mn/Al2O3"	"Cu: BASF, CuO 50-75 wt%, ZnO 15-20 wt%, pellets 1.5x1.5 mm, density 1.8 g/cm3, BET 64.8 m2/g. Ni: BASF, 15 wt% NiO, 0.2-0.3 mm. FeMn: impregnated 5Fe/5Mn/Al2O3 wt%, BET 200 m2/g. Low-alpha-Fe: precipitated atomic ratio 100Fe/4.6Si/2Cu/1.4K."	"Bottled/commercial H2"	"Sulfur"	"H2S"	"99.2 in poison pulse"	"306.5"	"1.013"	"150 mL/min H2; 1 mL CO2 reaction pulses"	"Not reported"	"25 cumulative 1-mL poison-gas pulses"	"CH4 formed per CO2 pulse (umol CH4/gcat)"	"2.2"	"1.8"	"Not reported"	"-18.182"	"Calculated"	"Not reported"	"Yes"	"Cumulative pulse poisoning | Run/sample: Cumulative H2S pulse series FEMN | Impurity source: 99.2 ppm H2S in N2 pulse gas | Reported concentration: 25 mL cumulative poison gas; 0.15 umol H2S/gcat | Cumulative sulfur poisoning; author treats TPD/pulse results as indicative rather than definitive"	"PDF pp.63-64 Tables 18-19"	"High"	"Mechanism-only"	"No known duplicate"
"T1-002"	"T1-002-H2SP-LAF-01"	"T1-002-H2SP-LAF-B"	"Henriksson 2016"	"Effect of impurities on hydrogenation of CO2"	"Not reported"	"100Fe/4.6Si/2Cu/1.4K"	"Cu: BASF, CuO 50-75 wt%, ZnO 15-20 wt%, pellets 1.5x1.5 mm, density 1.8 g/cm3, BET 64.8 m2/g. Ni: BASF, 15 wt% NiO, 0.2-0.3 mm. FeMn: impregnated 5Fe/5Mn/Al2O3 wt%, BET 200 m2/g. Low-alpha-Fe: precipitated atomic ratio 100Fe/4.6Si/2Cu/1.4K."	"Bottled/commercial H2"	"Sulfur"	"H2S"	"99.2 in poison pulse"	"301.6"	"1.013"	"150 mL/min H2; 1 mL CO2 reaction pulses"	"Not reported"	"1 cumulative 1-mL poison-gas pulses"	"CH4 formed per CO2 pulse (umol CH4/gcat)"	"6.7"	"6.6"	"Not reported"	"-1.493"	"Calculated"	"Not reported"	"Yes"	"Cumulative pulse poisoning | Run/sample: Cumulative H2S pulse series LAF | Impurity source: 99.2 ppm H2S in N2 pulse gas | Reported concentration: 1 mL cumulative poison gas; 0.005 umol H2S/gcat | Cumulative sulfur poisoning; author treats TPD/pulse results as indicative rather than definitive"	"PDF pp.63-64 Tables 18-19"	"High"	"Mechanism-only"	"No known duplicate"
"T1-002"	"T1-002-H2SP-LAF-02"	"T1-002-H2SP-LAF-B"	"Henriksson 2016"	"Effect of impurities on hydrogenation of CO2"	"Not reported"	"100Fe/4.6Si/2Cu/1.4K"	"Cu: BASF, CuO 50-75 wt%, ZnO 15-20 wt%, pellets 1.5x1.5 mm, density 1.8 g/cm3, BET 64.8 m2/g. Ni: BASF, 15 wt% NiO, 0.2-0.3 mm. FeMn: impregnated 5Fe/5Mn/Al2O3 wt%, BET 200 m2/g. Low-alpha-Fe: precipitated atomic ratio 100Fe/4.6Si/2Cu/1.4K."	"Bottled/commercial H2"	"Sulfur"	"H2S"	"99.2 in poison pulse"	"301.6"	"1.013"	"150 mL/min H2; 1 mL CO2 reaction pulses"	"Not reported"	"2 cumulative 1-mL poison-gas pulses"	"CH4 formed per CO2 pulse (umol CH4/gcat)"	"6.7"	"6.4"	"Not reported"	"-4.478"	"Calculated"	"Not reported"	"Yes"	"Cumulative pulse poisoning | Run/sample: Cumulative H2S pulse series LAF | Impurity source: 99.2 ppm H2S in N2 pulse gas | Reported concentration: 2 mL cumulative poison gas; 0.009 umol H2S/gcat | Cumulative sulfur poisoning; author treats TPD/pulse results as indicative rather than definitive"	"PDF pp.63-64 Tables 18-19"	"High"	"Mechanism-only"	"No known duplicate"
"T1-002"	"T1-002-H2SP-LAF-04"	"T1-002-H2SP-LAF-B"	"Henriksson 2016"	"Effect of impurities on hydrogenation of CO2"	"Not reported"	"100Fe/4.6Si/2Cu/1.4K"	"Cu: BASF, CuO 50-75 wt%, ZnO 15-20 wt%, pellets 1.5x1.5 mm, density 1.8 g/cm3, BET 64.8 m2/g. Ni: BASF, 15 wt% NiO, 0.2-0.3 mm. FeMn: impregnated 5Fe/5Mn/Al2O3 wt%, BET 200 m2/g. Low-alpha-Fe: precipitated atomic ratio 100Fe/4.6Si/2Cu/1.4K."	"Bottled/commercial H2"	"Sulfur"	"H2S"	"99.2 in poison pulse"	"301.6"	"1.013"	"150 mL/min H2; 1 mL CO2 reaction pulses"	"Not reported"	"4 cumulative 1-mL poison-gas pulses"	"CH4 formed per CO2 pulse (umol CH4/gcat)"	"6.7"	"6"	"Not reported"	"-10.448"	"Calculated"	"Not reported"	"Yes"	"Cumulative pulse poisoning | Run/sample: Cumulative H2S pulse series LAF | Impurity source: 99.2 ppm H2S in N2 pulse gas | Reported concentration: 4 mL cumulative poison gas; 0.02 umol H2S/gcat | Cumulative sulfur poisoning; author treats TPD/pulse results as indicative rather than definitive"	"PDF pp.63-64 Tables 18-19"	"High"	"Mechanism-only"	"No known duplicate"
"T1-002"	"T1-002-H2SP-LAF-06"	"T1-002-H2SP-LAF-B"	"Henriksson 2016"	"Effect of impurities on hydrogenation of CO2"	"Not reported"	"100Fe/4.6Si/2Cu/1.4K"	"Cu: BASF, CuO 50-75 wt%, ZnO 15-20 wt%, pellets 1.5x1.5 mm, density 1.8 g/cm3, BET 64.8 m2/g. Ni: BASF, 15 wt% NiO, 0.2-0.3 mm. FeMn: impregnated 5Fe/5Mn/Al2O3 wt%, BET 200 m2/g. Low-alpha-Fe: precipitated atomic ratio 100Fe/4.6Si/2Cu/1.4K."	"Bottled/commercial H2"	"Sulfur"	"H2S"	"99.2 in poison pulse"	"301.6"	"1.013"	"150 mL/min H2; 1 mL CO2 reaction pulses"	"Not reported"	"6 cumulative 1-mL poison-gas pulses"	"CH4 formed per CO2 pulse (umol CH4/gcat)"	"6.7"	"6.7"	"Not reported"	"0"	"Calculated"	"Not reported"	"No resolved decrease"	"Cumulative pulse poisoning | Run/sample: Cumulative H2S pulse series LAF | Impurity source: 99.2 ppm H2S in N2 pulse gas | Reported concentration: 6 mL cumulative poison gas; 0.03 umol H2S/gcat | Cumulative sulfur poisoning; author treats TPD/pulse results as indicative rather than definitive"	"PDF pp.63-64 Tables 18-19"	"High"	"Mechanism-only"	"No known duplicate"
"T1-002"	"T1-002-H2SP-LAF-09"	"T1-002-H2SP-LAF-B"	"Henriksson 2016"	"Effect of impurities on hydrogenation of CO2"	"Not reported"	"100Fe/4.6Si/2Cu/1.4K"	"Cu: BASF, CuO 50-75 wt%, ZnO 15-20 wt%, pellets 1.5x1.5 mm, density 1.8 g/cm3, BET 64.8 m2/g. Ni: BASF, 15 wt% NiO, 0.2-0.3 mm. FeMn: impregnated 5Fe/5Mn/Al2O3 wt%, BET 200 m2/g. Low-alpha-Fe: precipitated atomic ratio 100Fe/4.6Si/2Cu/1.4K."	"Bottled/commercial H2"	"Sulfur"	"H2S"	"99.2 in poison pulse"	"301.6"	"1.013"	"150 mL/min H2; 1 mL CO2 reaction pulses"	"Not reported"	"9 cumulative 1-mL poison-gas pulses"	"CH4 formed per CO2 pulse (umol CH4/gcat)"	"6.7"	"6.2"	"Not reported"	"-7.463"	"Calculated"	"Not reported"	"Yes"	"Cumulative pulse poisoning | Run/sample: Cumulative H2S pulse series LAF | Impurity source: 99.2 ppm H2S in N2 pulse gas | Reported concentration: 9 mL cumulative poison gas; 0.04 umol H2S/gcat | Cumulative sulfur poisoning; author treats TPD/pulse results as indicative rather than definitive"	"PDF pp.63-64 Tables 18-19"	"High"	"Mechanism-only"	"No known duplicate"
"T1-002"	"T1-002-H2SP-LAF-14"	"T1-002-H2SP-LAF-B"	"Henriksson 2016"	"Effect of impurities on hydrogenation of CO2"	"Not reported"	"100Fe/4.6Si/2Cu/1.4K"	"Cu: BASF, CuO 50-75 wt%, ZnO 15-20 wt%, pellets 1.5x1.5 mm, density 1.8 g/cm3, BET 64.8 m2/g. Ni: BASF, 15 wt% NiO, 0.2-0.3 mm. FeMn: impregnated 5Fe/5Mn/Al2O3 wt%, BET 200 m2/g. Low-alpha-Fe: precipitated atomic ratio 100Fe/4.6Si/2Cu/1.4K."	"Bottled/commercial H2"	"Sulfur"	"H2S"	"99.2 in poison pulse"	"301.6"	"1.013"	"150 mL/min H2; 1 mL CO2 reaction pulses"	"Not reported"	"14 cumulative 1-mL poison-gas pulses"	"CH4 formed per CO2 pulse (umol CH4/gcat)"	"6.7"	"6.1"	"Not reported"	"-8.955"	"Calculated"	"Not reported"	"Yes"	"Cumulative pulse poisoning | Run/sample: Cumulative H2S pulse series LAF | Impurity source: 99.2 ppm H2S in N2 pulse gas | Reported concentration: 14 mL cumulative poison gas; 0.06 umol H2S/gcat | Cumulative sulfur poisoning; author treats TPD/pulse results as indicative rather than definitive"	"PDF pp.63-64 Tables 18-19"	"High"	"Mechanism-only"	"No known duplicate"
"T1-002"	"T1-002-H2SP-LAF-20"	"T1-002-H2SP-LAF-B"	"Henriksson 2016"	"Effect of impurities on hydrogenation of CO2"	"Not reported"	"100Fe/4.6Si/2Cu/1.4K"	"Cu: BASF, CuO 50-75 wt%, ZnO 15-20 wt%, pellets 1.5x1.5 mm, density 1.8 g/cm3, BET 64.8 m2/g. Ni: BASF, 15 wt% NiO, 0.2-0.3 mm. FeMn: impregnated 5Fe/5Mn/Al2O3 wt%, BET 200 m2/g. Low-alpha-Fe: precipitated atomic ratio 100Fe/4.6Si/2Cu/1.4K."	"Bottled/commercial H2"	"Sulfur"	"H2S"	"99.2 in poison pulse"	"301.6"	"1.013"	"150 mL/min H2; 1 mL CO2 reaction pulses"	"Not reported"	"20 cumulative 1-mL poison-gas pulses"	"CH4 formed per CO2 pulse (umol CH4/gcat)"	"6.7"	"5.8"	"Not reported"	"-13.433"	"Calculated"	"Not reported"	"Yes"	"Cumulative pulse poisoning | Run/sample: Cumulative H2S pulse series LAF | Impurity source: 99.2 ppm H2S in N2 pulse gas | Reported concentration: 20 mL cumulative poison gas; 0.09 umol H2S/gcat | Cumulative sulfur poisoning; author treats TPD/pulse results as indicative rather than definitive"	"PDF pp.63-64 Tables 18-19"	"High"	"Mechanism-only"	"No known duplicate"
"T1-002"	"T1-002-H2SP-LAF-25"	"T1-002-H2SP-LAF-B"	"Henriksson 2016"	"Effect of impurities on hydrogenation of CO2"	"Not reported"	"100Fe/4.6Si/2Cu/1.4K"	"Cu: BASF, CuO 50-75 wt%, ZnO 15-20 wt%, pellets 1.5x1.5 mm, density 1.8 g/cm3, BET 64.8 m2/g. Ni: BASF, 15 wt% NiO, 0.2-0.3 mm. FeMn: impregnated 5Fe/5Mn/Al2O3 wt%, BET 200 m2/g. Low-alpha-Fe: precipitated atomic ratio 100Fe/4.6Si/2Cu/1.4K."	"Bottled/commercial H2"	"Sulfur"	"H2S"	"99.2 in poison pulse"	"301.6"	"1.013"	"150 mL/min H2; 1 mL CO2 reaction pulses"	"Not reported"	"25 cumulative 1-mL poison-gas pulses"	"CH4 formed per CO2 pulse (umol CH4/gcat)"	"6.7"	"6"	"Not reported"	"-10.448"	"Calculated"	"Not reported"	"Yes"	"Cumulative pulse poisoning | Run/sample: Cumulative H2S pulse series LAF | Impurity source: 99.2 ppm H2S in N2 pulse gas | Reported concentration: 25 mL cumulative poison gas; 0.11 umol H2S/gcat | Cumulative sulfur poisoning; author treats TPD/pulse results as indicative rather than definitive"	"PDF pp.63-64 Tables 18-19"	"High"	"Mechanism-only"	"No known duplicate"
"T1-002"	"T1-002-PFR-CU1-X"	"T1-002-PFR-CU1-B-X"	"Henriksson 2016"	"Effect of impurities on hydrogenation of CO2"	"Not reported"	"Commercial BASF CuO/ZnO"	"Cu: BASF, CuO 50-75 wt%, ZnO 15-20 wt%, pellets 1.5x1.5 mm, density 1.8 g/cm3, BET 64.8 m2/g. Ni: BASF, 15 wt% NiO, 0.2-0.3 mm. FeMn: impregnated 5Fe/5Mn/Al2O3 wt%, BET 200 m2/g. Low-alpha-Fe: precipitated atomic ratio 100Fe/4.6Si/2Cu/1.4K."	"Bottled/commercial H2"	"Sulfur"	"H2S"	"33.2"	"230"	"30"	"Clean/recovery 71.3% H2/23.7% CO2/5% N2; poisoning made by mixing same reactant gas with H2S/N2 poison gas; total/reactant flow changed by stage"	"Not reported"	"72"	"CO2 conversion (%)"	"17.5"	"13.9"	"12.7"	"-20.571"	"Calculated"	"Partial"	"Yes"	"Continuous H2S exposure with clean-feed recovery | Run/sample: PFR CU1 | Impurity source: H2S/N2 poison gas co-feed | Reported concentration: 33.2 ppm | Active-site blocking; ZnO may protect Cu by forming ZnS"	"PDF pp.73-75 Tables 21-22 and Fig.23"	"High"	"Mechanism-only"	"No known duplicate"
"T1-002"	"T1-002-PFR-CU1-Y"	"T1-002-PFR-CU1-B-Y"	"Henriksson 2016"	"Effect of impurities on hydrogenation of CO2"	"Not reported"	"Commercial BASF CuO/ZnO"	"Cu: BASF, CuO 50-75 wt%, ZnO 15-20 wt%, pellets 1.5x1.5 mm, density 1.8 g/cm3, BET 64.8 m2/g. Ni: BASF, 15 wt% NiO, 0.2-0.3 mm. FeMn: impregnated 5Fe/5Mn/Al2O3 wt%, BET 200 m2/g. Low-alpha-Fe: precipitated atomic ratio 100Fe/4.6Si/2Cu/1.4K."	"Bottled/commercial H2"	"Sulfur"	"H2S"	"33.2"	"230"	"30"	"Clean/recovery 71.3% H2/23.7% CO2/5% N2; poisoning made by mixing same reactant gas with H2S/N2 poison gas; total/reactant flow changed by stage"	"Not reported"	"72"	"MeOH yield (%)"	"7.9"	"4.7"	"5.4"	"-40.506"	"Calculated"	"Partial"	"Yes"	"Continuous H2S exposure with clean-feed recovery | Run/sample: PFR CU1 | Impurity source: H2S/N2 poison gas co-feed | Reported concentration: 33.2 ppm | Active-site blocking; ZnO may protect Cu by forming ZnS"	"PDF pp.73-75 Tables 21-22 and Fig.23"	"High"	"Modeling-ready for methanol-output model"	"No known duplicate"
"T1-002"	"T1-002-PFR-CU1-S"	"T1-002-PFR-CU1-B-S"	"Henriksson 2016"	"Effect of impurities on hydrogenation of CO2"	"Not reported"	"Commercial BASF CuO/ZnO"	"Cu: BASF, CuO 50-75 wt%, ZnO 15-20 wt%, pellets 1.5x1.5 mm, density 1.8 g/cm3, BET 64.8 m2/g. Ni: BASF, 15 wt% NiO, 0.2-0.3 mm. FeMn: impregnated 5Fe/5Mn/Al2O3 wt%, BET 200 m2/g. Low-alpha-Fe: precipitated atomic ratio 100Fe/4.6Si/2Cu/1.4K."	"Bottled/commercial H2"	"Sulfur"	"H2S"	"33.2"	"230"	"30"	"Clean/recovery 71.3% H2/23.7% CO2/5% N2; poisoning made by mixing same reactant gas with H2S/N2 poison gas; total/reactant flow changed by stage"	"Not reported"	"72"	"MeOH selectivity (%)"	"45.3"	"33.7"	"42.3"	"-25.607"	"Calculated"	"Partial"	"Yes"	"Continuous H2S exposure with clean-feed recovery | Run/sample: PFR CU1 | Impurity source: H2S/N2 poison gas co-feed | Reported concentration: 33.2 ppm | Active-site blocking; ZnO may protect Cu by forming ZnS"	"PDF pp.73-75 Tables 21-22 and Fig.23"	"High"	"Modeling-ready for methanol-output model"	"No known duplicate"
"T1-002"	"T1-002-PFR-CU2-X"	"T1-002-PFR-CU2-B-X"	"Henriksson 2016"	"Effect of impurities on hydrogenation of CO2"	"Not reported"	"Commercial BASF CuO/ZnO"	"Cu: BASF, CuO 50-75 wt%, ZnO 15-20 wt%, pellets 1.5x1.5 mm, density 1.8 g/cm3, BET 64.8 m2/g. Ni: BASF, 15 wt% NiO, 0.2-0.3 mm. FeMn: impregnated 5Fe/5Mn/Al2O3 wt%, BET 200 m2/g. Low-alpha-Fe: precipitated atomic ratio 100Fe/4.6Si/2Cu/1.4K."	"Bottled/commercial H2"	"Sulfur"	"H2S"	"60"	"230"	"30"	"Clean/recovery 71.3% H2/23.7% CO2/5% N2; poisoning made by mixing same reactant gas with H2S/N2 poison gas; total/reactant flow changed by stage"	"Not reported"	"8"	"CO2 conversion (%)"	"17.5"	"14.2"	"15.6"	"-18.857"	"Calculated"	"Partial"	"Yes"	"Continuous H2S exposure with clean-feed recovery | Run/sample: PFR CU2 | Impurity source: H2S/N2 poison gas co-feed | Reported concentration: 60 ppm | Active-site blocking; ZnO may protect Cu by forming ZnS"	"PDF pp.73-75 Tables 21-22 and Fig.23"	"High"	"Mechanism-only"	"No known duplicate"
"T1-002"	"T1-002-PFR-CU2-Y"	"T1-002-PFR-CU2-B-Y"	"Henriksson 2016"	"Effect of impurities on hydrogenation of CO2"	"Not reported"	"Commercial BASF CuO/ZnO"	"Cu: BASF, CuO 50-75 wt%, ZnO 15-20 wt%, pellets 1.5x1.5 mm, density 1.8 g/cm3, BET 64.8 m2/g. Ni: BASF, 15 wt% NiO, 0.2-0.3 mm. FeMn: impregnated 5Fe/5Mn/Al2O3 wt%, BET 200 m2/g. Low-alpha-Fe: precipitated atomic ratio 100Fe/4.6Si/2Cu/1.4K."	"Bottled/commercial H2"	"Sulfur"	"H2S"	"60"	"230"	"30"	"Clean/recovery 71.3% H2/23.7% CO2/5% N2; poisoning made by mixing same reactant gas with H2S/N2 poison gas; total/reactant flow changed by stage"	"Not reported"	"8"	"MeOH yield (%)"	"7.9"	"3.7"	"6.5"	"-53.165"	"Calculated"	"Partial"	"Yes"	"Continuous H2S exposure with clean-feed recovery | Run/sample: PFR CU2 | Impurity source: H2S/N2 poison gas co-feed | Reported concentration: 60 ppm | Active-site blocking; ZnO may protect Cu by forming ZnS"	"PDF pp.73-75 Tables 21-22 and Fig.23"	"High"	"Modeling-ready for methanol-output model"	"No known duplicate"
"T1-002"	"T1-002-PFR-CU2-S"	"T1-002-PFR-CU2-B-S"	"Henriksson 2016"	"Effect of impurities on hydrogenation of CO2"	"Not reported"	"Commercial BASF CuO/ZnO"	"Cu: BASF, CuO 50-75 wt%, ZnO 15-20 wt%, pellets 1.5x1.5 mm, density 1.8 g/cm3, BET 64.8 m2/g. Ni: BASF, 15 wt% NiO, 0.2-0.3 mm. FeMn: impregnated 5Fe/5Mn/Al2O3 wt%, BET 200 m2/g. Low-alpha-Fe: precipitated atomic ratio 100Fe/4.6Si/2Cu/1.4K."	"Bottled/commercial H2"	"Sulfur"	"H2S"	"60"	"230"	"30"	"Clean/recovery 71.3% H2/23.7% CO2/5% N2; poisoning made by mixing same reactant gas with H2S/N2 poison gas; total/reactant flow changed by stage"	"Not reported"	"8"	"MeOH selectivity (%)"	"45.3"	"26.1"	"41.7"	"-42.384"	"Calculated"	"Partial"	"Yes"	"Continuous H2S exposure with clean-feed recovery | Run/sample: PFR CU2 | Impurity source: H2S/N2 poison gas co-feed | Reported concentration: 60 ppm | Active-site blocking; ZnO may protect Cu by forming ZnS"	"PDF pp.73-75 Tables 21-22 and Fig.23"	"High"	"Modeling-ready for methanol-output model"	"No known duplicate"
"T1-002"	"T1-002-PFR-FM1-X"	"T1-002-PFR-FM1-B-X"	"Henriksson 2016"	"Effect of impurities on hydrogenation of CO2"	"Not reported"	"5Fe/5Mn/Al2O3"	"Cu: BASF, CuO 50-75 wt%, ZnO 15-20 wt%, pellets 1.5x1.5 mm, density 1.8 g/cm3, BET 64.8 m2/g. Ni: BASF, 15 wt% NiO, 0.2-0.3 mm. FeMn: impregnated 5Fe/5Mn/Al2O3 wt%, BET 200 m2/g. Low-alpha-Fe: precipitated atomic ratio 100Fe/4.6Si/2Cu/1.4K."	"Bottled/commercial H2"	"Sulfur"	"H2S"	"33.2"	"300"	"25"	"Clean/recovery 71.3% H2/23.7% CO2/5% N2; poisoning made by mixing same reactant gas with H2S/N2 poison gas; total/reactant flow changed by stage"	"Not reported"	"24"	"CO2 conversion (%)"	"18.82"	"0.03"	"Not reported"	"-99.841"	"Calculated"	"Not reported"	"Yes"	"Continuous H2S exposure with clean-feed recovery | Run/sample: PFR FM1 | Impurity source: H2S/N2 poison gas co-feed | Reported concentration: 33.2 ppm | Severe sulfur deactivation; selectivity values unreliable at near-zero conversion"	"PDF pp.76-78 Tables 23-25 and Fig.24"	"High"	"Mechanism-only"	"No known duplicate"
"T1-002"	"T1-002-PFR-FM1-Y"	"T1-002-PFR-FM1-B-Y"	"Henriksson 2016"	"Effect of impurities on hydrogenation of CO2"	"Not reported"	"5Fe/5Mn/Al2O3"	"Cu: BASF, CuO 50-75 wt%, ZnO 15-20 wt%, pellets 1.5x1.5 mm, density 1.8 g/cm3, BET 64.8 m2/g. Ni: BASF, 15 wt% NiO, 0.2-0.3 mm. FeMn: impregnated 5Fe/5Mn/Al2O3 wt%, BET 200 m2/g. Low-alpha-Fe: precipitated atomic ratio 100Fe/4.6Si/2Cu/1.4K."	"Bottled/commercial H2"	"Sulfur"	"H2S"	"33.2"	"300"	"25"	"Clean/recovery 71.3% H2/23.7% CO2/5% N2; poisoning made by mixing same reactant gas with H2S/N2 poison gas; total/reactant flow changed by stage"	"Not reported"	"24"	"MeOH yield (%)"	"2.2"	"0"	"Not reported"	"-100"	"Calculated"	"Not reported"	"Yes"	"Continuous H2S exposure with clean-feed recovery | Run/sample: PFR FM1 | Impurity source: H2S/N2 poison gas co-feed | Reported concentration: 33.2 ppm | Severe sulfur deactivation; selectivity values unreliable at near-zero conversion"	"PDF pp.76-78 Tables 23-25 and Fig.24"	"High"	"Modeling-ready for methanol-output model"	"No known duplicate"
"T1-002"	"T1-002-PFR-FM1-S"	"T1-002-PFR-FM1-B-S"	"Henriksson 2016"	"Effect of impurities on hydrogenation of CO2"	"Not reported"	"5Fe/5Mn/Al2O3"	"Cu: BASF, CuO 50-75 wt%, ZnO 15-20 wt%, pellets 1.5x1.5 mm, density 1.8 g/cm3, BET 64.8 m2/g. Ni: BASF, 15 wt% NiO, 0.2-0.3 mm. FeMn: impregnated 5Fe/5Mn/Al2O3 wt%, BET 200 m2/g. Low-alpha-Fe: precipitated atomic ratio 100Fe/4.6Si/2Cu/1.4K."	"Bottled/commercial H2"	"Sulfur"	"H2S"	"33.2"	"300"	"25"	"Clean/recovery 71.3% H2/23.7% CO2/5% N2; poisoning made by mixing same reactant gas with H2S/N2 poison gas; total/reactant flow changed by stage"	"Not reported"	"24"	"MeOH selectivity (%)"	"11.8"	"75.4"	"Not reported"	"538.983"	"Calculated"	"Not reported"	"Yes"	"Continuous H2S exposure with clean-feed recovery | Run/sample: PFR FM1 | Impurity source: H2S/N2 poison gas co-feed | Reported concentration: 33.2 ppm | Severe sulfur deactivation; selectivity values unreliable at near-zero conversion"	"PDF pp.76-78 Tables 23-25 and Fig.24"	"Low"	"Modeling-ready for methanol-output model"	"No known duplicate"
"T1-002"	"T1-002-PFR-FM2-X"	"T1-002-PFR-FM2-B-X"	"Henriksson 2016"	"Effect of impurities on hydrogenation of CO2"	"Not reported"	"5Fe/5Mn/Al2O3"	"Cu: BASF, CuO 50-75 wt%, ZnO 15-20 wt%, pellets 1.5x1.5 mm, density 1.8 g/cm3, BET 64.8 m2/g. Ni: BASF, 15 wt% NiO, 0.2-0.3 mm. FeMn: impregnated 5Fe/5Mn/Al2O3 wt%, BET 200 m2/g. Low-alpha-Fe: precipitated atomic ratio 100Fe/4.6Si/2Cu/1.4K."	"Bottled/commercial H2"	"Sulfur"	"H2S"	"59.8"	"300"	"25"	"Clean/recovery 71.3% H2/23.7% CO2/5% N2; poisoning made by mixing same reactant gas with H2S/N2 poison gas; total/reactant flow changed by stage"	"Not reported"	"24"	"CO2 conversion (%)"	"18.82"	"0.01"	"0.11"	"-99.947"	"Calculated"	"No"	"Yes"	"Continuous H2S exposure with clean-feed recovery | Run/sample: PFR FM2 | Impurity source: H2S/N2 poison gas co-feed | Reported concentration: 59.8 ppm | Severe sulfur deactivation; catalyst did not recover"	"PDF pp.76-78 Tables 23-25 and Fig.24"	"High"	"Mechanism-only"	"No known duplicate"
"T1-002"	"T1-002-PFR-FM2-Y"	"T1-002-PFR-FM2-B-Y"	"Henriksson 2016"	"Effect of impurities on hydrogenation of CO2"	"Not reported"	"5Fe/5Mn/Al2O3"	"Cu: BASF, CuO 50-75 wt%, ZnO 15-20 wt%, pellets 1.5x1.5 mm, density 1.8 g/cm3, BET 64.8 m2/g. Ni: BASF, 15 wt% NiO, 0.2-0.3 mm. FeMn: impregnated 5Fe/5Mn/Al2O3 wt%, BET 200 m2/g. Low-alpha-Fe: precipitated atomic ratio 100Fe/4.6Si/2Cu/1.4K."	"Bottled/commercial H2"	"Sulfur"	"H2S"	"59.8"	"300"	"25"	"Clean/recovery 71.3% H2/23.7% CO2/5% N2; poisoning made by mixing same reactant gas with H2S/N2 poison gas; total/reactant flow changed by stage"	"Not reported"	"24"	"MeOH yield (%)"	"2.2"	"0"	"0"	"-100"	"Calculated"	"No"	"Yes"	"Continuous H2S exposure with clean-feed recovery | Run/sample: PFR FM2 | Impurity source: H2S/N2 poison gas co-feed | Reported concentration: 59.8 ppm | Severe sulfur deactivation; catalyst did not recover"	"PDF pp.76-78 Tables 23-25 and Fig.24"	"High"	"Modeling-ready for methanol-output model"	"No known duplicate"
"T1-002"	"T1-002-PFR-FM2-S"	"T1-002-PFR-FM2-B-S"	"Henriksson 2016"	"Effect of impurities on hydrogenation of CO2"	"Not reported"	"5Fe/5Mn/Al2O3"	"Cu: BASF, CuO 50-75 wt%, ZnO 15-20 wt%, pellets 1.5x1.5 mm, density 1.8 g/cm3, BET 64.8 m2/g. Ni: BASF, 15 wt% NiO, 0.2-0.3 mm. FeMn: impregnated 5Fe/5Mn/Al2O3 wt%, BET 200 m2/g. Low-alpha-Fe: precipitated atomic ratio 100Fe/4.6Si/2Cu/1.4K."	"Bottled/commercial H2"	"Sulfur"	"H2S"	"59.8"	"300"	"25"	"Clean/recovery 71.3% H2/23.7% CO2/5% N2; poisoning made by mixing same reactant gas with H2S/N2 poison gas; total/reactant flow changed by stage"	"Not reported"	"24"	"MeOH selectivity (%)"	"11.8"	"56"	"28.6"	"374.576"	"Calculated"	"No"	"Yes"	"Continuous H2S exposure with clean-feed recovery | Run/sample: PFR FM2 | Impurity source: H2S/N2 poison gas co-feed | Reported concentration: 59.8 ppm | Severe sulfur deactivation; catalyst did not recover"	"PDF pp.76-78 Tables 23-25 and Fig.24"	"Low"	"Modeling-ready for methanol-output model"	"No known duplicate"
"T1-002"	"T1-002-PFR-LF1-X"	"T1-002-PFR-LF1-B-X"	"Henriksson 2016"	"Effect of impurities on hydrogenation of CO2"	"Not reported"	"100Fe/4.6Si/2Cu/1.4K"	"Cu: BASF, CuO 50-75 wt%, ZnO 15-20 wt%, pellets 1.5x1.5 mm, density 1.8 g/cm3, BET 64.8 m2/g. Ni: BASF, 15 wt% NiO, 0.2-0.3 mm. FeMn: impregnated 5Fe/5Mn/Al2O3 wt%, BET 200 m2/g. Low-alpha-Fe: precipitated atomic ratio 100Fe/4.6Si/2Cu/1.4K."	"Bottled/commercial H2"	"Sulfur"	"H2S"	"1.1"	"190"	"20"	"Clean/recovery 71.3% H2/23.7% CO2/5% N2; poisoning made by mixing same reactant gas with H2S/N2 poison gas; total/reactant flow changed by stage"	"Not reported"	"8"	"CO2 conversion (%)"	"1.7"	"1.41"	"1.71"	"-17.059"	"Calculated"	"Yes"	"Yes"	"Continuous H2S exposure with clean-feed recovery | Run/sample: PFR LF1 | Impurity source: H2S/N2 poison gas co-feed | Reported concentration: 1.1 ppm | Some active sites may be blocked while remaining sites retain product distribution"	"PDF pp.79-81 Tables 26-28 and Fig.25"	"High"	"Mechanism-only"	"No known duplicate"
"T1-002"	"T1-002-PFR-LF1-Y"	"T1-002-PFR-LF1-B-Y"	"Henriksson 2016"	"Effect of impurities on hydrogenation of CO2"	"Not reported"	"100Fe/4.6Si/2Cu/1.4K"	"Cu: BASF, CuO 50-75 wt%, ZnO 15-20 wt%, pellets 1.5x1.5 mm, density 1.8 g/cm3, BET 64.8 m2/g. Ni: BASF, 15 wt% NiO, 0.2-0.3 mm. FeMn: impregnated 5Fe/5Mn/Al2O3 wt%, BET 200 m2/g. Low-alpha-Fe: precipitated atomic ratio 100Fe/4.6Si/2Cu/1.4K."	"Bottled/commercial H2"	"Sulfur"	"H2S"	"1.1"	"190"	"20"	"Clean/recovery 71.3% H2/23.7% CO2/5% N2; poisoning made by mixing same reactant gas with H2S/N2 poison gas; total/reactant flow changed by stage"	"Not reported"	"8"	"MeOH yield (%)"	"0.027"	"0.02"	"0.027"	"-25.926"	"Calculated"	"Yes"	"Yes"	"Continuous H2S exposure with clean-feed recovery | Run/sample: PFR LF1 | Impurity source: H2S/N2 poison gas co-feed | Reported concentration: 1.1 ppm | Some active sites may be blocked while remaining sites retain product distribution"	"PDF pp.79-81 Tables 26-28 and Fig.25"	"High"	"Modeling-ready for methanol-output model"	"No known duplicate"
"T1-002"	"T1-002-PFR-LF1-S"	"T1-002-PFR-LF1-B-S"	"Henriksson 2016"	"Effect of impurities on hydrogenation of CO2"	"Not reported"	"100Fe/4.6Si/2Cu/1.4K"	"Cu: BASF, CuO 50-75 wt%, ZnO 15-20 wt%, pellets 1.5x1.5 mm, density 1.8 g/cm3, BET 64.8 m2/g. Ni: BASF, 15 wt% NiO, 0.2-0.3 mm. FeMn: impregnated 5Fe/5Mn/Al2O3 wt%, BET 200 m2/g. Low-alpha-Fe: precipitated atomic ratio 100Fe/4.6Si/2Cu/1.4K."	"Bottled/commercial H2"	"Sulfur"	"H2S"	"1.1"	"190"	"20"	"Clean/recovery 71.3% H2/23.7% CO2/5% N2; poisoning made by mixing same reactant gas with H2S/N2 poison gas; total/reactant flow changed by stage"	"Not reported"	"8"	"MeOH selectivity (%)"	"2.3"	"2.5"	"2.2"	"8.696"	"Calculated"	"Yes"	"Yes"	"Continuous H2S exposure with clean-feed recovery | Run/sample: PFR LF1 | Impurity source: H2S/N2 poison gas co-feed | Reported concentration: 1.1 ppm | Some active sites may be blocked while remaining sites retain product distribution"	"PDF pp.79-81 Tables 26-28 and Fig.25"	"High"	"Modeling-ready for methanol-output model"	"No known duplicate"
"T1-002"	"T1-002-PFR-LF2-X"	"T1-002-PFR-LF2-B-X"	"Henriksson 2016"	"Effect of impurities on hydrogenation of CO2"	"Not reported"	"100Fe/4.6Si/2Cu/1.4K"	"Cu: BASF, CuO 50-75 wt%, ZnO 15-20 wt%, pellets 1.5x1.5 mm, density 1.8 g/cm3, BET 64.8 m2/g. Ni: BASF, 15 wt% NiO, 0.2-0.3 mm. FeMn: impregnated 5Fe/5Mn/Al2O3 wt%, BET 200 m2/g. Low-alpha-Fe: precipitated atomic ratio 100Fe/4.6Si/2Cu/1.4K."	"Bottled/commercial H2"	"Sulfur"	"H2S"	"63.2"	"190"	"20"	"Clean/recovery 71.3% H2/23.7% CO2/5% N2; poisoning made by mixing same reactant gas with H2S/N2 poison gas; total/reactant flow changed by stage"	"Not reported"	"64"	"CO2 conversion (%)"	"1.7"	"0.06"	"0.03"	"-96.471"	"Calculated"	"No"	"Yes"	"Continuous H2S exposure with clean-feed recovery | Run/sample: PFR LF2 | Impurity source: H2S/N2 poison gas co-feed | Reported concentration: 63.2 ppm | Near-complete irreversible sulfur deactivation"	"PDF pp.79-81 Tables 26-28 and Fig.25"	"High"	"Mechanism-only"	"No known duplicate"
"T1-002"	"T1-002-PFR-LF2-Y"	"T1-002-PFR-LF2-B-Y"	"Henriksson 2016"	"Effect of impurities on hydrogenation of CO2"	"Not reported"	"100Fe/4.6Si/2Cu/1.4K"	"Cu: BASF, CuO 50-75 wt%, ZnO 15-20 wt%, pellets 1.5x1.5 mm, density 1.8 g/cm3, BET 64.8 m2/g. Ni: BASF, 15 wt% NiO, 0.2-0.3 mm. FeMn: impregnated 5Fe/5Mn/Al2O3 wt%, BET 200 m2/g. Low-alpha-Fe: precipitated atomic ratio 100Fe/4.6Si/2Cu/1.4K."	"Bottled/commercial H2"	"Sulfur"	"H2S"	"63.2"	"190"	"20"	"Clean/recovery 71.3% H2/23.7% CO2/5% N2; poisoning made by mixing same reactant gas with H2S/N2 poison gas; total/reactant flow changed by stage"	"Not reported"	"64"	"MeOH yield (%)"	"0.027"	"0"	"0.001"	"-100"	"Calculated"	"No"	"Yes"	"Continuous H2S exposure with clean-feed recovery | Run/sample: PFR LF2 | Impurity source: H2S/N2 poison gas co-feed | Reported concentration: 63.2 ppm | Near-complete irreversible sulfur deactivation"	"PDF pp.79-81 Tables 26-28 and Fig.25"	"High"	"Modeling-ready for methanol-output model"	"No known duplicate"
"T1-002"	"T1-002-PFR-LF2-S"	"T1-002-PFR-LF2-B-S"	"Henriksson 2016"	"Effect of impurities on hydrogenation of CO2"	"Not reported"	"100Fe/4.6Si/2Cu/1.4K"	"Cu: BASF, CuO 50-75 wt%, ZnO 15-20 wt%, pellets 1.5x1.5 mm, density 1.8 g/cm3, BET 64.8 m2/g. Ni: BASF, 15 wt% NiO, 0.2-0.3 mm. FeMn: impregnated 5Fe/5Mn/Al2O3 wt%, BET 200 m2/g. Low-alpha-Fe: precipitated atomic ratio 100Fe/4.6Si/2Cu/1.4K."	"Bottled/commercial H2"	"Sulfur"	"H2S"	"63.2"	"190"	"20"	"Clean/recovery 71.3% H2/23.7% CO2/5% N2; poisoning made by mixing same reactant gas with H2S/N2 poison gas; total/reactant flow changed by stage"	"Not reported"	"64"	"MeOH selectivity (%)"	"2.3"	"3.4"	"3.1"	"47.826"	"Calculated"	"No"	"Yes"	"Continuous H2S exposure with clean-feed recovery | Run/sample: PFR LF2 | Impurity source: H2S/N2 poison gas co-feed | Reported concentration: 63.2 ppm | Near-complete irreversible sulfur deactivation"	"PDF pp.79-81 Tables 26-28 and Fig.25"	"High"	"Modeling-ready for methanol-output model"	"No known duplicate"
"T1-009"	"T1-009-CH4-50"	"T1-009-SYNGAS-CZZ"	"Warmuth et al. 2026"	"Investigation of methanol catalyst stability in presence of potential green hydrogen impurities"	"https://doi.org/10.1016/j.ijhydene.2026.153382"	"Cu/ZnO/ZrO2"	"Co-precipitated; CZZ 64/31/5 Cu/Zn/Zr mol%; CZZSi reported as 60/32/2/10 Cu/Zn/Si/Zr mol% in Table 5; Si enrichment about 1 wt% discussed."	"Synthetic laboratory feed"	"Hydrocarbon"	"CH4"	"68000"	"260"	"60-70"	"17% H2/4% CO/4% CO2/75% N2 plus impurity; 5.00 LN gcat^-1 h^-1"	"5.00 LN gcat^-1 h^-1"	"50"	"CHNS carbon deposit (wt%)"	"Not reported"	"Not found"	"Not reported"	"Not reported"	"Measured"	"Not reported"	"No detected coking; <1 wt% cannot be ruled out"	"Long-term contaminated-feed catalyst aging | Run/sample: CH4-50 | Impurity source: CH4/N2 cylinder co-feed modeling methane-pyrolysis carryover | Reported concentration: 6.8 vol% CH4 in total feed | Coking not supported; thermal/feed-dependent sintering"	"PDF pp.2-3 Tables 2-3 and Figs.1-2; methods pp.5-7 Tables 5-6"	"High"	"Mechanism-only"	"No known duplicate"
"T1-009"	"T1-009-CH4-455"	"T1-009-SYNGAS-CZZ"	"Warmuth et al. 2026"	"Investigation of methanol catalyst stability in presence of potential green hydrogen impurities"	"https://doi.org/10.1016/j.ijhydene.2026.153382"	"Cu/ZnO/ZrO2"	"Co-precipitated; CZZ 64/31/5 Cu/Zn/Zr mol%; CZZSi reported as 60/32/2/10 Cu/Zn/Si/Zr mol% in Table 5; Si enrichment about 1 wt% discussed."	"Synthetic laboratory feed"	"Hydrocarbon"	"CH4"	"68000"	"260"	"60-70"	"17% H2/4% CO/4% CO2/75% N2 plus impurity; 5.00 LN gcat^-1 h^-1"	"5.00 LN gcat^-1 h^-1"	"455"	"CHNS carbon deposit (wt%)"	"Not reported"	"Not found"	"Not reported"	"Not reported"	"Measured"	"Not reported"	"No detected coking; <1 wt% cannot be ruled out"	"Long-term contaminated-feed catalyst aging | Run/sample: CH4-455 | Impurity source: CH4/N2 cylinder co-feed modeling methane-pyrolysis carryover | Reported concentration: 6.8 vol% CH4 in total feed | Coking not supported; thermal/feed-dependent sintering"	"PDF pp.2-3 Tables 2-3 and Figs.1-2; methods pp.5-7 Tables 5-6"	"High"	"Mechanism-only"	"No known duplicate"
"T1-009"	"T1-009-O2-CZZ"	"T1-009-SYNGAS-CZZ"	"Warmuth et al. 2026"	"Investigation of methanol catalyst stability in presence of potential green hydrogen impurities"	"https://doi.org/10.1016/j.ijhydene.2026.153382"	"Cu/ZnO/ZrO2"	"Co-precipitated; CZZ 64/31/5 Cu/Zn/Zr mol%; CZZSi reported as 60/32/2/10 Cu/Zn/Si/Zr mol% in Table 5; Si enrichment about 1 wt% discussed."	"Synthetic laboratory feed"	"Oxygen"	"O2"	"100"	"260"	"60-70"	"17% H2/4% CO/4% CO2/75% N2 plus impurity; 5.00 LN gcat^-1 h^-1"	"5.00 LN gcat^-1 h^-1"	"400"	"Structural aging endpoint"	"Not reported"	"Not reported"	"Not reported"	"Not reported"	"Measured"	"Not reported"	"ZnO crystallization increased; Cu sintering less pronounced than clean SynGas reference"	"Long-term contaminated-feed catalyst aging | Run/sample: O2-CZZ | Impurity source: O2/N2 cylinder co-feed modeling alkaline-electrolyzer crossover | Reported concentration: 0.01 vol% O2 total feed; 0.06 vol% relative to H2 | Redox shuttle/oxygen-vacancy filling and incidental hydrothermal sintering"	"PDF pp.3-5 Figs.3-4 and Table 4; methods pp.5-7 Tables 5-6"	"Low"	"Mechanism-only"	"No known duplicate"
"T1-009"	"T1-009-O2-CZZSI"	"T1-009-SYNGAS-CZZSi"	"Warmuth et al. 2026"	"Investigation of methanol catalyst stability in presence of potential green hydrogen impurities"	"https://doi.org/10.1016/j.ijhydene.2026.153382"	"Cu/ZnO/ZrO2/SiO2"	"Co-precipitated; CZZ 64/31/5 Cu/Zn/Zr mol%; CZZSi reported as 60/32/2/10 Cu/Zn/Si/Zr mol% in Table 5; Si enrichment about 1 wt% discussed."	"Synthetic laboratory feed"	"Oxygen"	"O2"	"100"	"260"	"60-70"	"17% H2/4% CO/4% CO2/75% N2 plus impurity; 5.00 LN gcat^-1 h^-1"	"5.00 LN gcat^-1 h^-1"	"400"	"Structural aging endpoint"	"Not reported"	"Not reported"	"Not reported"	"Not reported"	"Measured"	"Not reported"	"Si-doped system suppressed ZnO crystallization relative to CZZ"	"Long-term contaminated-feed catalyst aging | Run/sample: O2-CZZSI | Impurity source: O2/N2 cylinder co-feed modeling alkaline-electrolyzer crossover | Reported concentration: 0.01 vol% O2 total feed; 0.06 vol% relative to H2 | Si-stabilized Zn2SiO4 or ZnO:Si phase; improved oxygen/hydrothermal stability"	"PDF pp.3-5 Figs.3-4 and Table 4; methods pp.5-7 Tables 5-6"	"Low"	"Mechanism-only"	"No known duplicate"
"T1-013"	"T1-013-CGZ-523-X"	"T1-013-CGZ-523-CLEAN-X"	"Toyir et al. 2001"	"Methanol synthesis from CO2 and H2 over gallium promoted copper-based supported catalysts. Effect of hydrocarbon impurities in the CO2/H2 source"	"https://doi.org/10.1039/B105235G"	"Cu-Ga/ZnO"	"Cu-Ga/ZnO: Cu 5.6 wt%, Ga2O3 2.7 wt%. Cu-Zn-Ga/SiO2: Cu 4.7 wt%, ZnO 2.3 wt%, Ga2O3 1.5 wt%; silica HDKH20, 170 m2/g."	"Bottled/commercial H2"	"Hydrocarbon"	"CH4 + C2H6 mixture"	"70 total (50 CH4; 20 C2H6)"	"249.85"	"20"	"CO2/H2=1/3; F/W 18,000 L kgcat^-1 h^-1"	"18,000 L kgcat^-1 h^-1 (reported as F/W)"	"20 h at each temperature; 3 h stabilization after each change"	"CO2 conversion (mol%)"	"Needs graph digitization from Fig.8"	"4.6"	"Not reported"	"Not reported"	"Measured"	"Not reported"	"Yes; magnitude catalyst- and temperature-dependent"	"Sequential isothermal contaminated-feed test | Run/sample: CGZ 523 K contaminated-feed endpoint | Impurity source: Hydrocarbon mixture in CO2/H2 feed | Reported concentration: 50 ppm CH4 + 20 ppm C2H6 | Thinner carbonaceous amorphous layer on Cu particles; surface Cu/Zn ratio decreased"	"PDF p.5 Table 3 and Fig.8; mechanism pp.3-6"	"High for impure value; baseline unavailable numerically"	"Needs graph digitization"	"No known duplicate"
"T1-013"	"T1-013-CGZ-523-S"	"T1-013-CGZ-523-CLEAN-S"	"Toyir et al. 2001"	"Methanol synthesis from CO2 and H2 over gallium promoted copper-based supported catalysts. Effect of hydrocarbon impurities in the CO2/H2 source"	"https://doi.org/10.1039/B105235G"	"Cu-Ga/ZnO"	"Cu-Ga/ZnO: Cu 5.6 wt%, Ga2O3 2.7 wt%. Cu-Zn-Ga/SiO2: Cu 4.7 wt%, ZnO 2.3 wt%, Ga2O3 1.5 wt%; silica HDKH20, 170 m2/g."	"Bottled/commercial H2"	"Hydrocarbon"	"CH4 + C2H6 mixture"	"70 total (50 CH4; 20 C2H6)"	"249.85"	"20"	"CO2/H2=1/3; F/W 18,000 L kgcat^-1 h^-1"	"18,000 L kgcat^-1 h^-1 (reported as F/W)"	"20 h at each temperature; 3 h stabilization after each change"	"MeOH selectivity (mol%)"	"Needs graph digitization from Fig.8"	"88.1"	"Not reported"	"Not reported"	"Measured"	"Not reported"	"Yes; magnitude catalyst- and temperature-dependent"	"Sequential isothermal contaminated-feed test | Run/sample: CGZ 523 K contaminated-feed endpoint | Impurity source: Hydrocarbon mixture in CO2/H2 feed | Reported concentration: 50 ppm CH4 + 20 ppm C2H6 | Thinner carbonaceous amorphous layer on Cu particles; surface Cu/Zn ratio decreased"	"PDF p.5 Table 3 and Fig.8; mechanism pp.3-6"	"High for impure value; baseline unavailable numerically"	"Needs graph digitization"	"No known duplicate"
"T1-013"	"T1-013-CGZ-533-X"	"T1-013-CGZ-533-CLEAN-X"	"Toyir et al. 2001"	"Methanol synthesis from CO2 and H2 over gallium promoted copper-based supported catalysts. Effect of hydrocarbon impurities in the CO2/H2 source"	"https://doi.org/10.1039/B105235G"	"Cu-Ga/ZnO"	"Cu-Ga/ZnO: Cu 5.6 wt%, Ga2O3 2.7 wt%. Cu-Zn-Ga/SiO2: Cu 4.7 wt%, ZnO 2.3 wt%, Ga2O3 1.5 wt%; silica HDKH20, 170 m2/g."	"Bottled/commercial H2"	"Hydrocarbon"	"CH4 + C2H6 mixture"	"70 total (50 CH4; 20 C2H6)"	"259.85"	"20"	"CO2/H2=1/3; F/W 18,000 L kgcat^-1 h^-1"	"18,000 L kgcat^-1 h^-1 (reported as F/W)"	"20 h at each temperature; 3 h stabilization after each change"	"CO2 conversion (mol%)"	"Needs graph digitization from Fig.8"	"4.8"	"Not reported"	"Not reported"	"Measured"	"Not reported"	"Yes; magnitude catalyst- and temperature-dependent"	"Sequential isothermal contaminated-feed test | Run/sample: CGZ 533 K contaminated-feed endpoint | Impurity source: Hydrocarbon mixture in CO2/H2 feed | Reported concentration: 50 ppm CH4 + 20 ppm C2H6 | Thinner carbonaceous amorphous layer on Cu particles; surface Cu/Zn ratio decreased"	"PDF p.5 Table 3 and Fig.8; mechanism pp.3-6"	"High for impure value; baseline unavailable numerically"	"Needs graph digitization"	"No known duplicate"
"T1-013"	"T1-013-CGZ-533-S"	"T1-013-CGZ-533-CLEAN-S"	"Toyir et al. 2001"	"Methanol synthesis from CO2 and H2 over gallium promoted copper-based supported catalysts. Effect of hydrocarbon impurities in the CO2/H2 source"	"https://doi.org/10.1039/B105235G"	"Cu-Ga/ZnO"	"Cu-Ga/ZnO: Cu 5.6 wt%, Ga2O3 2.7 wt%. Cu-Zn-Ga/SiO2: Cu 4.7 wt%, ZnO 2.3 wt%, Ga2O3 1.5 wt%; silica HDKH20, 170 m2/g."	"Bottled/commercial H2"	"Hydrocarbon"	"CH4 + C2H6 mixture"	"70 total (50 CH4; 20 C2H6)"	"259.85"	"20"	"CO2/H2=1/3; F/W 18,000 L kgcat^-1 h^-1"	"18,000 L kgcat^-1 h^-1 (reported as F/W)"	"20 h at each temperature; 3 h stabilization after each change"	"MeOH selectivity (mol%)"	"Needs graph digitization from Fig.8"	"84.9"	"Not reported"	"Not reported"	"Measured"	"Not reported"	"Yes; magnitude catalyst- and temperature-dependent"	"Sequential isothermal contaminated-feed test | Run/sample: CGZ 533 K contaminated-feed endpoint | Impurity source: Hydrocarbon mixture in CO2/H2 feed | Reported concentration: 50 ppm CH4 + 20 ppm C2H6 | Thinner carbonaceous amorphous layer on Cu particles; surface Cu/Zn ratio decreased"	"PDF p.5 Table 3 and Fig.8; mechanism pp.3-6"	"High for impure value; baseline unavailable numerically"	"Needs graph digitization"	"No known duplicate"
"T1-013"	"T1-013-CGZ-543-X"	"T1-013-CGZ-543-CLEAN-X"	"Toyir et al. 2001"	"Methanol synthesis from CO2 and H2 over gallium promoted copper-based supported catalysts. Effect of hydrocarbon impurities in the CO2/H2 source"	"https://doi.org/10.1039/B105235G"	"Cu-Ga/ZnO"	"Cu-Ga/ZnO: Cu 5.6 wt%, Ga2O3 2.7 wt%. Cu-Zn-Ga/SiO2: Cu 4.7 wt%, ZnO 2.3 wt%, Ga2O3 1.5 wt%; silica HDKH20, 170 m2/g."	"Bottled/commercial H2"	"Hydrocarbon"	"CH4 + C2H6 mixture"	"70 total (50 CH4; 20 C2H6)"	"269.85"	"20"	"CO2/H2=1/3; F/W 18,000 L kgcat^-1 h^-1"	"18,000 L kgcat^-1 h^-1 (reported as F/W)"	"20 h at each temperature; 3 h stabilization after each change"	"CO2 conversion (mol%)"	"Needs graph digitization from Fig.8"	"5.4"	"Not reported"	"Not reported"	"Measured"	"Not reported"	"Yes; magnitude catalyst- and temperature-dependent"	"Sequential isothermal contaminated-feed test | Run/sample: CGZ 543 K contaminated-feed endpoint | Impurity source: Hydrocarbon mixture in CO2/H2 feed | Reported concentration: 50 ppm CH4 + 20 ppm C2H6 | Thinner carbonaceous amorphous layer on Cu particles; surface Cu/Zn ratio decreased"	"PDF p.5 Table 3 and Fig.8; mechanism pp.3-6"	"High for impure value; baseline unavailable numerically"	"Needs graph digitization"	"No known duplicate"
"T1-013"	"T1-013-CGZ-543-S"	"T1-013-CGZ-543-CLEAN-S"	"Toyir et al. 2001"	"Methanol synthesis from CO2 and H2 over gallium promoted copper-based supported catalysts. Effect of hydrocarbon impurities in the CO2/H2 source"	"https://doi.org/10.1039/B105235G"	"Cu-Ga/ZnO"	"Cu-Ga/ZnO: Cu 5.6 wt%, Ga2O3 2.7 wt%. Cu-Zn-Ga/SiO2: Cu 4.7 wt%, ZnO 2.3 wt%, Ga2O3 1.5 wt%; silica HDKH20, 170 m2/g."	"Bottled/commercial H2"	"Hydrocarbon"	"CH4 + C2H6 mixture"	"70 total (50 CH4; 20 C2H6)"	"269.85"	"20"	"CO2/H2=1/3; F/W 18,000 L kgcat^-1 h^-1"	"18,000 L kgcat^-1 h^-1 (reported as F/W)"	"20 h at each temperature; 3 h stabilization after each change"	"MeOH selectivity (mol%)"	"Needs graph digitization from Fig.8"	"81.4"	"Not reported"	"Not reported"	"Measured"	"Not reported"	"Yes; magnitude catalyst- and temperature-dependent"	"Sequential isothermal contaminated-feed test | Run/sample: CGZ 543 K contaminated-feed endpoint | Impurity source: Hydrocarbon mixture in CO2/H2 feed | Reported concentration: 50 ppm CH4 + 20 ppm C2H6 | Thinner carbonaceous amorphous layer on Cu particles; surface Cu/Zn ratio decreased"	"PDF p.5 Table 3 and Fig.8; mechanism pp.3-6"	"High for impure value; baseline unavailable numerically"	"Needs graph digitization"	"No known duplicate"
"T1-013"	"T1-013-CZGS-523-X"	"T1-013-CZGS-523-CLEAN-X"	"Toyir et al. 2001"	"Methanol synthesis from CO2 and H2 over gallium promoted copper-based supported catalysts. Effect of hydrocarbon impurities in the CO2/H2 source"	"https://doi.org/10.1039/B105235G"	"Cu-Zn-Ga/SiO2"	"Cu-Ga/ZnO: Cu 5.6 wt%, Ga2O3 2.7 wt%. Cu-Zn-Ga/SiO2: Cu 4.7 wt%, ZnO 2.3 wt%, Ga2O3 1.5 wt%; silica HDKH20, 170 m2/g."	"Bottled/commercial H2"	"Hydrocarbon"	"CH4 + C2H6 mixture"	"70 total (50 CH4; 20 C2H6)"	"249.85"	"20"	"CO2/H2=1/3; F/W 18,000 L kgcat^-1 h^-1"	"18,000 L kgcat^-1 h^-1 (reported as F/W)"	"20 h at each temperature; 3 h stabilization after each change"	"CO2 conversion (mol%)"	"Needs graph digitization from Fig.8"	"2.8"	"Not reported"	"Not reported"	"Measured"	"Not reported"	"Yes; magnitude catalyst- and temperature-dependent"	"Sequential isothermal contaminated-feed test | Run/sample: CZGS 523 K contaminated-feed endpoint | Impurity source: Hydrocarbon mixture in CO2/H2 feed | Reported concentration: 50 ppm CH4 + 20 ppm C2H6 | Carbonaceous amorphous layer encapsulated Cu-based particles; surface Ga/Si ratio decreased"	"PDF p.5 Table 3 and Fig.8; mechanism pp.3-6"	"High for impure value; baseline unavailable numerically"	"Needs graph digitization"	"No known duplicate"
"T1-013"	"T1-013-CZGS-523-S"	"T1-013-CZGS-523-CLEAN-S"	"Toyir et al. 2001"	"Methanol synthesis from CO2 and H2 over gallium promoted copper-based supported catalysts. Effect of hydrocarbon impurities in the CO2/H2 source"	"https://doi.org/10.1039/B105235G"	"Cu-Zn-Ga/SiO2"	"Cu-Ga/ZnO: Cu 5.6 wt%, Ga2O3 2.7 wt%. Cu-Zn-Ga/SiO2: Cu 4.7 wt%, ZnO 2.3 wt%, Ga2O3 1.5 wt%; silica HDKH20, 170 m2/g."	"Bottled/commercial H2"	"Hydrocarbon"	"CH4 + C2H6 mixture"	"70 total (50 CH4; 20 C2H6)"	"249.85"	"20"	"CO2/H2=1/3; F/W 18,000 L kgcat^-1 h^-1"	"18,000 L kgcat^-1 h^-1 (reported as F/W)"	"20 h at each temperature; 3 h stabilization after each change"	"MeOH selectivity (mol%)"	"Needs graph digitization from Fig.8"	"97.1"	"Not reported"	"Not reported"	"Measured"	"Not reported"	"Yes; magnitude catalyst- and temperature-dependent"	"Sequential isothermal contaminated-feed test | Run/sample: CZGS 523 K contaminated-feed endpoint | Impurity source: Hydrocarbon mixture in CO2/H2 feed | Reported concentration: 50 ppm CH4 + 20 ppm C2H6 | Carbonaceous amorphous layer encapsulated Cu-based particles; surface Ga/Si ratio decreased"	"PDF p.5 Table 3 and Fig.8; mechanism pp.3-6"	"High for impure value; baseline unavailable numerically"	"Needs graph digitization"	"No known duplicate"
"T1-013"	"T1-013-CZGS-533-X"	"T1-013-CZGS-533-CLEAN-X"	"Toyir et al. 2001"	"Methanol synthesis from CO2 and H2 over gallium promoted copper-based supported catalysts. Effect of hydrocarbon impurities in the CO2/H2 source"	"https://doi.org/10.1039/B105235G"	"Cu-Zn-Ga/SiO2"	"Cu-Ga/ZnO: Cu 5.6 wt%, Ga2O3 2.7 wt%. Cu-Zn-Ga/SiO2: Cu 4.7 wt%, ZnO 2.3 wt%, Ga2O3 1.5 wt%; silica HDKH20, 170 m2/g."	"Bottled/commercial H2"	"Hydrocarbon"	"CH4 + C2H6 mixture"	"70 total (50 CH4; 20 C2H6)"	"259.85"	"20"	"CO2/H2=1/3; F/W 18,000 L kgcat^-1 h^-1"	"18,000 L kgcat^-1 h^-1 (reported as F/W)"	"20 h at each temperature; 3 h stabilization after each change"	"CO2 conversion (mol%)"	"Needs graph digitization from Fig.8"	"2.6"	"Not reported"	"Not reported"	"Measured"	"Not reported"	"Yes; magnitude catalyst- and temperature-dependent"	"Sequential isothermal contaminated-feed test | Run/sample: CZGS 533 K contaminated-feed endpoint | Impurity source: Hydrocarbon mixture in CO2/H2 feed | Reported concentration: 50 ppm CH4 + 20 ppm C2H6 | Carbonaceous amorphous layer encapsulated Cu-based particles; surface Ga/Si ratio decreased"	"PDF p.5 Table 3 and Fig.8; mechanism pp.3-6"	"High for impure value; baseline unavailable numerically"	"Needs graph digitization"	"No known duplicate"
"T1-013"	"T1-013-CZGS-533-S"	"T1-013-CZGS-533-CLEAN-S"	"Toyir et al. 2001"	"Methanol synthesis from CO2 and H2 over gallium promoted copper-based supported catalysts. Effect of hydrocarbon impurities in the CO2/H2 source"	"https://doi.org/10.1039/B105235G"	"Cu-Zn-Ga/SiO2"	"Cu-Ga/ZnO: Cu 5.6 wt%, Ga2O3 2.7 wt%. Cu-Zn-Ga/SiO2: Cu 4.7 wt%, ZnO 2.3 wt%, Ga2O3 1.5 wt%; silica HDKH20, 170 m2/g."	"Bottled/commercial H2"	"Hydrocarbon"	"CH4 + C2H6 mixture"	"70 total (50 CH4; 20 C2H6)"	"259.85"	"20"	"CO2/H2=1/3; F/W 18,000 L kgcat^-1 h^-1"	"18,000 L kgcat^-1 h^-1 (reported as F/W)"	"20 h at each temperature; 3 h stabilization after each change"	"MeOH selectivity (mol%)"	"Needs graph digitization from Fig.8"	"97.1"	"Not reported"	"Not reported"	"Measured"	"Not reported"	"Yes; magnitude catalyst- and temperature-dependent"	"Sequential isothermal contaminated-feed test | Run/sample: CZGS 533 K contaminated-feed endpoint | Impurity source: Hydrocarbon mixture in CO2/H2 feed | Reported concentration: 50 ppm CH4 + 20 ppm C2H6 | Carbonaceous amorphous layer encapsulated Cu-based particles; surface Ga/Si ratio decreased"	"PDF p.5 Table 3 and Fig.8; mechanism pp.3-6"	"High for impure value; baseline unavailable numerically"	"Needs graph digitization"	"No known duplicate"
"T1-013"	"T1-013-CZGS-543-X"	"T1-013-CZGS-543-CLEAN-X"	"Toyir et al. 2001"	"Methanol synthesis from CO2 and H2 over gallium promoted copper-based supported catalysts. Effect of hydrocarbon impurities in the CO2/H2 source"	"https://doi.org/10.1039/B105235G"	"Cu-Zn-Ga/SiO2"	"Cu-Ga/ZnO: Cu 5.6 wt%, Ga2O3 2.7 wt%. Cu-Zn-Ga/SiO2: Cu 4.7 wt%, ZnO 2.3 wt%, Ga2O3 1.5 wt%; silica HDKH20, 170 m2/g."	"Bottled/commercial H2"	"Hydrocarbon"	"CH4 + C2H6 mixture"	"70 total (50 CH4; 20 C2H6)"	"269.85"	"20"	"CO2/H2=1/3; F/W 18,000 L kgcat^-1 h^-1"	"18,000 L kgcat^-1 h^-1 (reported as F/W)"	"20 h at each temperature; 3 h stabilization after each change"	"CO2 conversion (mol%)"	"Needs graph digitization from Fig.8"	"2.1"	"Not reported"	"Not reported"	"Measured"	"Not reported"	"Yes; magnitude catalyst- and temperature-dependent"	"Sequential isothermal contaminated-feed test | Run/sample: CZGS 543 K contaminated-feed endpoint | Impurity source: Hydrocarbon mixture in CO2/H2 feed | Reported concentration: 50 ppm CH4 + 20 ppm C2H6 | Carbonaceous amorphous layer encapsulated Cu-based particles; surface Ga/Si ratio decreased"	"PDF p.5 Table 3 and Fig.8; mechanism pp.3-6"	"High for impure value; baseline unavailable numerically"	"Needs graph digitization"	"No known duplicate"
"T1-013"	"T1-013-CZGS-543-S"	"T1-013-CZGS-543-CLEAN-S"	"Toyir et al. 2001"	"Methanol synthesis from CO2 and H2 over gallium promoted copper-based supported catalysts. Effect of hydrocarbon impurities in the CO2/H2 source"	"https://doi.org/10.1039/B105235G"	"Cu-Zn-Ga/SiO2"	"Cu-Ga/ZnO: Cu 5.6 wt%, Ga2O3 2.7 wt%. Cu-Zn-Ga/SiO2: Cu 4.7 wt%, ZnO 2.3 wt%, Ga2O3 1.5 wt%; silica HDKH20, 170 m2/g."	"Bottled/commercial H2"	"Hydrocarbon"	"CH4 + C2H6 mixture"	"70 total (50 CH4; 20 C2H6)"	"269.85"	"20"	"CO2/H2=1/3; F/W 18,000 L kgcat^-1 h^-1"	"18,000 L kgcat^-1 h^-1 (reported as F/W)"	"20 h at each temperature; 3 h stabilization after each change"	"MeOH selectivity (mol%)"	"Needs graph digitization from Fig.8"	"96.6"	"Not reported"	"Not reported"	"Measured"	"Not reported"	"Yes; magnitude catalyst- and temperature-dependent"	"Sequential isothermal contaminated-feed test | Run/sample: CZGS 543 K contaminated-feed endpoint | Impurity source: Hydrocarbon mixture in CO2/H2 feed | Reported concentration: 50 ppm CH4 + 20 ppm C2H6 | Carbonaceous amorphous layer encapsulated Cu-based particles; surface Ga/Si ratio decreased"	"PDF p.5 Table 3 and Fig.8; mechanism pp.3-6"	"High for impure value; baseline unavailable numerically"	"Needs graph digitization"	"No known duplicate"
"T1-013"	"T1-013-CZGS-543-ACT"	"T1-013-CZGS-523-INITIAL-ACT"	"Toyir et al. 2001"	"Methanol synthesis from CO2 and H2 over gallium promoted copper-based supported catalysts. Effect of hydrocarbon impurities in the CO2/H2 source"	"https://doi.org/10.1039/B105235G"	"Cu-Zn-Ga/SiO2"	"Cu-Ga/ZnO: Cu 5.6 wt%, Ga2O3 2.7 wt%. Cu-Zn-Ga/SiO2: Cu 4.7 wt%, ZnO 2.3 wt%, Ga2O3 1.5 wt%; silica HDKH20, 170 m2/g."	"Bottled/commercial H2"	"Hydrocarbon"	"CH4 + C2H6 mixture"	"70 total (50 CH4; 20 C2H6)"	"269.85"	"20"	"CO2/H2=1/3; F/W 18,000 L kgcat^-1 h^-1"	"Not reported"	"Final point after sequential 523/533/543 K tests"	"MeOH synthesis activity (mol MeOH kgcat^-1 h^-1)"	"About 7 inferred by authors only as final being about 50% lower; exact initial requires Fig.8 digitization"	"3.5"	"Not reported"	"About -50"	"Calculated"	"Not reported"	"Yes"	"Sequential isothermal contaminated-feed test | Run/sample: Cu-Zn-Ga/SiO2 final contaminated-feed activity | Impurity source: Hydrocarbon mixture in CO2/H2 feed | Reported concentration: 50 ppm CH4 + 20 ppm C2H6 | Carbonaceous amorphous encapsulation of Cu-based particles and altered near-surface gallium"	"PDF p.5 Fig.8 and explicit results text"	"High for final activity; low for baseline"	"Needs graph digitization"	"No known duplicate"
"T1-006"	"T1-006-T01-DEACT"	"T1-006-T01-B"	"Quinn et al. 2004"	"An evaluation of synthesis gas contaminants as methanol synthesis catalyst poisons"	"https://doi.org/10.1016/j.apcata.2004.05.015"	"Commercial CuO/ZnO/Al2O3 slurry catalyst"	"Powder catalyst; about 10 g oxide catalyst suspended in about 120 g commercial mineral oil"	"Coal-derived syngas"	"Phosphorus"	"PH3"	"1.91"	"250"	"51.71 barg"	"68.2% H2/22.8% CO/4.7% CO2/5.3% N2"	"6000"	"Not reported"	"Methanol-catalyst deactivation rate (% activity loss per hour)"	"0.0096"	"0.256"	"~0"	"2566.667"	"Calculated"	"No"	"Yes"	"Continuous contaminant exposure bracketed by clean syngas | Run/sample: Test 1 | Impurity source: 10-100 ppmv contaminant + 5 vol% CO in H2 secondary blend | Reported concentration: 1.91 ppmv | Dissociative adsorption and Cu3P formation; accelerated poisoning stopped after removal but lost activity was not restored. Primary peer-reviewed record; numerical observation duplicated in T1-008."	"T1-006 PDF p.3 Tables 1-2; same numerical runs appear in T1-008 Tables 4,7,10,14"	"High"	"Modeling-ready for deactivation submodel"	"No known duplicate"
"T1-006"	"T1-006-T02-DEACT"	"T1-006-T02-B"	"Quinn et al. 2004"	"An evaluation of synthesis gas contaminants as methanol synthesis catalyst poisons"	"https://doi.org/10.1016/j.apcata.2004.05.015"	"Commercial CuO/ZnO/Al2O3 slurry catalyst"	"Powder catalyst; about 10 g oxide catalyst suspended in about 120 g commercial mineral oil"	"Coal-derived syngas"	"Sulfur"	"COS"	"2.75"	"250"	"51.71 barg"	"68.2% H2/22.8% CO/4.7% CO2/5.3% N2"	"6000"	"Not reported"	"Methanol-catalyst deactivation rate (% activity loss per hour)"	"0.0717"	"0.5714"	"0.1899"	"696.932"	"Calculated"	"No"	"Yes"	"Continuous contaminant exposure bracketed by clean syngas | Run/sample: Test 2 | Impurity source: 10-100 ppmv contaminant + 5 vol% CO in H2 secondary blend | Reported concentration: 2.75 ppmv | Quantitative sulfur uptake; continued poisoning after feed removal. Primary peer-reviewed record; numerical observation duplicated in T1-008."	"T1-006 PDF p.3 Tables 1-2; same numerical runs appear in T1-008 Tables 4,7,10,14"	"High"	"Modeling-ready for deactivation submodel"	"No known duplicate"
"T1-006"	"T1-006-T03-DEACT"	"T1-006-T03-B"	"Quinn et al. 2004"	"An evaluation of synthesis gas contaminants as methanol synthesis catalyst poisons"	"https://doi.org/10.1016/j.apcata.2004.05.015"	"Commercial CuO/ZnO/Al2O3 slurry catalyst"	"Powder catalyst; about 10 g oxide catalyst suspended in about 120 g commercial mineral oil"	"Coal-derived syngas"	"Sulfur"	"CS2"	"2.07"	"250"	"51.71 barg"	"68.2% H2/22.8% CO/4.7% CO2/5.3% N2"	"6000"	"Not reported"	"Methanol-catalyst deactivation rate (% activity loss per hour)"	"0.066"	"1.33"	"0.999"	"1915.152"	"Calculated"	"No"	"Yes"	"Continuous contaminant exposure bracketed by clean syngas | Run/sample: Test 3 | Impurity source: 10-100 ppmv contaminant + 5 vol% CO in H2 secondary blend | Reported concentration: 2.07 ppmv | Quantitative sulfur uptake; continued poisoning after feed removal. Primary peer-reviewed record; numerical observation duplicated in T1-008."	"T1-006 PDF p.3 Tables 1-2; same numerical runs appear in T1-008 Tables 4,7,10,14"	"High"	"Modeling-ready for deactivation submodel"	"No known duplicate"
"T1-006"	"T1-006-T04-DEACT"	"T1-006-T04-B"	"Quinn et al. 2004"	"An evaluation of synthesis gas contaminants as methanol synthesis catalyst poisons"	"https://doi.org/10.1016/j.apcata.2004.05.015"	"Commercial CuO/ZnO/Al2O3 slurry catalyst"	"Powder catalyst; about 10 g oxide catalyst suspended in about 120 g commercial mineral oil"	"Coal-derived syngas"	"Sulfur"	"Thiophene"	"1.61"	"250"	"51.71 barg"	"68.2% H2/22.8% CO/4.7% CO2/5.3% N2"	"6000"	"Not reported"	"Methanol-catalyst deactivation rate (% activity loss per hour)"	"0.0803"	"1"	"0.0988"	"1145.33"	"Calculated"	"No"	"Yes"	"Continuous contaminant exposure bracketed by clean syngas | Run/sample: Test 4 | Impurity source: 10-100 ppmv contaminant + 5 vol% CO in H2 secondary blend | Reported concentration: 1.61 ppmv | Strong sulfur poisoning; accelerated poisoning stopped after removal but cumulative activity loss remained. Primary peer-reviewed record; numerical observation duplicated in T1-008."	"T1-006 PDF p.3 Tables 1-2; same numerical runs appear in T1-008 Tables 4,7,10,14"	"High"	"Modeling-ready for deactivation submodel"	"No known duplicate"
"T1-006"	"T1-006-T05-DEACT"	"T1-006-T05-B"	"Quinn et al. 2004"	"An evaluation of synthesis gas contaminants as methanol synthesis catalyst poisons"	"https://doi.org/10.1016/j.apcata.2004.05.015"	"Commercial CuO/ZnO/Al2O3 slurry catalyst"	"Powder catalyst; about 10 g oxide catalyst suspended in about 120 g commercial mineral oil"	"Coal-derived syngas"	"Sulfur/Nitrogen"	"CH3SCN"	"2.14"	"250"	"51.71 barg"	"68.2% H2/22.8% CO/4.7% CO2/5.3% N2"	"6000"	"Not reported"	"Methanol-catalyst deactivation rate (% activity loss per hour)"	"0.0374"	"0.674"	"0.323"	"1702.139"	"Calculated"	"No"	"Yes"	"Continuous contaminant exposure bracketed by clean syngas | Run/sample: Test 5 | Impurity source: 10-100 ppmv contaminant + 5 vol% CO in H2 secondary blend | Reported concentration: 2.14 ppmv | Quantitative sulfur uptake; continued poisoning after removal. Primary peer-reviewed record; numerical observation duplicated in T1-008."	"T1-006 PDF p.3 Tables 1-2; same numerical runs appear in T1-008 Tables 4,7,10,14"	"High"	"Modeling-ready for deactivation submodel"	"No known duplicate"
"T1-006"	"T1-006-T06-DEACT"	"T1-006-T06-B"	"Quinn et al. 2004"	"An evaluation of synthesis gas contaminants as methanol synthesis catalyst poisons"	"https://doi.org/10.1016/j.apcata.2004.05.015"	"Commercial CuO/ZnO/Al2O3 slurry catalyst"	"Powder catalyst; about 10 g oxide catalyst suspended in about 120 g commercial mineral oil"	"Coal-derived syngas"	"Halides"	"CH3Cl"	"2.01"	"250"	"51.71 barg"	"68.2% H2/22.8% CO/4.7% CO2/5.3% N2"	"6000"	"Not reported"	"Methanol-catalyst deactivation rate (% activity loss per hour)"	"0.0311"	"0.657"	"0.169"	"2012.54"	"Calculated"	"No"	"Yes"	"Continuous contaminant exposure bracketed by clean syngas | Run/sample: Test 6 | Impurity source: 10-100 ppmv contaminant + 5 vol% CO in H2 secondary blend | Reported concentration: 2.01 ppmv | Hydrogenation can form HCl; CuCl/ZnCl2 pathway and continued poisoning. After 84 h clean feed, slope fell to 0.059%/h for next 200 h. Primary peer-reviewed record; numerical observation duplicated in T1-008."	"T1-006 PDF p.3 Tables 1-2; same numerical runs appear in T1-008 Tables 4,7,10,14"	"High"	"Modeling-ready for deactivation submodel"	"No known duplicate"
"T1-006"	"T1-006-T07-DEACT"	"T1-006-T07-B"	"Quinn et al. 2004"	"An evaluation of synthesis gas contaminants as methanol synthesis catalyst poisons"	"https://doi.org/10.1016/j.apcata.2004.05.015"	"Commercial CuO/ZnO/Al2O3 slurry catalyst"	"Powder catalyst; about 10 g oxide catalyst suspended in about 120 g commercial mineral oil"	"Coal-derived syngas"	"Halides"	"CH3F"	"2.55"	"250"	"51.71 barg"	"68.2% H2/22.8% CO/4.7% CO2/5.3% N2"	"6000"	"Not reported"	"Methanol-catalyst deactivation rate (% activity loss per hour)"	"0.0853"	"0.272"	"0.0498"	"218.875"	"Calculated"	"No"	"Yes"	"Continuous contaminant exposure bracketed by clean syngas | Run/sample: Test 7 | Impurity source: 10-100 ppmv contaminant + 5 vol% CO in H2 secondary blend | Reported concentration: 2.55 ppmv | Less reactive halide; poisoning stopped after removal but activity was not restored. Primary peer-reviewed record; numerical observation duplicated in T1-008."	"T1-006 PDF p.3 Tables 1-2; same numerical runs appear in T1-008 Tables 4,7,10,14"	"High"	"Modeling-ready for deactivation submodel"	"No known duplicate"
"T1-006"	"T1-006-T08-DEACT"	"T1-006-T08-B"	"Quinn et al. 2004"	"An evaluation of synthesis gas contaminants as methanol synthesis catalyst poisons"	"https://doi.org/10.1016/j.apcata.2004.05.015"	"Commercial CuO/ZnO/Al2O3 slurry catalyst"	"Powder catalyst; about 10 g oxide catalyst suspended in about 120 g commercial mineral oil"	"Coal-derived syngas"	"Nitrogen"	"HCN"	"4.24"	"250"	"51.71 barg"	"68.2% H2/22.8% CO/4.7% CO2/5.3% N2"	"6000"	"Not reported"	"Methanol-catalyst deactivation rate (% activity loss per hour)"	"0.042"	"0.039"	"Not reported"	"-7.143"	"Calculated"	"Not reported"	"No statistically significant effect per authors"	"Continuous contaminant exposure bracketed by clean syngas | Run/sample: Test 8 | Impurity source: 10-100 ppmv contaminant + 5 vol% CO in H2 secondary blend | Reported concentration: 4.24 ppmv | Hydrogenation to methylamine proposed; no statistically significant poisoning. Primary peer-reviewed record; numerical observation duplicated in T1-008."	"T1-006 PDF p.3 Tables 1-2; same numerical runs appear in T1-008 Tables 4,7,10,14"	"High"	"Modeling-ready for deactivation submodel"	"No known duplicate"
"T1-006"	"T1-006-T09-DEACT"	"T1-006-T09-B"	"Quinn et al. 2004"	"An evaluation of synthesis gas contaminants as methanol synthesis catalyst poisons"	"https://doi.org/10.1016/j.apcata.2004.05.015"	"Commercial CuO/ZnO/Al2O3 slurry catalyst"	"Powder catalyst; about 10 g oxide catalyst suspended in about 120 g commercial mineral oil"	"Coal-derived syngas"	"Nitrogen"	"HCN"	"6.57"	"250"	"51.71 barg"	"68.2% H2/22.8% CO/4.7% CO2/5.3% N2"	"6000"	"Not reported"	"Methanol-catalyst deactivation rate (% activity loss per hour)"	"0.0438"	"0.059"	"Not reported"	"34.703"	"Calculated"	"Not reported"	"No statistically significant effect per authors"	"Continuous contaminant exposure bracketed by clean syngas | Run/sample: Test 9 | Impurity source: 10-100 ppmv contaminant + 5 vol% CO in H2 secondary blend | Reported concentration: 6.57 ppmv | Hydrogenation to methylamine proposed; no statistically significant poisoning. Primary peer-reviewed record; numerical observation duplicated in T1-008."	"T1-006 PDF p.3 Tables 1-2; same numerical runs appear in T1-008 Tables 4,7,10,14"	"High"	"Modeling-ready for deactivation submodel"	"No known duplicate"
"T1-006"	"T1-006-T10-DEACT"	"T1-006-T10-B"	"Quinn et al. 2004"	"An evaluation of synthesis gas contaminants as methanol synthesis catalyst poisons"	"https://doi.org/10.1016/j.apcata.2004.05.015"	"Commercial CuO/ZnO/Al2O3 slurry catalyst"	"Powder catalyst; about 10 g oxide catalyst suspended in about 120 g commercial mineral oil"	"Coal-derived syngas"	"Nitrogen"	"HCN"	"101.5"	"250"	"51.71 barg"	"68.2% H2/22.8% CO/4.7% CO2/5.3% N2"	"6000"	"Not reported"	"Methanol-catalyst deactivation rate (% activity loss per hour)"	"0.0426"	"0.0569"	"Not reported"	"33.568"	"Calculated"	"Not reported"	"No statistically significant effect per authors"	"Continuous contaminant exposure bracketed by clean syngas | Run/sample: Test 10 | Impurity source: 10-100 ppmv contaminant + 5 vol% CO in H2 secondary blend | Reported concentration: 101.5 ppmv | Hydrogenation to methylamine proposed; no statistically significant poisoning. Primary peer-reviewed record; numerical observation duplicated in T1-008."	"T1-006 PDF p.3 Tables 1-2; same numerical runs appear in T1-008 Tables 4,7,10,14"	"High"	"Modeling-ready for deactivation submodel"	"No known duplicate"
"T1-006"	"T1-006-T11-DEACT"	"T1-006-T11-B"	"Quinn et al. 2004"	"An evaluation of synthesis gas contaminants as methanol synthesis catalyst poisons"	"https://doi.org/10.1016/j.apcata.2004.05.015"	"Commercial CuO/ZnO/Al2O3 slurry catalyst"	"Powder catalyst; about 10 g oxide catalyst suspended in about 120 g commercial mineral oil"	"Coal-derived syngas"	"Nitrogen"	"CH3CN"	"11.5"	"250"	"51.71 barg"	"68.2% H2/22.8% CO/4.7% CO2/5.3% N2"	"6000"	"Not reported"	"Methanol-catalyst deactivation rate (% activity loss per hour)"	"0.087"	"0.0895"	"Not reported"	"2.874"	"Calculated"	"Not reported"	"No statistically significant effect per authors"	"Continuous contaminant exposure bracketed by clean syngas | Run/sample: Test 11 | Impurity source: 10-100 ppmv contaminant + 5 vol% CO in H2 secondary blend | Reported concentration: 11.5 ppmv | Weak/reversible adsorption or hydrogenation; no statistically significant poisoning. Primary peer-reviewed record; numerical observation duplicated in T1-008."	"T1-006 PDF p.3 Tables 1-2; same numerical runs appear in T1-008 Tables 4,7,10,14"	"High"	"Modeling-ready for deactivation submodel"	"No known duplicate"
"T1-006"	"T1-006-T12-DEACT"	"T1-006-T12-B"	"Quinn et al. 2004"	"An evaluation of synthesis gas contaminants as methanol synthesis catalyst poisons"	"https://doi.org/10.1016/j.apcata.2004.05.015"	"Commercial CuO/ZnO/Al2O3 slurry catalyst"	"Powder catalyst; about 10 g oxide catalyst suspended in about 120 g commercial mineral oil"	"Coal-derived syngas"	"Nitrogen"	"CH3NH2"	"2.52"	"250"	"51.71 barg"	"68.2% H2/22.8% CO/4.7% CO2/5.3% N2"	"6000"	"Not reported"	"Methanol-catalyst deactivation rate (% activity loss per hour)"	"0.0803"	"0.0374"	"Not reported"	"-53.425"	"Calculated"	"Not reported"	"No statistically significant effect per authors"	"Continuous contaminant exposure bracketed by clean syngas | Run/sample: Test 12 | Impurity source: 10-100 ppmv contaminant + 5 vol% CO in H2 secondary blend | Reported concentration: 2.52 ppmv | No statistically significant poisoning according to authors despite numerical slope difference. Primary peer-reviewed record; numerical observation duplicated in T1-008."	"T1-006 PDF p.3 Tables 1-2; same numerical runs appear in T1-008 Tables 4,7,10,14"	"High"	"Modeling-ready for deactivation submodel"	"No known duplicate"
"T1-006"	"T1-006-POT-THIOPHENE"	"Model-derived clean-decay trajectory"	"Quinn et al. 2004"	"An evaluation of synthesis gas contaminants as methanol synthesis catalyst poisons"	"https://doi.org/10.1016/j.apcata.2004.05.015"	"Commercial CuO/ZnO/Al2O3 slurry catalyst"	"Powder catalyst; about 10 g oxide catalyst suspended in about 120 g commercial mineral oil"	"Coal-derived syngas"	"Sulfur"	"Thiophene"	"1.61"	"250"	"51.71 barg"	"68.2% H2/22.8% CO/4.7% CO2/5.3% N2"	"6000"	"Not reported"	"Poison potency slope (10^-2 (k'/k*) per cumulative ppm exposure)"	"Not reported"	"1.32"	"Not reported"	"Not reported"	"Measured"	"Not reported"	"Yes"	"Reviewer-retained author-derived poison potency | Run/sample: Poison potency Thiophene | Impurity source: 10-100 ppmv contaminant + 5 vol% CO in H2 secondary blend | Reported concentration: 1.61 ppmv | Author-derived reduced-rate loss per cumulative molar poison exposure"	"T1-006 PDF p.5 Table 4"	"High"	"Modeling-ready for deactivation submodel"	"No known duplicate"
"T1-006"	"T1-006-POT-CH3CL"	"Model-derived clean-decay trajectory"	"Quinn et al. 2004"	"An evaluation of synthesis gas contaminants as methanol synthesis catalyst poisons"	"https://doi.org/10.1016/j.apcata.2004.05.015"	"Commercial CuO/ZnO/Al2O3 slurry catalyst"	"Powder catalyst; about 10 g oxide catalyst suspended in about 120 g commercial mineral oil"	"Coal-derived syngas"	"Halides"	"CH3Cl"	"2.01"	"250"	"51.71 barg"	"68.2% H2/22.8% CO/4.7% CO2/5.3% N2"	"6000"	"Not reported"	"Poison potency slope (10^-2 (k'/k*) per cumulative ppm exposure)"	"Not reported"	"0.82"	"Not reported"	"Not reported"	"Measured"	"Not reported"	"Yes"	"Reviewer-retained author-derived poison potency | Run/sample: Poison potency CH3Cl | Impurity source: 10-100 ppmv contaminant + 5 vol% CO in H2 secondary blend | Reported concentration: 2.01 ppmv | Author-derived reduced-rate loss per cumulative molar poison exposure"	"T1-006 PDF p.5 Table 4"	"High"	"Modeling-ready for deactivation submodel"	"No known duplicate"
"T1-006"	"T1-006-POT-CH3SCN"	"Model-derived clean-decay trajectory"	"Quinn et al. 2004"	"An evaluation of synthesis gas contaminants as methanol synthesis catalyst poisons"	"https://doi.org/10.1016/j.apcata.2004.05.015"	"Commercial CuO/ZnO/Al2O3 slurry catalyst"	"Powder catalyst; about 10 g oxide catalyst suspended in about 120 g commercial mineral oil"	"Coal-derived syngas"	"Sulfur"	"CH3SCN"	"2.14"	"250"	"51.71 barg"	"68.2% H2/22.8% CO/4.7% CO2/5.3% N2"	"6000"	"Not reported"	"Poison potency slope (10^-2 (k'/k*) per cumulative ppm exposure)"	"Not reported"	"0.72"	"Not reported"	"Not reported"	"Measured"	"Not reported"	"Yes"	"Reviewer-retained author-derived poison potency | Run/sample: Poison potency CH3SCN | Impurity source: 10-100 ppmv contaminant + 5 vol% CO in H2 secondary blend | Reported concentration: 2.14 ppmv | Author-derived reduced-rate loss per cumulative molar poison exposure"	"T1-006 PDF p.5 Table 4"	"High"	"Modeling-ready for deactivation submodel"	"No known duplicate"
"T1-006"	"T1-006-POT-CS2"	"Model-derived clean-decay trajectory"	"Quinn et al. 2004"	"An evaluation of synthesis gas contaminants as methanol synthesis catalyst poisons"	"https://doi.org/10.1016/j.apcata.2004.05.015"	"Commercial CuO/ZnO/Al2O3 slurry catalyst"	"Powder catalyst; about 10 g oxide catalyst suspended in about 120 g commercial mineral oil"	"Coal-derived syngas"	"Sulfur"	"CS2"	"2.07"	"250"	"51.71 barg"	"68.2% H2/22.8% CO/4.7% CO2/5.3% N2"	"6000"	"Not reported"	"Poison potency slope (10^-2 (k'/k*) per cumulative ppm exposure)"	"Not reported"	"0.59"	"Not reported"	"Not reported"	"Measured"	"Not reported"	"Yes"	"Reviewer-retained author-derived poison potency | Run/sample: Poison potency CS2 | Impurity source: 10-100 ppmv contaminant + 5 vol% CO in H2 secondary blend | Reported concentration: 2.07 ppmv | Author-derived reduced-rate loss per cumulative molar poison exposure"	"T1-006 PDF p.5 Table 4"	"High"	"Modeling-ready for deactivation submodel"	"No known duplicate"
"T1-006"	"T1-006-POT-COS"	"Model-derived clean-decay trajectory"	"Quinn et al. 2004"	"An evaluation of synthesis gas contaminants as methanol synthesis catalyst poisons"	"https://doi.org/10.1016/j.apcata.2004.05.015"	"Commercial CuO/ZnO/Al2O3 slurry catalyst"	"Powder catalyst; about 10 g oxide catalyst suspended in about 120 g commercial mineral oil"	"Coal-derived syngas"	"Sulfur"	"COS"	"2.75"	"250"	"51.71 barg"	"68.2% H2/22.8% CO/4.7% CO2/5.3% N2"	"6000"	"Not reported"	"Poison potency slope (10^-2 (k'/k*) per cumulative ppm exposure)"	"Not reported"	"0.51"	"Not reported"	"Not reported"	"Measured"	"Not reported"	"Yes"	"Reviewer-retained author-derived poison potency | Run/sample: Poison potency COS | Impurity source: 10-100 ppmv contaminant + 5 vol% CO in H2 secondary blend | Reported concentration: 2.75 ppmv | Author-derived reduced-rate loss per cumulative molar poison exposure"	"T1-006 PDF p.5 Table 4"	"High"	"Modeling-ready for deactivation submodel"	"No known duplicate"
"T1-006"	"T1-006-POT-PH3"	"Model-derived clean-decay trajectory"	"Quinn et al. 2004"	"An evaluation of synthesis gas contaminants as methanol synthesis catalyst poisons"	"https://doi.org/10.1016/j.apcata.2004.05.015"	"Commercial CuO/ZnO/Al2O3 slurry catalyst"	"Powder catalyst; about 10 g oxide catalyst suspended in about 120 g commercial mineral oil"	"Coal-derived syngas"	"Phosphorus"	"PH3"	"1.91"	"250"	"51.71 barg"	"68.2% H2/22.8% CO/4.7% CO2/5.3% N2"	"6000"	"Not reported"	"Poison potency slope (10^-2 (k'/k*) per cumulative ppm exposure)"	"Not reported"	"0.33"	"Not reported"	"Not reported"	"Measured"	"Not reported"	"Yes"	"Reviewer-retained author-derived poison potency | Run/sample: Poison potency PH3 | Impurity source: 10-100 ppmv contaminant + 5 vol% CO in H2 secondary blend | Reported concentration: 1.91 ppmv | Author-derived reduced-rate loss per cumulative molar poison exposure"	"T1-006 PDF p.5 Table 4"	"High"	"Modeling-ready for deactivation submodel"	"No known duplicate"
"T1-006"	"T1-006-POT-CH3F"	"Model-derived clean-decay trajectory"	"Quinn et al. 2004"	"An evaluation of synthesis gas contaminants as methanol synthesis catalyst poisons"	"https://doi.org/10.1016/j.apcata.2004.05.015"	"Commercial CuO/ZnO/Al2O3 slurry catalyst"	"Powder catalyst; about 10 g oxide catalyst suspended in about 120 g commercial mineral oil"	"Coal-derived syngas"	"Halides"	"CH3F"	"2.55"	"250"	"51.71 barg"	"68.2% H2/22.8% CO/4.7% CO2/5.3% N2"	"6000"	"Not reported"	"Poison potency slope (10^-2 (k'/k*) per cumulative ppm exposure)"	"Not reported"	"0.25"	"Not reported"	"Not reported"	"Measured"	"Not reported"	"Yes"	"Reviewer-retained author-derived poison potency | Run/sample: Poison potency CH3F | Impurity source: 10-100 ppmv contaminant + 5 vol% CO in H2 secondary blend | Reported concentration: 2.55 ppmv | Author-derived reduced-rate loss per cumulative molar poison exposure"	"T1-006 PDF p.5 Table 4"	"High"	"Modeling-ready for deactivation submodel"	"No known duplicate"
"T1-006"	"T1-006-SA-THIOPHENE"	"T1-006-FRESH-SA"	"Quinn et al. 2004"	"An evaluation of synthesis gas contaminants as methanol synthesis catalyst poisons"	"https://doi.org/10.1016/j.apcata.2004.05.015"	"Commercial CuO/ZnO/Al2O3 slurry catalyst"	"Powder catalyst; about 10 g oxide catalyst suspended in about 120 g commercial mineral oil"	"Coal-derived syngas"	"Sulfur"	"Thiophene"	"Not reported"	"250"	"51.71 barg"	"68.2% H2/22.8% CO/4.7% CO2/5.3% N2"	"6000"	"Not reported"	"Relative Cu surface area (fraction of freshly reduced catalyst)"	"1"	"0.745"	"Not reported"	"-25.5"	"Calculated"	"Not reported"	"Yes"	"Post-exposure catalyst characterization | Run/sample: Spent catalyst surface area Thiophene | Impurity source: 10-100 ppmv contaminant + 5 vol% CO in H2 secondary blend | Reported concentration: 2280 ppmw element on spent catalyst; 71.1 umol element/gcat | Active Cu surface loss; authors conclude surface-area loss alone does not explain different molar poison potencies"	"T1-006 PDF p.5 Table 5"	"High"	"Mechanism-only"	"No known duplicate"
"T1-006"	"T1-006-SA-CS2"	"T1-006-FRESH-SA"	"Quinn et al. 2004"	"An evaluation of synthesis gas contaminants as methanol synthesis catalyst poisons"	"https://doi.org/10.1016/j.apcata.2004.05.015"	"Commercial CuO/ZnO/Al2O3 slurry catalyst"	"Powder catalyst; about 10 g oxide catalyst suspended in about 120 g commercial mineral oil"	"Coal-derived syngas"	"Sulfur"	"CS2"	"Not reported"	"250"	"51.71 barg"	"68.2% H2/22.8% CO/4.7% CO2/5.3% N2"	"6000"	"Not reported"	"Relative Cu surface area (fraction of freshly reduced catalyst)"	"1"	"0.353"	"Not reported"	"-64.7"	"Calculated"	"Not reported"	"Yes"	"Post-exposure catalyst characterization | Run/sample: Spent catalyst surface area CS2 | Impurity source: 10-100 ppmv contaminant + 5 vol% CO in H2 secondary blend | Reported concentration: 4510 ppmw element on spent catalyst; 140.7 umol element/gcat | Active Cu surface loss; authors conclude surface-area loss alone does not explain different molar poison potencies"	"T1-006 PDF p.5 Table 5"	"High"	"Mechanism-only"	"No known duplicate"
"T1-006"	"T1-006-SA-COS"	"T1-006-FRESH-SA"	"Quinn et al. 2004"	"An evaluation of synthesis gas contaminants as methanol synthesis catalyst poisons"	"https://doi.org/10.1016/j.apcata.2004.05.015"	"Commercial CuO/ZnO/Al2O3 slurry catalyst"	"Powder catalyst; about 10 g oxide catalyst suspended in about 120 g commercial mineral oil"	"Coal-derived syngas"	"Sulfur"	"COS"	"Not reported"	"250"	"51.71 barg"	"68.2% H2/22.8% CO/4.7% CO2/5.3% N2"	"6000"	"Not reported"	"Relative Cu surface area (fraction of freshly reduced catalyst)"	"1"	"0.505"	"Not reported"	"-49.5"	"Calculated"	"Not reported"	"Yes"	"Post-exposure catalyst characterization | Run/sample: Spent catalyst surface area COS | Impurity source: 10-100 ppmv contaminant + 5 vol% CO in H2 secondary blend | Reported concentration: 3320 ppmw element on spent catalyst; 103.6 umol element/gcat | Active Cu surface loss; authors conclude surface-area loss alone does not explain different molar poison potencies"	"T1-006 PDF p.5 Table 5"	"High"	"Mechanism-only"	"No known duplicate"
"T1-006"	"T1-006-SA-CH3CL"	"T1-006-FRESH-SA"	"Quinn et al. 2004"	"An evaluation of synthesis gas contaminants as methanol synthesis catalyst poisons"	"https://doi.org/10.1016/j.apcata.2004.05.015"	"Commercial CuO/ZnO/Al2O3 slurry catalyst"	"Powder catalyst; about 10 g oxide catalyst suspended in about 120 g commercial mineral oil"	"Coal-derived syngas"	"Halides"	"CH3Cl"	"Not reported"	"250"	"51.71 barg"	"68.2% H2/22.8% CO/4.7% CO2/5.3% N2"	"6000"	"Not reported"	"Relative Cu surface area (fraction of freshly reduced catalyst)"	"1"	"0.456"	"Not reported"	"-54.4"	"Calculated"	"Not reported"	"Yes"	"Post-exposure catalyst characterization | Run/sample: Spent catalyst surface area CH3Cl | Impurity source: 10-100 ppmv contaminant + 5 vol% CO in H2 secondary blend | Reported concentration: 2650 ppmw element on spent catalyst; 74.7 umol element/gcat | Active Cu surface loss; authors conclude surface-area loss alone does not explain different molar poison potencies"	"T1-006 PDF p.5 Table 5"	"High"	"Mechanism-only"	"No known duplicate"
"T1-006"	"T1-006-SA-PH3"	"T1-006-FRESH-SA"	"Quinn et al. 2004"	"An evaluation of synthesis gas contaminants as methanol synthesis catalyst poisons"	"https://doi.org/10.1016/j.apcata.2004.05.015"	"Commercial CuO/ZnO/Al2O3 slurry catalyst"	"Powder catalyst; about 10 g oxide catalyst suspended in about 120 g commercial mineral oil"	"Coal-derived syngas"	"Phosphorus"	"PH3"	"Not reported"	"250"	"51.71 barg"	"68.2% H2/22.8% CO/4.7% CO2/5.3% N2"	"6000"	"Not reported"	"Relative Cu surface area (fraction of freshly reduced catalyst)"	"1"	"0.636"	"Not reported"	"-36.4"	"Calculated"	"Not reported"	"Yes"	"Post-exposure catalyst characterization | Run/sample: Spent catalyst surface area PH3 | Impurity source: 10-100 ppmv contaminant + 5 vol% CO in H2 secondary blend | Reported concentration: 1580 ppmw element on spent catalyst; 51 umol element/gcat | Active Cu surface loss; authors conclude surface-area loss alone does not explain different molar poison potencies"	"T1-006 PDF p.5 Table 5"	"High"	"Mechanism-only"	"No known duplicate"
"T1-010"	"T1-010-CUZNO-X"	"T1-010-CUZNO-T0-X"	"Ma et al. 2008"	"Study on the sulfur tolerance of catalysts for syngas to methanol"	"https://doi.org/10.1016/j.catcom.2008.07.045"	"Cu/ZnO (Cu:Zn=2 molar)"	"Pd/CeO2 co-precipitated from PdCl2 and cerium nitrate with Na2CO3 at 55 C and pH 8-9; dried 120 C overnight; calcined 360 C 6 h; pelletized 20 MPa, crushed/sieved 20-40 mesh. Pd/Al2O3 and Cu/ZnO (Cu:Zn=2 molar) prepared similarly."	"Synthetic laboratory feed"	"Sulfur"	"H2S"	"3"	"240"	"30"	"61.3% H2/30.6% CO/5.1% CO2/3.0% N2"	"1000"	"7"	"CO conversion (%)"	"24.5"	"<1"	"Not reported"	"Not reported"	"Measured"	"Not reported"	"Yes; rapid"	"Continuous H2S-contaminated syngas stability test | Run/sample: Cu/ZnO 3 ppm H2S | Impurity source: H2S in synthetic syngas | Reported concentration: 3 ppm | CuS and ZnS formation destroyed Cu-ZnO synergy"	"T1-010 PDF pp.1-2 Fig.1 and explicit results text"	"High; impure endpoint censored"	"Modeling-ready for deactivation submodel"	"No known duplicate"
"T1-010"	"T1-010-CUZNO-S"	"T1-010-CUZNO-T0-S"	"Ma et al. 2008"	"Study on the sulfur tolerance of catalysts for syngas to methanol"	"https://doi.org/10.1016/j.catcom.2008.07.045"	"Cu/ZnO (Cu:Zn=2 molar)"	"Pd/CeO2 co-precipitated from PdCl2 and cerium nitrate with Na2CO3 at 55 C and pH 8-9; dried 120 C overnight; calcined 360 C 6 h; pelletized 20 MPa, crushed/sieved 20-40 mesh. Pd/Al2O3 and Cu/ZnO (Cu:Zn=2 molar) prepared similarly."	"Synthetic laboratory feed"	"Sulfur"	"H2S"	"3"	"240"	"30"	"61.3% H2/30.6% CO/5.1% CO2/3.0% N2"	"1000"	"7"	"MeOH selectivity (%)"	"Needs graph digitization from Fig.1"	">90"	"Not reported"	"Not reported"	"Measured"	"Not reported"	"Conversion deactivated while selectivity remained high"	"Continuous H2S-contaminated syngas stability test | Run/sample: Cu/ZnO 3 ppm H2S | Impurity source: H2S in synthetic syngas | Reported concentration: 3 ppm | CuS and ZnS formation"	"T1-010 PDF pp.1-2 Fig.1 and explicit results text"	"Medium; censored text endpoint"	"Needs graph digitization"	"No known duplicate"
"T1-010"	"T1-010-PDAL-X"	"T1-010-PDAL-T0-X"	"Ma et al. 2008"	"Study on the sulfur tolerance of catalysts for syngas to methanol"	"https://doi.org/10.1016/j.catcom.2008.07.045"	"15 wt% Pd/Al2O3"	"Pd/CeO2 co-precipitated from PdCl2 and cerium nitrate with Na2CO3 at 55 C and pH 8-9; dried 120 C overnight; calcined 360 C 6 h; pelletized 20 MPa, crushed/sieved 20-40 mesh. Pd/Al2O3 and Cu/ZnO (Cu:Zn=2 molar) prepared similarly."	"Synthetic laboratory feed"	"Sulfur"	"H2S"	"3"	"240"	"30"	"61.3% H2/30.6% CO/5.1% CO2/3.0% N2"	"1000"	"100"	"CO conversion (%)"	"Needs graph digitization from Fig.1"	"5.3"	"Not reported"	"Not reported"	"Measured"	"Not reported"	"Yes; continuous decline"	"Continuous H2S-contaminated syngas stability test | Run/sample: 15 wt% Pd/Al2O3 3 ppm H2S | Impurity source: H2S in synthetic syngas | Reported concentration: 3 ppm | PdS formation and quantitative sulfur adsorption"	"T1-010 PDF pp.1-2 Fig.1 and explicit results text"	"High for final endpoint; baseline graph-only"	"Needs graph digitization"	"No known duplicate"
"T1-010"	"T1-010-PDAL-S"	"T1-010-PDAL-T0-S"	"Ma et al. 2008"	"Study on the sulfur tolerance of catalysts for syngas to methanol"	"https://doi.org/10.1016/j.catcom.2008.07.045"	"15 wt% Pd/Al2O3"	"Pd/CeO2 co-precipitated from PdCl2 and cerium nitrate with Na2CO3 at 55 C and pH 8-9; dried 120 C overnight; calcined 360 C 6 h; pelletized 20 MPa, crushed/sieved 20-40 mesh. Pd/Al2O3 and Cu/ZnO (Cu:Zn=2 molar) prepared similarly."	"Synthetic laboratory feed"	"Sulfur"	"H2S"	"3"	"240"	"30"	"61.3% H2/30.6% CO/5.1% CO2/3.0% N2"	"1000"	"100"	"MeOH selectivity (%)"	"Needs graph digitization from Fig.1"	"42"	"Not reported"	"Not reported"	"Measured"	"Not reported"	"Yes; continuous decline"	"Continuous H2S-contaminated syngas stability test | Run/sample: 15 wt% Pd/Al2O3 3 ppm H2S | Impurity source: H2S in synthetic syngas | Reported concentration: 3 ppm | PdS formation and quantitative sulfur adsorption"	"T1-010 PDF pp.1-2 Fig.1 and explicit results text"	"High for final endpoint; baseline graph-only"	"Needs graph digitization"	"No known duplicate"
"T1-010"	"T1-010-PDCE-X"	"T1-010-PDCE-T0-X"	"Ma et al. 2008"	"Study on the sulfur tolerance of catalysts for syngas to methanol"	"https://doi.org/10.1016/j.catcom.2008.07.045"	"15 wt% Pd/CeO2"	"Pd/CeO2 co-precipitated from PdCl2 and cerium nitrate with Na2CO3 at 55 C and pH 8-9; dried 120 C overnight; calcined 360 C 6 h; pelletized 20 MPa, crushed/sieved 20-40 mesh. Pd/Al2O3 and Cu/ZnO (Cu:Zn=2 molar) prepared similarly."	"Synthetic laboratory feed"	"Sulfur"	"H2S"	"30"	"240"	"30"	"61.3% H2/30.6% CO/5.1% CO2/3.0% N2"	"1000"	"100"	"CO conversion (%)"	"Needs graph digitization from Fig.1"	"18.3"	"Not reported"	"Not reported"	"Measured"	"Not reported"	"Initial decline followed by stabilization/self-recovery during continued H2S"	"Continuous H2S-contaminated syngas stability test | Run/sample: 15 wt% Pd/CeO2 30 ppm H2S | Impurity source: H2S in synthetic syngas | Reported concentration: 30 ppm | Ceria oxygen transfer oxidizes sulfur; <6% retained"	"T1-010 PDF pp.1-2 Fig.1 and explicit results text"	"High for final endpoint; baseline graph-only"	"Possible duplicate observation"	"Possible duplicate"
"T1-010"	"T1-010-PDCE-S"	"T1-010-PDCE-T0-S"	"Ma et al. 2008"	"Study on the sulfur tolerance of catalysts for syngas to methanol"	"https://doi.org/10.1016/j.catcom.2008.07.045"	"15 wt% Pd/CeO2"	"Pd/CeO2 co-precipitated from PdCl2 and cerium nitrate with Na2CO3 at 55 C and pH 8-9; dried 120 C overnight; calcined 360 C 6 h; pelletized 20 MPa, crushed/sieved 20-40 mesh. Pd/Al2O3 and Cu/ZnO (Cu:Zn=2 molar) prepared similarly."	"Synthetic laboratory feed"	"Sulfur"	"H2S"	"30"	"240"	"30"	"61.3% H2/30.6% CO/5.1% CO2/3.0% N2"	"1000"	"100"	"MeOH selectivity (%)"	"Needs graph digitization from Fig.1"	"89"	"Not reported"	"Not reported"	"Measured"	"Not reported"	"Initial decline followed by stabilization/self-recovery during continued H2S"	"Continuous H2S-contaminated syngas stability test | Run/sample: 15 wt% Pd/CeO2 30 ppm H2S | Impurity source: H2S in synthetic syngas | Reported concentration: 30 ppm | Ceria oxygen transfer oxidizes sulfur; <6% retained"	"T1-010 PDF pp.1-2 Fig.1 and explicit results text"	"High for final endpoint; baseline graph-only"	"Possible duplicate observation"	"Possible duplicate"
"T1-010"	"T1-010-OPT-T220-X"	"Not reported"	"Ma et al. 2008"	"Study on the sulfur tolerance of catalysts for syngas to methanol"	"https://doi.org/10.1016/j.catcom.2008.07.045"	"15 wt% Pd/CeO2"	"Pd/CeO2 co-precipitated from PdCl2 and cerium nitrate with Na2CO3 at 55 C and pH 8-9; dried 120 C overnight; calcined 360 C 6 h; pelletized 20 MPa, crushed/sieved 20-40 mesh. Pd/Al2O3 and Cu/ZnO (Cu:Zn=2 molar) prepared similarly."	"Synthetic laboratory feed"	"Sulfur"	"H2S"	"11"	"220"	"30"	"61.3% H2/30.6% CO/5.1% CO2/3.0% N2"	"1000"	"Not reported"	"CO conversion (%)"	"Not reported"	"7.9"	"Not reported"	"Not reported"	"Measured"	"Not reported"	"Not evaluable without clean comparator"	"Contaminated-feed operating-condition series | Run/sample: Pd/CeO2 temperature optimization | Impurity source: H2S in synthetic syngas | Reported concentration: 11 ppm | Operating-condition response under sulfur-contaminated feed"	"T1-010 PDF p.3 Fig.3 and explicit text"	"High for text-reported point"	"Modeling-ready for impurity-scenario inputs"	"No known duplicate"
"T1-010"	"T1-010-OPT-T280-X"	"Not reported"	"Ma et al. 2008"	"Study on the sulfur tolerance of catalysts for syngas to methanol"	"https://doi.org/10.1016/j.catcom.2008.07.045"	"15 wt% Pd/CeO2"	"Pd/CeO2 co-precipitated from PdCl2 and cerium nitrate with Na2CO3 at 55 C and pH 8-9; dried 120 C overnight; calcined 360 C 6 h; pelletized 20 MPa, crushed/sieved 20-40 mesh. Pd/Al2O3 and Cu/ZnO (Cu:Zn=2 molar) prepared similarly."	"Synthetic laboratory feed"	"Sulfur"	"H2S"	"11"	"280"	"30"	"61.3% H2/30.6% CO/5.1% CO2/3.0% N2"	"1000"	"Not reported"	"CO conversion (%)"	"Not reported"	"22.2"	"Not reported"	"Not reported"	"Measured"	"Not reported"	"Not evaluable without clean comparator"	"Contaminated-feed operating-condition series | Run/sample: Pd/CeO2 temperature optimization | Impurity source: H2S in synthetic syngas | Reported concentration: 11 ppm | Operating-condition response under sulfur-contaminated feed"	"T1-010 PDF p.3 Fig.3 and explicit text"	"High for text-reported point"	"Modeling-ready for impurity-scenario inputs"	"No known duplicate"
"T1-010"	"T1-010-OPT-T240-S"	"Not reported"	"Ma et al. 2008"	"Study on the sulfur tolerance of catalysts for syngas to methanol"	"https://doi.org/10.1016/j.catcom.2008.07.045"	"15 wt% Pd/CeO2"	"Pd/CeO2 co-precipitated from PdCl2 and cerium nitrate with Na2CO3 at 55 C and pH 8-9; dried 120 C overnight; calcined 360 C 6 h; pelletized 20 MPa, crushed/sieved 20-40 mesh. Pd/Al2O3 and Cu/ZnO (Cu:Zn=2 molar) prepared similarly."	"Synthetic laboratory feed"	"Sulfur"	"H2S"	"11"	"240"	"30"	"61.3% H2/30.6% CO/5.1% CO2/3.0% N2"	"1000"	"Not reported"	"MeOH selectivity (%)"	"Not reported"	"74.5"	"Not reported"	"Not reported"	"Measured"	"Not reported"	"Not evaluable without clean comparator"	"Contaminated-feed operating-condition series | Run/sample: Pd/CeO2 temperature optimization | Impurity source: H2S in synthetic syngas | Reported concentration: 11 ppm | Operating-condition response under sulfur-contaminated feed"	"T1-010 PDF p.3 Fig.3 and explicit text"	"High for text-reported point"	"Modeling-ready for impurity-scenario inputs"	"No known duplicate"
"T1-010"	"T1-010-OPT-1500-X"	"Not reported"	"Ma et al. 2008"	"Study on the sulfur tolerance of catalysts for syngas to methanol"	"https://doi.org/10.1016/j.catcom.2008.07.045"	"15 wt% Pd/CeO2"	"Pd/CeO2 co-precipitated from PdCl2 and cerium nitrate with Na2CO3 at 55 C and pH 8-9; dried 120 C overnight; calcined 360 C 6 h; pelletized 20 MPa, crushed/sieved 20-40 mesh. Pd/Al2O3 and Cu/ZnO (Cu:Zn=2 molar) prepared similarly."	"Synthetic laboratory feed"	"Sulfur"	"H2S"	"11"	"240"	"30"	"61.3% H2/30.6% CO/5.1% CO2/3.0% N2"	"1500"	"Not reported"	"CO conversion (%)"	"Not reported"	"14.6"	"Not reported"	"Not reported"	"Measured"	"Not reported"	"Not evaluable without clean comparator"	"Contaminated-feed operating-condition point | Run/sample: Pd/CeO2 optimized point | Impurity source: H2S in synthetic syngas | Reported concentration: 11 ppm | Operating-condition response under sulfur-contaminated feed"	"T1-010 PDF p.4 explicit results text"	"High"	"Modeling-ready for impurity-scenario inputs"	"No known duplicate"
"T1-010"	"T1-010-OPT-1500-S"	"Not reported"	"Ma et al. 2008"	"Study on the sulfur tolerance of catalysts for syngas to methanol"	"https://doi.org/10.1016/j.catcom.2008.07.045"	"15 wt% Pd/CeO2"	"Pd/CeO2 co-precipitated from PdCl2 and cerium nitrate with Na2CO3 at 55 C and pH 8-9; dried 120 C overnight; calcined 360 C 6 h; pelletized 20 MPa, crushed/sieved 20-40 mesh. Pd/Al2O3 and Cu/ZnO (Cu:Zn=2 molar) prepared similarly."	"Synthetic laboratory feed"	"Sulfur"	"H2S"	"11"	"240"	"30"	"61.3% H2/30.6% CO/5.1% CO2/3.0% N2"	"1500"	"Not reported"	"MeOH selectivity (%)"	"Not reported"	"75.2"	"Not reported"	"Not reported"	"Measured"	"Not reported"	"Not evaluable without clean comparator"	"Contaminated-feed operating-condition point | Run/sample: Pd/CeO2 optimized point | Impurity source: H2S in synthetic syngas | Reported concentration: 11 ppm | Operating-condition response under sulfur-contaminated feed"	"T1-010 PDF p.4 explicit results text"	"High"	"Modeling-ready for impurity-scenario inputs"	"No known duplicate"
"T1-012"	"T1-012-PDAL-X"	"T1-012-PDAL-T0-X"	"Ma et al. 2008"	"A sulfur-tolerant Pd/CeO2 catalyst for methanol synthesis from syngas"	"https://doi.org/Not reported in uploaded PDF"	"15 wt% Pd/Al2O3"	"Conventional co-precipitation using PdCl2 precursor and sodium carbonate precipitant"	"Synthetic laboratory feed"	"Sulfur"	"H2S"	"30"	"240"	"30"	"61.3% H2/30.6% CO/5.1% CO2/3.0% N2"	"1000"	"100"	"CO conversion (%)"	"20.1"	"2.6"	"Not reported"	"-87.065"	"Calculated"	"Not reported"	"Yes; continuous decline"	"Continuous sulfur-contaminated syngas stability test | Run/sample: Pd/Al2O3 30 ppm H2S | Impurity source: H2S in synthetic syngas | Reported concentration: 30 ppm | PdS formation; sulfur quantitatively adsorbed"	"T1-012 PDF pp.2-4 Figs.1-4 and explicit results text"	"High"	"Modeling-ready for deactivation submodel"	"No known duplicate"
"T1-012"	"T1-012-PDAL-S"	"T1-012-PDAL-T0-S"	"Ma et al. 2008"	"A sulfur-tolerant Pd/CeO2 catalyst for methanol synthesis from syngas"	"https://doi.org/Not reported in uploaded PDF"	"15 wt% Pd/Al2O3"	"Conventional co-precipitation using PdCl2 precursor and sodium carbonate precipitant"	"Synthetic laboratory feed"	"Sulfur"	"H2S"	"30"	"240"	"30"	"61.3% H2/30.6% CO/5.1% CO2/3.0% N2"	"1000"	"100"	"MeOH selectivity (%)"	"85.1"	"46.2"	"Not reported"	"-45.711"	"Calculated"	"Not reported"	"Yes; continuous decline"	"Continuous sulfur-contaminated syngas stability test | Run/sample: Pd/Al2O3 30 ppm H2S | Impurity source: H2S in synthetic syngas | Reported concentration: 30 ppm | PdS formation; sulfur quantitatively adsorbed"	"T1-012 PDF pp.2-4 Figs.1-4 and explicit results text"	"High"	"Modeling-ready for deactivation submodel"	"No known duplicate"
"T1-012"	"T1-012-PDCE-Y"	"T1-012-PDCE-CLEAN-Y"	"Ma et al. 2008"	"A sulfur-tolerant Pd/CeO2 catalyst for methanol synthesis from syngas"	"https://doi.org/Not reported in uploaded PDF"	"15 wt% Pd/CeO2"	"Conventional co-precipitation using PdCl2 precursor and sodium carbonate precipitant"	"Synthetic laboratory feed"	"Sulfur"	"H2S"	"30"	"240"	"30"	"61.3% H2/30.6% CO/5.1% CO2/3.0% N2"	"1000"	"100"	"MeOH yield (%)"	"16.4"	"16.4"	"Not reported"	"0"	"Calculated"	"Not reported"	"No measurable MeOH-yield loss after initiation"	"Paired sulfur-free and sulfur-containing feed comparison after initiation | Run/sample: Pd/CeO2 clean vs 30 ppm H2S | Impurity source: H2S in synthetic syngas | Reported concentration: 30 ppm | Ceria lattice oxygen oxidizes sulfur; active Pd centers preserved"	"T1-012 PDF pp.2-4 Figs.1-4 and explicit results text"	"High"	"Modeling-ready for methanol-output model"	"Possible overlap with T1-010; preferred paired result"
"T1-012"	"T1-012-PDCE-X"	"T1-012-PDCE-CLEAN-X"	"Ma et al. 2008"	"A sulfur-tolerant Pd/CeO2 catalyst for methanol synthesis from syngas"	"https://doi.org/Not reported in uploaded PDF"	"15 wt% Pd/CeO2"	"Conventional co-precipitation using PdCl2 precursor and sodium carbonate precipitant"	"Synthetic laboratory feed"	"Sulfur"	"H2S"	"30"	"240"	"30"	"61.3% H2/30.6% CO/5.1% CO2/3.0% N2"	"1000"	"100"	"CO conversion (%)"	"Sulfur-free conversion stated as only 2% higher; exact clean endpoint requires Fig.1 digitization"	"18.1"	"Not reported"	"Not reported"	"Measured"	"Not reported"	"Active Pd substantially preserved"	"Paired clean/contaminated stability series | Run/sample: Pd/CeO2 clean vs 30 ppm H2S | Impurity source: H2S in synthetic syngas | Reported concentration: 30 ppm | Sulfur oxidized mainly to sulfate as ceria is partially reduced; <6% of fed sulfur retained"	"T1-012 PDF pp.2-4 Figs.1-4 and explicit results text"	"High for impure endpoint; clean endpoint graph/text bounded"	"Possible duplicate observation"	"Possible duplicate"
"T1-012"	"T1-012-PDCE-S"	"T1-012-PDCE-CLEAN-S"	"Ma et al. 2008"	"A sulfur-tolerant Pd/CeO2 catalyst for methanol synthesis from syngas"	"https://doi.org/Not reported in uploaded PDF"	"15 wt% Pd/CeO2"	"Conventional co-precipitation using PdCl2 precursor and sodium carbonate precipitant"	"Synthetic laboratory feed"	"Sulfur"	"H2S"	"30"	"240"	"30"	"61.3% H2/30.6% CO/5.1% CO2/3.0% N2"	"1000"	"100"	"MeOH selectivity (%)"	"Sulfur-free selectivity did not exceed 83%; exact clean endpoint requires Fig.1 digitization"	"89.1"	"Not reported"	"Not reported"	"Measured"	"Not reported"	"Active Pd substantially preserved"	"Paired clean/contaminated stability series | Run/sample: Pd/CeO2 clean vs 30 ppm H2S | Impurity source: H2S in synthetic syngas | Reported concentration: 30 ppm | Sulfur oxidized mainly to sulfate as ceria is partially reduced; <6% of fed sulfur retained"	"T1-012 PDF pp.2-4 Figs.1-4 and explicit results text"	"High for impure endpoint; clean endpoint graph/text bounded"	"Possible duplicate observation"	"Possible duplicate"
"T1-005"	"T1-005-MEOH-CO2X"	"T1-005-MEOH-B"	"Bie et al. 2025"	"NH3-Induced Challenges in CO2 Hydrogenation over the Cu/ZnO/Al2O3 Catalyst"	"https://doi.org/10.1021/jacsau.4c01097"	"Commercial Cu/ZnO/Al2O3 (58.2 wt% Cu; 29.6 wt% ZnO)"	"58.2 wt% Cu and 29.6 wt% ZnO by ICP-OES"	"Synthetic laboratory feed"	"Nitrogen"	"NH3"	"14000"	"250"	"30"	"H2:CO2:N2 = 3:1:1"	"Not reported"	"<1 h"	"CO2 conversion (%)"	"3.9"	"1.4"	"Returned to initial activity; exact value not reported"	"-64.103"	"Calculated"	"Yes (short-term)"	"Yes"	"Short-term continuous NH3 exposure followed by removal | Run/sample: Pressurized methanol test | Impurity source: NH3 added to reactor feed | Reported concentration: 1.4 vol% | Competitive adsorption; NH3 suppresses carbonate hydrogenation and blocks sites involved in methanol formation."	"T1-005 PDF pp.2-3, Fig. 1E-F and explicit results text"	"High"	"Mechanism-only"	"No known duplicate"
"T1-005"	"T1-005-MEOH-MSEL"	"T1-005-MEOH-B"	"Bie et al. 2025"	"NH3-Induced Challenges in CO2 Hydrogenation over the Cu/ZnO/Al2O3 Catalyst"	"https://doi.org/10.1021/jacsau.4c01097"	"Commercial Cu/ZnO/Al2O3 (58.2 wt% Cu; 29.6 wt% ZnO)"	"58.2 wt% Cu and 29.6 wt% ZnO by ICP-OES"	"Synthetic laboratory feed"	"Nitrogen"	"NH3"	"14000"	"250"	"30"	"H2:CO2:N2 = 3:1:1"	"Not reported"	"<1 h"	"Methanol selectivity (%)"	"38.3"	"16.1"	"Returned to initial activity; exact value not reported"	"-57.963"	"Calculated"	"Yes (short-term)"	"Yes"	"Short-term continuous NH3 exposure followed by removal | Run/sample: Pressurized methanol test | Impurity source: NH3 added to reactor feed | Reported concentration: 1.4 vol% | Competitive adsorption; NH3 suppresses carbonate hydrogenation and blocks sites involved in methanol formation."	"T1-005 PDF pp.2-3, Fig. 1E-F and explicit results text"	"High"	"Modeling-ready for methanol-output model"	"No known duplicate"
"T1-005"	"T1-005-MEOH-MRATE"	"T1-005-MEOH-B"	"Bie et al. 2025"	"NH3-Induced Challenges in CO2 Hydrogenation over the Cu/ZnO/Al2O3 Catalyst"	"https://doi.org/10.1021/jacsau.4c01097"	"Commercial Cu/ZnO/Al2O3 (58.2 wt% Cu; 29.6 wt% ZnO)"	"58.2 wt% Cu and 29.6 wt% ZnO by ICP-OES"	"Synthetic laboratory feed"	"Nitrogen"	"NH3"	"14000"	"250"	"30"	"H2:CO2:N2 = 3:1:1"	"Not reported"	"<1 h"	"Methanol formation rate (mmol h^-1 gcat^-1)"	"16"	"2.4"	"Returned to initial activity; exact value not reported"	"-85"	"Calculated"	"Yes (short-term)"	"Yes"	"Short-term continuous NH3 exposure followed by removal | Run/sample: Pressurized methanol test | Impurity source: NH3 added to reactor feed | Reported concentration: 1.4 vol% | Competitive adsorption; NH3 suppresses carbonate hydrogenation and blocks sites involved in methanol formation."	"T1-005 PDF pp.2-3, Fig. 1E-F and explicit results text"	"High"	"Modeling-ready for methanol-output model"	"No known duplicate"
"T1-005"	"T1-005-RWGS-300-1.4"	"T1-005-RWGS-300-1.4-B"	"Bie et al. 2025"	"NH3-Induced Challenges in CO2 Hydrogenation over the Cu/ZnO/Al2O3 Catalyst"	"https://doi.org/10.1021/jacsau.4c01097"	"Commercial Cu/ZnO/Al2O3 (58.2 wt% Cu; 29.6 wt% ZnO)"	"58.2 wt% Cu and 29.6 wt% ZnO by ICP-OES"	"Synthetic laboratory feed"	"Nitrogen"	"NH3"	"14000"	"300"	"1"	"H2:CO2:N2 = 1:1:1"	"Not reported"	"<1 h"	"CO2 conversion (%)"	"4.4"	"0.9"	"Returned to initial activity after NH3 removal"	"-79.545"	"Calculated"	"Yes (short-term)"	"Yes"	"Continuous NH3 exposure | Run/sample: Short-term RWGS concentration/temperature series | Impurity source: NH3 added to reactor feed | Reported concentration: 1.4 vol% | NH3 competes with CO2 and H2 for adsorption; ammonium carbonate/bicarbonate also form at low temperature."	"T1-005 PDF pp.2-3, Fig. 1A,D and text"	"High"	"Mechanism-only"	"No known duplicate"
"T1-005"	"T1-005-RWGS-300-5"	"T1-005-RWGS-300-5-B"	"Bie et al. 2025"	"NH3-Induced Challenges in CO2 Hydrogenation over the Cu/ZnO/Al2O3 Catalyst"	"https://doi.org/10.1021/jacsau.4c01097"	"Commercial Cu/ZnO/Al2O3 (58.2 wt% Cu; 29.6 wt% ZnO)"	"58.2 wt% Cu and 29.6 wt% ZnO by ICP-OES"	"Synthetic laboratory feed"	"Nitrogen"	"NH3"	"50000"	"300"	"1"	"H2:CO2:N2 = 1:1:1"	"Not reported"	"<1 h"	"CO2 conversion (%)"	"Not reported"	"0.06"	"Returned toward initial activity after NH3 removal"	"Not reported"	"Measured"	"Yes (short-term)"	"Yes"	"Continuous NH3 exposure | Run/sample: Short-term RWGS concentration/temperature series | Impurity source: NH3 added to reactor feed | Reported concentration: 5 vol% | NH3 competes with CO2 and H2 for adsorption; ammonium carbonate/bicarbonate also form at low temperature."	"T1-005 PDF pp.2-3, Fig. 1A,D and text"	"High"	"Mechanism-only"	"No known duplicate"
"T1-005"	"T1-005-RWGS-400-5"	"T1-005-RWGS-400-5-B"	"Bie et al. 2025"	"NH3-Induced Challenges in CO2 Hydrogenation over the Cu/ZnO/Al2O3 Catalyst"	"https://doi.org/10.1021/jacsau.4c01097"	"Commercial Cu/ZnO/Al2O3 (58.2 wt% Cu; 29.6 wt% ZnO)"	"58.2 wt% Cu and 29.6 wt% ZnO by ICP-OES"	"Synthetic laboratory feed"	"Nitrogen"	"NH3"	"50000"	"400"	"1"	"H2:CO2:N2 = 1:1:1"	"Not reported"	"<1 h"	"CO2 conversion (%)"	"15.6"	"10.1"	"Not reported"	"-35.256"	"Calculated"	"Yes (short-term)"	"Yes"	"Continuous NH3 exposure | Run/sample: Short-term RWGS concentration/temperature series | Impurity source: NH3 added to reactor feed | Reported concentration: 5 vol% | NH3 competes with CO2 and H2 for adsorption; ammonium carbonate/bicarbonate also form at low temperature."	"T1-005 PDF pp.2-3, Fig. 1B and text"	"High"	"Mechanism-only"	"No known duplicate"
"T1-005"	"T1-005-LONG-X"	"T1-005-LONG-B"	"Bie et al. 2025"	"NH3-Induced Challenges in CO2 Hydrogenation over the Cu/ZnO/Al2O3 Catalyst"	"https://doi.org/10.1021/jacsau.4c01097"	"Commercial Cu/ZnO/Al2O3 (58.2 wt% Cu; 29.6 wt% ZnO)"	"58.2 wt% Cu and 29.6 wt% ZnO by ICP-OES"	"Synthetic laboratory feed"	"Nitrogen"	"NH3"	"14000"	"400"	"1"	"H2:CO2:N2 = 1:1:1"	"Not reported"	"100"	"CO2 conversion after 100 h (%)"	"15.7"	"0.6"	"3.3"	"-96.178"	"Calculated"	"No (largely irreversible after 100 h)"	"Yes"	"Long-term NH3 exposure followed by removal | Run/sample: 100 h RWGS stability test | Impurity source: NH3 added to reactor feed | Reported concentration: 1.4 vol% | Loss of surface Cu+ sites, Cu-ZnO spatial separation, and loss of redox properties after prolonged NH3 exposure."	"T1-005 PDF pp.4-5, Fig. 3 and explicit results text"	"High"	"Mechanism-only"	"No known duplicate"
"T1-005"	"T1-005-LONG-COSEL"	"T1-005-LONG-B"	"Bie et al. 2025"	"NH3-Induced Challenges in CO2 Hydrogenation over the Cu/ZnO/Al2O3 Catalyst"	"https://doi.org/10.1021/jacsau.4c01097"	"Commercial Cu/ZnO/Al2O3 (58.2 wt% Cu; 29.6 wt% ZnO)"	"58.2 wt% Cu and 29.6 wt% ZnO by ICP-OES"	"Synthetic laboratory feed"	"Nitrogen"	"NH3"	"14000"	"400"	"1"	"H2:CO2:N2 = 1:1:1"	"Not reported"	"100"	"CO selectivity after 100 h (%)"	"Not reported"	"54.5"	"Not reported"	"Not reported"	"Measured"	"No (largely irreversible after 100 h)"	"Yes"	"Long-term NH3 exposure followed by removal | Run/sample: 100 h RWGS stability test | Impurity source: NH3 added to reactor feed | Reported concentration: 1.4 vol% | Loss of surface Cu+ sites, Cu-ZnO spatial separation, and loss of redox properties after prolonged NH3 exposure."	"T1-005 PDF pp.4-5, Fig. 3 and explicit results text"	"High"	"Mechanism-only"	"No known duplicate"
"T1-014"	"T1-014-PULSE-NH3"	"T1-014-PULSE-N2-B"	"Laudenschleger et al. 2020"	"Identifying the nature of the active sites in methanol synthesis over Cu/ZnO/Al2O3 catalysts"	"https://doi.org/10.1038/s41467-020-17631-5"	"Industrial Cu/ZnO/Al2O3 supplied by Clariant"	"100 mg for HPPE; 200 mg for continuous dosing; 250-355 um sieve fraction"	"Synthetic laboratory feed"	"Nitrogen"	"NH3"	"100-5000"	"210"	"60"	"13.5% CO/3.5% CO2/73.5% H2/9.5% N2"	"Not reported"	"Pulse; recovery monitored until initial methanol rate returned"	"Inhibition strength a (slope of non-produced methanol vs injected mole fraction) (mol per unit injected mole fraction)"	"0"	"3.643E-08"	"Initial methanol formation rate recovered"	"Not applicable"	"Measured"	"Yes"	"Yes (temporary inhibition)"	"Reversible poison pulse series | Run/sample: High-pressure pulse concentration series | Impurity source: 1 mL high-pressure sample-loop pulse | Reported concentration: 0.01-0.5 mol% (linear below 0.2%) | Adsorption plus consecutive methylation consumes oxygen-containing methanol intermediates; strongest reversible poison tested."	"T1-014 PDF p.3 Fig. 1; pp.6-8 Methods"	"High"	"Modeling-ready for deactivation submodel"	"No known duplicate"
"T1-014"	"T1-014-PULSE-NO"	"T1-014-PULSE-N2-B"	"Laudenschleger et al. 2020"	"Identifying the nature of the active sites in methanol synthesis over Cu/ZnO/Al2O3 catalysts"	"https://doi.org/10.1038/s41467-020-17631-5"	"Industrial Cu/ZnO/Al2O3 supplied by Clariant"	"100 mg for HPPE; 200 mg for continuous dosing; 250-355 um sieve fraction"	"Synthetic laboratory feed"	"Nitrogen"	"NO"	"100-2000"	"210"	"60"	"13.5% CO/3.5% CO2/73.5% H2/9.5% N2"	"Not reported"	"Pulse; recovery monitored until initial methanol rate returned"	"Inhibition strength a (slope of non-produced methanol vs injected mole fraction) (mol per unit injected mole fraction)"	"0"	"2.198E-08"	"Initial methanol formation rate recovered"	"Not applicable"	"Measured"	"Yes"	"Yes (temporary inhibition)"	"Reversible poison pulse series | Run/sample: High-pressure pulse concentration series | Impurity source: 1 mL high-pressure sample-loop pulse | Reported concentration: 0.01-0.2 mol% | Hydrogenation on Cu sites forms NH3/H2O; products re-adsorb and inhibit Cu-Zn interface sites."	"T1-014 PDF p.3 Fig. 1; pp.6-8 Methods"	"High"	"Modeling-ready for deactivation submodel"	"No known duplicate"
"T1-014"	"T1-014-PULSE-MMA"	"T1-014-PULSE-N2-B"	"Laudenschleger et al. 2020"	"Identifying the nature of the active sites in methanol synthesis over Cu/ZnO/Al2O3 catalysts"	"https://doi.org/10.1038/s41467-020-17631-5"	"Industrial Cu/ZnO/Al2O3 supplied by Clariant"	"100 mg for HPPE; 200 mg for continuous dosing; 250-355 um sieve fraction"	"Synthetic laboratory feed"	"Nitrogen"	"Monomethylamine"	"100-2000"	"210"	"60"	"13.5% CO/3.5% CO2/73.5% H2/9.5% N2"	"Not reported"	"Pulse; recovery monitored until initial methanol rate returned"	"Inhibition strength a (slope of non-produced methanol vs injected mole fraction) (mol per unit injected mole fraction)"	"0"	"1.427E-08"	"Initial methanol formation rate recovered"	"Not applicable"	"Measured"	"Yes"	"Yes (temporary inhibition)"	"Reversible poison pulse series | Run/sample: High-pressure pulse concentration series | Impurity source: 1 mL high-pressure sample-loop pulse | Reported concentration: 0.01-0.2 mol% | Reversible adsorption and rapid methylation on positively charged Zn interface sites."	"T1-014 PDF p.3 Fig. 1; pp.6-8 Methods"	"High"	"Modeling-ready for deactivation submodel"	"No known duplicate"
"T1-014"	"T1-014-PULSE-DMA"	"T1-014-PULSE-N2-B"	"Laudenschleger et al. 2020"	"Identifying the nature of the active sites in methanol synthesis over Cu/ZnO/Al2O3 catalysts"	"https://doi.org/10.1038/s41467-020-17631-5"	"Industrial Cu/ZnO/Al2O3 supplied by Clariant"	"100 mg for HPPE; 200 mg for continuous dosing; 250-355 um sieve fraction"	"Synthetic laboratory feed"	"Nitrogen"	"Dimethylamine"	"100-2000"	"210"	"60"	"13.5% CO/3.5% CO2/73.5% H2/9.5% N2"	"Not reported"	"Pulse; recovery monitored until initial methanol rate returned"	"Inhibition strength a (slope of non-produced methanol vs injected mole fraction) (mol per unit injected mole fraction)"	"0"	"1.72E-08"	"Initial methanol formation rate recovered"	"Not applicable"	"Measured"	"Yes"	"Yes (temporary inhibition)"	"Reversible poison pulse series | Run/sample: High-pressure pulse concentration series | Impurity source: 1 mL high-pressure sample-loop pulse | Reported concentration: 0.01-0.2 mol% | Reversible adsorption/methylation on positively charged Zn interface sites."	"T1-014 PDF p.3 Fig. 1; pp.6-8 Methods"	"High"	"Modeling-ready for deactivation submodel"	"No known duplicate"
"T1-014"	"T1-014-PULSE-TMA"	"T1-014-PULSE-N2-B"	"Laudenschleger et al. 2020"	"Identifying the nature of the active sites in methanol synthesis over Cu/ZnO/Al2O3 catalysts"	"https://doi.org/10.1038/s41467-020-17631-5"	"Industrial Cu/ZnO/Al2O3 supplied by Clariant"	"100 mg for HPPE; 200 mg for continuous dosing; 250-355 um sieve fraction"	"Synthetic laboratory feed"	"Nitrogen"	"Trimethylamine"	"100-2000"	"210"	"60"	"13.5% CO/3.5% CO2/73.5% H2/9.5% N2"	"Not reported"	"Pulse; recovery monitored until initial methanol rate returned"	"Inhibition strength a (slope of non-produced methanol vs injected mole fraction) (mol per unit injected mole fraction)"	"0"	"5.241E-09"	"Initial methanol formation rate recovered"	"Not applicable"	"Measured"	"Yes"	"Yes (temporary inhibition)"	"Reversible poison pulse series | Run/sample: High-pressure pulse concentration series | Impurity source: 1 mL high-pressure sample-loop pulse | Reported concentration: 0.01-0.2 mol% | Reversible adsorption without further methylation; weakest reversible poison tested."	"T1-014 PDF p.3 Fig. 1; pp.6-8 Methods"	"High"	"Modeling-ready for deactivation submodel"	"No known duplicate"
"T1-014"	"T1-014-NH3-T230"	"T1-014-NH3-T230-B"	"Laudenschleger et al. 2020"	"Identifying the nature of the active sites in methanol synthesis over Cu/ZnO/Al2O3 catalysts"	"https://doi.org/10.1038/s41467-020-17631-5"	"Industrial Cu/ZnO/Al2O3 supplied by Clariant"	"100 mg for HPPE; 200 mg for continuous dosing; 250-355 um sieve fraction"	"Synthetic laboratory feed"	"Nitrogen"	"NH3"	"Multiple / see reported concentration"	"230"	"60"	"13.5% CO/3.5% CO2/73.5% H2/9.5% N2"	"Not reported"	"Pulse; recovery monitored until initial methanol rate returned"	"Methanol mole-fraction inhibition trace (mol per unit injected mole fraction)"	"Needs supplementary extraction"	"Needs supplementary extraction"	"Clean syngas applied after dosing"	"Needs supplementary extraction"	"Measured"	"Yes"	"Yes (temporary inhibition)"	"Pulse series | Run/sample: Secondary temperature/pressure or continuous-dosing series | Impurity source: 1 mL high-pressure sample-loop pulse | Reported concentration: 0.05, 0.1, 0.2 mol% | Reversible adsorption and, for NH3/MMA/DMA, methylation involving oxygen-containing methanol intermediates."	"T1-014 PDF p.8 Methods; results in Supplementary Fig. 10"	"Medium"	"Needs graph digitization"	"No known duplicate"
"T1-014"	"T1-014-NH3-T250"	"T1-014-NH3-T250-B"	"Laudenschleger et al. 2020"	"Identifying the nature of the active sites in methanol synthesis over Cu/ZnO/Al2O3 catalysts"	"https://doi.org/10.1038/s41467-020-17631-5"	"Industrial Cu/ZnO/Al2O3 supplied by Clariant"	"100 mg for HPPE; 200 mg for continuous dosing; 250-355 um sieve fraction"	"Synthetic laboratory feed"	"Nitrogen"	"NH3"	"Multiple / see reported concentration"	"250"	"60"	"13.5% CO/3.5% CO2/73.5% H2/9.5% N2"	"Not reported"	"Pulse; recovery monitored until initial methanol rate returned"	"Methanol mole-fraction inhibition trace (mol per unit injected mole fraction)"	"Needs supplementary extraction"	"Needs supplementary extraction"	"Clean syngas applied after dosing"	"Needs supplementary extraction"	"Measured"	"Yes"	"Yes (temporary inhibition)"	"Pulse series | Run/sample: Secondary temperature/pressure or continuous-dosing series | Impurity source: 1 mL high-pressure sample-loop pulse | Reported concentration: 0.05, 0.1, 0.2 mol% | Reversible adsorption and, for NH3/MMA/DMA, methylation involving oxygen-containing methanol intermediates."	"T1-014 PDF p.8 Methods; results in Supplementary Fig. 10"	"Medium"	"Needs graph digitization"	"No known duplicate"
"T1-014"	"T1-014-NH3-PRESS"	"T1-014-NH3-PRESS-B"	"Laudenschleger et al. 2020"	"Identifying the nature of the active sites in methanol synthesis over Cu/ZnO/Al2O3 catalysts"	"https://doi.org/10.1038/s41467-020-17631-5"	"Industrial Cu/ZnO/Al2O3 supplied by Clariant"	"100 mg for HPPE; 200 mg for continuous dosing; 250-355 um sieve fraction"	"Synthetic laboratory feed"	"Nitrogen"	"NH3"	"Multiple / see reported concentration"	"210"	"Multiple"	"13.5% CO/3.5% CO2/73.5% H2/9.5% N2"	"Not reported"	"Pulse; recovery monitored until initial methanol rate returned"	"Methanol mole-fraction inhibition trace (mol per unit injected mole fraction)"	"Needs supplementary extraction"	"Needs supplementary extraction"	"Clean syngas applied after dosing"	"Needs supplementary extraction"	"Measured"	"Yes"	"Yes (temporary inhibition)"	"Pulse series | Run/sample: Secondary temperature/pressure or continuous-dosing series | Impurity source: 1 mL high-pressure sample-loop pulse | Reported concentration: 0.05, 0.1, 0.2 mol% | Reversible adsorption and, for NH3/MMA/DMA, methylation involving oxygen-containing methanol intermediates."	"T1-014 PDF p.8 Methods; results in Supplementary Fig. 9"	"Medium"	"Needs graph digitization"	"No known duplicate"
"T1-014"	"T1-014-COFEED-NH3"	"T1-014-COFEED-NH3-B"	"Laudenschleger et al. 2020"	"Identifying the nature of the active sites in methanol synthesis over Cu/ZnO/Al2O3 catalysts"	"https://doi.org/10.1038/s41467-020-17631-5"	"Industrial Cu/ZnO/Al2O3 supplied by Clariant"	"100 mg for HPPE; 200 mg for continuous dosing; 250-355 um sieve fraction"	"Synthetic laboratory feed"	"Nitrogen"	"NH3"	"Multiple / see reported concentration"	"210"	"60"	"13.5% CO/3.5% CO2/73.5% H2/9.5% N2"	"Not reported"	"Pulse; recovery monitored until initial methanol rate returned"	"Methanol mole-fraction inhibition trace (mol per unit injected mole fraction)"	"Needs supplementary extraction"	"Needs supplementary extraction"	"Clean syngas applied after dosing"	"Needs supplementary extraction"	"Measured"	"Yes"	"Yes (temporary inhibition)"	"Continuous dosing followed by clean syngas | Run/sample: Secondary temperature/pressure or continuous-dosing series | Impurity source: 1 mL high-pressure sample-loop pulse | Reported concentration: 0.05 mol% continuous | Reversible adsorption and, for NH3/MMA/DMA, methylation involving oxygen-containing methanol intermediates."	"T1-014 PDF p.8 Methods; quantitative trace in supplementary material"	"Medium"	"Needs graph digitization"	"No known duplicate"
"T1-014"	"T1-014-COFEED-NO"	"T1-014-COFEED-NO-B"	"Laudenschleger et al. 2020"	"Identifying the nature of the active sites in methanol synthesis over Cu/ZnO/Al2O3 catalysts"	"https://doi.org/10.1038/s41467-020-17631-5"	"Industrial Cu/ZnO/Al2O3 supplied by Clariant"	"100 mg for HPPE; 200 mg for continuous dosing; 250-355 um sieve fraction"	"Synthetic laboratory feed"	"Nitrogen"	"NO"	"Multiple / see reported concentration"	"210"	"60"	"13.5% CO/3.5% CO2/73.5% H2/9.5% N2"	"Not reported"	"Pulse; recovery monitored until initial methanol rate returned"	"Methanol mole-fraction inhibition trace (mol per unit injected mole fraction)"	"Needs supplementary extraction"	"Needs supplementary extraction"	"Clean syngas applied after dosing"	"Needs supplementary extraction"	"Measured"	"Yes"	"Yes (temporary inhibition)"	"Continuous dosing followed by clean syngas | Run/sample: Secondary temperature/pressure or continuous-dosing series | Impurity source: 1 mL high-pressure sample-loop pulse | Reported concentration: 0.2 mol% continuous | Reversible adsorption and, for NH3/MMA/DMA, methylation involving oxygen-containing methanol intermediates."	"T1-014 PDF p.8 Methods; quantitative trace in supplementary material"	"Medium"	"Needs graph digitization"	"No known duplicate"
"T1-014"	"T1-014-COFEED-MMA"	"T1-014-COFEED-MMA-B"	"Laudenschleger et al. 2020"	"Identifying the nature of the active sites in methanol synthesis over Cu/ZnO/Al2O3 catalysts"	"https://doi.org/10.1038/s41467-020-17631-5"	"Industrial Cu/ZnO/Al2O3 supplied by Clariant"	"100 mg for HPPE; 200 mg for continuous dosing; 250-355 um sieve fraction"	"Synthetic laboratory feed"	"Nitrogen"	"Monomethylamine"	"Multiple / see reported concentration"	"250"	"60"	"13.5% CO/3.5% CO2/73.5% H2/9.5% N2"	"Not reported"	"Pulse; recovery monitored until initial methanol rate returned"	"Methanol mole-fraction inhibition trace (mol per unit injected mole fraction)"	"Needs supplementary extraction"	"Needs supplementary extraction"	"Clean syngas applied after dosing"	"Needs supplementary extraction"	"Measured"	"Yes"	"Yes (temporary inhibition)"	"Continuous dosing followed by clean syngas | Run/sample: Secondary temperature/pressure or continuous-dosing series | Impurity source: 1 mL high-pressure sample-loop pulse | Reported concentration: 0.0153 mol% continuous | Reversible adsorption and, for NH3/MMA/DMA, methylation involving oxygen-containing methanol intermediates."	"T1-014 PDF p.8 Methods; quantitative trace in supplementary material"	"Medium"	"Needs graph digitization"	"No known duplicate"
"T1-014"	"T1-014-COFEED-DMA"	"T1-014-COFEED-DMA-B"	"Laudenschleger et al. 2020"	"Identifying the nature of the active sites in methanol synthesis over Cu/ZnO/Al2O3 catalysts"	"https://doi.org/10.1038/s41467-020-17631-5"	"Industrial Cu/ZnO/Al2O3 supplied by Clariant"	"100 mg for HPPE; 200 mg for continuous dosing; 250-355 um sieve fraction"	"Synthetic laboratory feed"	"Nitrogen"	"Dimethylamine"	"Multiple / see reported concentration"	"250"	"60"	"13.5% CO/3.5% CO2/73.5% H2/9.5% N2"	"Not reported"	"Pulse; recovery monitored until initial methanol rate returned"	"Methanol mole-fraction inhibition trace (mol per unit injected mole fraction)"	"Needs supplementary extraction"	"Needs supplementary extraction"	"Clean syngas applied after dosing"	"Needs supplementary extraction"	"Measured"	"Yes"	"Yes (temporary inhibition)"	"Continuous dosing followed by clean syngas | Run/sample: Secondary temperature/pressure or continuous-dosing series | Impurity source: 1 mL high-pressure sample-loop pulse | Reported concentration: 0.0170 mol% continuous | Reversible adsorption and, for NH3/MMA/DMA, methylation involving oxygen-containing methanol intermediates."	"T1-014 PDF p.8 Methods; quantitative trace in supplementary material"	"Medium"	"Needs graph digitization"	"No known duplicate"
"T1-014"	"T1-014-COFEED-TMA"	"T1-014-COFEED-TMA-B"	"Laudenschleger et al. 2020"	"Identifying the nature of the active sites in methanol synthesis over Cu/ZnO/Al2O3 catalysts"	"https://doi.org/10.1038/s41467-020-17631-5"	"Industrial Cu/ZnO/Al2O3 supplied by Clariant"	"100 mg for HPPE; 200 mg for continuous dosing; 250-355 um sieve fraction"	"Synthetic laboratory feed"	"Nitrogen"	"Trimethylamine"	"Multiple / see reported concentration"	"250"	"60"	"13.5% CO/3.5% CO2/73.5% H2/9.5% N2"	"Not reported"	"Pulse; recovery monitored until initial methanol rate returned"	"Methanol mole-fraction inhibition trace (mol per unit injected mole fraction)"	"Needs supplementary extraction"	"Needs supplementary extraction"	"Clean syngas applied after dosing"	"Needs supplementary extraction"	"Measured"	"Yes"	"Yes (temporary inhibition)"	"Continuous dosing followed by clean syngas | Run/sample: Secondary temperature/pressure or continuous-dosing series | Impurity source: 1 mL high-pressure sample-loop pulse | Reported concentration: 0.0157 mol% continuous | Reversible adsorption and, for NH3/MMA/DMA, methylation involving oxygen-containing methanol intermediates."	"T1-014 PDF p.8 Methods; quantitative trace in supplementary material"	"Medium"	"Needs graph digitization"	"No known duplicate"
"T1-001"	"T1-001-SO2-4H-225"	"T1-001-SO2-B-225"	"Schuhle et al. 2020"	"Influence of gas impurities on the hydrogenation of CO2 to methanol using indium-based catalysts"	"https://doi.org/10.1039/D0CY00946F"	"In2O3/ZrO2 (10.5 +/- 0.3 wt% In)"	"In catalyst prepared by wet impregnation on ZrO2 pellets; commercial Cu catalyst 63.5% CuO/24.7% ZnO/10.1% Al2O3/1.3% MgO"	"Bottled/commercial H2"	"Sulfur"	"SO2"	"500"	"225"	"53.8"	"CO2:H2 = 1:3"	"1952"	"960 min methanol test after ex-situ poison treatment"	"Methanol productivity (gMeOH gIn^-1 h^-1)"	"0.29"	"0.22"	"No in-situ recovery after three reuse cycles"	"-24.138"	"Calculated"	"No"	"Yes"	"Ex-situ poisoning followed by methanol test | Run/sample: 4 h SO2-prepoisoned In2O3/ZrO2 | Impurity source: Ex-situ catalyst poisoning at 250 C and 100 N mL min^-1 before methanol test | Reported concentration: 500 ppm in N2 | Catalyst loading pre: 0.26 wt% | Catalyst loading post: 0.28 wt% | Sulphate formation blocks CO2 adsorption/H2 activation sites and removes oxygen vacancies."	"T1-001 PDF p.5 Fig. 2 and pp.4-6 text"	"High"	"Modeling-ready for methanol-output model"	"No known duplicate"
"T1-001"	"T1-001-SO2-4H-250"	"T1-001-SO2-B-250"	"Schuhle et al. 2020"	"Influence of gas impurities on the hydrogenation of CO2 to methanol using indium-based catalysts"	"https://doi.org/10.1039/D0CY00946F"	"In2O3/ZrO2 (10.5 +/- 0.3 wt% In)"	"In catalyst prepared by wet impregnation on ZrO2 pellets; commercial Cu catalyst 63.5% CuO/24.7% ZnO/10.1% Al2O3/1.3% MgO"	"Bottled/commercial H2"	"Sulfur"	"SO2"	"500"	"250"	"53.8"	"CO2:H2 = 1:3"	"1952"	"960 min methanol test after ex-situ poison treatment"	"Methanol productivity (gMeOH gIn^-1 h^-1)"	"0.6"	"0.5"	"No in-situ recovery after three reuse cycles"	"-16.667"	"Calculated"	"No"	"Yes"	"Ex-situ poisoning followed by methanol test | Run/sample: 4 h SO2-prepoisoned In2O3/ZrO2 | Impurity source: Ex-situ catalyst poisoning at 250 C and 100 N mL min^-1 before methanol test | Reported concentration: 500 ppm in N2 | Catalyst loading pre: 0.26 wt% | Catalyst loading post: 0.28 wt% | Sulphate formation blocks CO2 adsorption/H2 activation sites and removes oxygen vacancies."	"T1-001 PDF p.5 Fig. 2 and pp.4-6 text"	"High"	"Modeling-ready for methanol-output model"	"No known duplicate"
"T1-001"	"T1-001-SO2-4H-275"	"T1-001-SO2-B-275"	"Schuhle et al. 2020"	"Influence of gas impurities on the hydrogenation of CO2 to methanol using indium-based catalysts"	"https://doi.org/10.1039/D0CY00946F"	"In2O3/ZrO2 (10.5 +/- 0.3 wt% In)"	"In catalyst prepared by wet impregnation on ZrO2 pellets; commercial Cu catalyst 63.5% CuO/24.7% ZnO/10.1% Al2O3/1.3% MgO"	"Bottled/commercial H2"	"Sulfur"	"SO2"	"500"	"275"	"53.8"	"CO2:H2 = 1:3"	"1952"	"960 min methanol test after ex-situ poison treatment"	"Methanol productivity (gMeOH gIn^-1 h^-1)"	"1.17"	"0.97"	"No in-situ recovery after three reuse cycles"	"-17.094"	"Calculated"	"No"	"Yes"	"Ex-situ poisoning followed by methanol test | Run/sample: 4 h SO2-prepoisoned In2O3/ZrO2 | Impurity source: Ex-situ catalyst poisoning at 250 C and 100 N mL min^-1 before methanol test | Reported concentration: 500 ppm in N2 | Catalyst loading pre: 0.26 wt% | Catalyst loading post: 0.28 wt% | Sulphate formation blocks CO2 adsorption/H2 activation sites and removes oxygen vacancies."	"T1-001 PDF p.5 Fig. 2 and pp.4-6 text"	"High"	"Modeling-ready for methanol-output model"	"No known duplicate"
"T1-001"	"T1-001-SO2-18H-225"	"T1-001-SO2-B-225"	"Schuhle et al. 2020"	"Influence of gas impurities on the hydrogenation of CO2 to methanol using indium-based catalysts"	"https://doi.org/10.1039/D0CY00946F"	"In2O3/ZrO2 (10.5 +/- 0.3 wt% In)"	"In catalyst prepared by wet impregnation on ZrO2 pellets; commercial Cu catalyst 63.5% CuO/24.7% ZnO/10.1% Al2O3/1.3% MgO"	"Bottled/commercial H2"	"Sulfur"	"SO2"	"500"	"225"	"53.8"	"CO2:H2 = 1:3"	"1952"	"960 min methanol test after ex-situ poison treatment"	"Methanol productivity (gMeOH gIn^-1 h^-1)"	"0.29"	"0.04"	"No in-situ recovery after three reuse cycles"	"-86.207"	"Calculated"	"No"	"Yes"	"Ex-situ poisoning followed by methanol test | Run/sample: 18 h SO2-prepoisoned In2O3/ZrO2 | Impurity source: Ex-situ catalyst poisoning at 250 C and 100 N mL min^-1 before methanol test | Reported concentration: 500 ppm in N2 | Catalyst loading pre: 0.82 wt% | Catalyst loading post: 0.65 wt% | Extensive sulfate formation; severe loss of CO2 capacity and highly dispersed indium oxide sites."	"T1-001 PDF p.5 Fig. 2 and pp.4-6 text"	"High"	"Modeling-ready for methanol-output model"	"No known duplicate"
"T1-001"	"T1-001-SO2-18H-250"	"T1-001-SO2-B-250"	"Schuhle et al. 2020"	"Influence of gas impurities on the hydrogenation of CO2 to methanol using indium-based catalysts"	"https://doi.org/10.1039/D0CY00946F"	"In2O3/ZrO2 (10.5 +/- 0.3 wt% In)"	"In catalyst prepared by wet impregnation on ZrO2 pellets; commercial Cu catalyst 63.5% CuO/24.7% ZnO/10.1% Al2O3/1.3% MgO"	"Bottled/commercial H2"	"Sulfur"	"SO2"	"500"	"250"	"53.8"	"CO2:H2 = 1:3"	"1952"	"960 min methanol test after ex-situ poison treatment"	"Methanol productivity (gMeOH gIn^-1 h^-1)"	"0.6"	"0.1"	"No in-situ recovery after three reuse cycles"	"-83.333"	"Calculated"	"No"	"Yes"	"Ex-situ poisoning followed by methanol test | Run/sample: 18 h SO2-prepoisoned In2O3/ZrO2 | Impurity source: Ex-situ catalyst poisoning at 250 C and 100 N mL min^-1 before methanol test | Reported concentration: 500 ppm in N2 | Catalyst loading pre: 0.82 wt% | Catalyst loading post: 0.65 wt% | Extensive sulfate formation; severe loss of CO2 capacity and highly dispersed indium oxide sites."	"T1-001 PDF p.5 Fig. 2 and pp.4-6 text"	"High"	"Modeling-ready for methanol-output model"	"No known duplicate"
"T1-001"	"T1-001-SO2-18H-275"	"T1-001-SO2-B-275"	"Schuhle et al. 2020"	"Influence of gas impurities on the hydrogenation of CO2 to methanol using indium-based catalysts"	"https://doi.org/10.1039/D0CY00946F"	"In2O3/ZrO2 (10.5 +/- 0.3 wt% In)"	"In catalyst prepared by wet impregnation on ZrO2 pellets; commercial Cu catalyst 63.5% CuO/24.7% ZnO/10.1% Al2O3/1.3% MgO"	"Bottled/commercial H2"	"Sulfur"	"SO2"	"500"	"275"	"53.8"	"CO2:H2 = 1:3"	"1952"	"960 min methanol test after ex-situ poison treatment"	"Methanol productivity (gMeOH gIn^-1 h^-1)"	"1.17"	"0.19"	"No in-situ recovery after three reuse cycles"	"-83.761"	"Calculated"	"No"	"Yes"	"Ex-situ poisoning followed by methanol test | Run/sample: 18 h SO2-prepoisoned In2O3/ZrO2 | Impurity source: Ex-situ catalyst poisoning at 250 C and 100 N mL min^-1 before methanol test | Reported concentration: 500 ppm in N2 | Catalyst loading pre: 0.82 wt% | Catalyst loading post: 0.65 wt% | Extensive sulfate formation; severe loss of CO2 capacity and highly dispersed indium oxide sites."	"T1-001 PDF p.5 Fig. 2 and pp.4-6 text"	"High"	"Modeling-ready for methanol-output model"	"No known duplicate"
"T1-001"	"T1-001-H2S-4H-225"	"T1-001-H2S-B-225"	"Schuhle et al. 2020"	"Influence of gas impurities on the hydrogenation of CO2 to methanol using indium-based catalysts"	"https://doi.org/10.1039/D0CY00946F"	"In2O3/ZrO2 (10.5 +/- 0.3 wt% In)"	"In catalyst prepared by wet impregnation on ZrO2 pellets; commercial Cu catalyst 63.5% CuO/24.7% ZnO/10.1% Al2O3/1.3% MgO"	"Bottled/commercial H2"	"Sulfur"	"H2S"	"400"	"225"	"53.8"	"CO2:H2 = 1:3"	"1952"	"960 min methanol test after ex-situ poison treatment"	"Methanol productivity (gMeOH gIn^-1 h^-1)"	"0.31"	"0.32"	"No catalytic recovery despite partial sulfur loss"	"3.226"	"Calculated"	"No"	"No measurable loss"	"Ex-situ poisoning followed by methanol test | Run/sample: 4 h H2S-prepoisoned In2O3/ZrO2 | Impurity source: Ex-situ catalyst poisoning at 250 C and 100 N mL min^-1 before methanol test | Reported concentration: 400 ppm in N2 | Catalyst loading pre: 0.27 wt% | Catalyst loading post: Partially decreased after reaction wt% | Strong chemisorption forms sulfide and sulfate; short exposure preferentially affects sites less responsible for methanol."	"T1-001 PDF p.8 Fig. 7 and pp.7-9 text"	"High"	"Modeling-ready for methanol-output model"	"No known duplicate"
"T1-001"	"T1-001-H2S-4H-250"	"T1-001-H2S-B-250"	"Schuhle et al. 2020"	"Influence of gas impurities on the hydrogenation of CO2 to methanol using indium-based catalysts"	"https://doi.org/10.1039/D0CY00946F"	"In2O3/ZrO2 (10.5 +/- 0.3 wt% In)"	"In catalyst prepared by wet impregnation on ZrO2 pellets; commercial Cu catalyst 63.5% CuO/24.7% ZnO/10.1% Al2O3/1.3% MgO"	"Bottled/commercial H2"	"Sulfur"	"H2S"	"400"	"250"	"53.8"	"CO2:H2 = 1:3"	"1952"	"960 min methanol test after ex-situ poison treatment"	"Methanol productivity (gMeOH gIn^-1 h^-1)"	"0.72"	"0.7"	"No catalytic recovery despite partial sulfur loss"	"-2.778"	"Calculated"	"No"	"Yes"	"Ex-situ poisoning followed by methanol test | Run/sample: 4 h H2S-prepoisoned In2O3/ZrO2 | Impurity source: Ex-situ catalyst poisoning at 250 C and 100 N mL min^-1 before methanol test | Reported concentration: 400 ppm in N2 | Catalyst loading pre: 0.27 wt% | Catalyst loading post: Partially decreased after reaction wt% | Strong chemisorption forms sulfide and sulfate; short exposure preferentially affects sites less responsible for methanol."	"T1-001 PDF p.8 Fig. 7 and pp.7-9 text"	"High"	"Modeling-ready for methanol-output model"	"No known duplicate"
"T1-001"	"T1-001-H2S-4H-275"	"T1-001-H2S-B-275"	"Schuhle et al. 2020"	"Influence of gas impurities on the hydrogenation of CO2 to methanol using indium-based catalysts"	"https://doi.org/10.1039/D0CY00946F"	"In2O3/ZrO2 (10.5 +/- 0.3 wt% In)"	"In catalyst prepared by wet impregnation on ZrO2 pellets; commercial Cu catalyst 63.5% CuO/24.7% ZnO/10.1% Al2O3/1.3% MgO"	"Bottled/commercial H2"	"Sulfur"	"H2S"	"400"	"275"	"53.8"	"CO2:H2 = 1:3"	"1952"	"960 min methanol test after ex-situ poison treatment"	"Methanol productivity (gMeOH gIn^-1 h^-1)"	"1.41"	"1.32"	"No catalytic recovery despite partial sulfur loss"	"-6.383"	"Calculated"	"No"	"Yes"	"Ex-situ poisoning followed by methanol test | Run/sample: 4 h H2S-prepoisoned In2O3/ZrO2 | Impurity source: Ex-situ catalyst poisoning at 250 C and 100 N mL min^-1 before methanol test | Reported concentration: 400 ppm in N2 | Catalyst loading pre: 0.27 wt% | Catalyst loading post: Partially decreased after reaction wt% | Strong chemisorption forms sulfide and sulfate; short exposure preferentially affects sites less responsible for methanol."	"T1-001 PDF p.8 Fig. 7 and pp.7-9 text"	"High"	"Modeling-ready for methanol-output model"	"No known duplicate"
"T1-001"	"T1-001-H2S-18H-225"	"T1-001-H2S-B-225"	"Schuhle et al. 2020"	"Influence of gas impurities on the hydrogenation of CO2 to methanol using indium-based catalysts"	"https://doi.org/10.1039/D0CY00946F"	"In2O3/ZrO2 (10.5 +/- 0.3 wt% In)"	"In catalyst prepared by wet impregnation on ZrO2 pellets; commercial Cu catalyst 63.5% CuO/24.7% ZnO/10.1% Al2O3/1.3% MgO"	"Bottled/commercial H2"	"Sulfur"	"H2S"	"400"	"225"	"53.8"	"CO2:H2 = 1:3"	"1952"	"960 min methanol test after ex-situ poison treatment"	"Methanol productivity (gMeOH gIn^-1 h^-1)"	"0.31"	"0.17"	"No catalytic recovery despite partial sulfur loss"	"-45.161"	"Calculated"	"No"	"Yes"	"Ex-situ poisoning followed by methanol test | Run/sample: 18 h H2S-prepoisoned In2O3/ZrO2 | Impurity source: Ex-situ catalyst poisoning at 250 C and 100 N mL min^-1 before methanol test | Reported concentration: 400 ppm in N2 | Catalyst loading pre: 0.88 wt% | Catalyst loading post: Partially decreased after reaction wt% | Sulfide/sulfate formation competes for CO2/H2 activation sites and irreversibly poisons catalyst."	"T1-001 PDF p.8 Fig. 7 and pp.7-9 text"	"High"	"Modeling-ready for methanol-output model"	"No known duplicate"
"T1-001"	"T1-001-H2S-18H-250"	"T1-001-H2S-B-250"	"Schuhle et al. 2020"	"Influence of gas impurities on the hydrogenation of CO2 to methanol using indium-based catalysts"	"https://doi.org/10.1039/D0CY00946F"	"In2O3/ZrO2 (10.5 +/- 0.3 wt% In)"	"In catalyst prepared by wet impregnation on ZrO2 pellets; commercial Cu catalyst 63.5% CuO/24.7% ZnO/10.1% Al2O3/1.3% MgO"	"Bottled/commercial H2"	"Sulfur"	"H2S"	"400"	"250"	"53.8"	"CO2:H2 = 1:3"	"1952"	"960 min methanol test after ex-situ poison treatment"	"Methanol productivity (gMeOH gIn^-1 h^-1)"	"0.72"	"0.38"	"No catalytic recovery despite partial sulfur loss"	"-47.222"	"Calculated"	"No"	"Yes"	"Ex-situ poisoning followed by methanol test | Run/sample: 18 h H2S-prepoisoned In2O3/ZrO2 | Impurity source: Ex-situ catalyst poisoning at 250 C and 100 N mL min^-1 before methanol test | Reported concentration: 400 ppm in N2 | Catalyst loading pre: 0.88 wt% | Catalyst loading post: Partially decreased after reaction wt% | Sulfide/sulfate formation competes for CO2/H2 activation sites and irreversibly poisons catalyst."	"T1-001 PDF p.8 Fig. 7 and pp.7-9 text"	"High"	"Modeling-ready for methanol-output model"	"No known duplicate"
"T1-001"	"T1-001-H2S-18H-275"	"T1-001-H2S-B-275"	"Schuhle et al. 2020"	"Influence of gas impurities on the hydrogenation of CO2 to methanol using indium-based catalysts"	"https://doi.org/10.1039/D0CY00946F"	"In2O3/ZrO2 (10.5 +/- 0.3 wt% In)"	"In catalyst prepared by wet impregnation on ZrO2 pellets; commercial Cu catalyst 63.5% CuO/24.7% ZnO/10.1% Al2O3/1.3% MgO"	"Bottled/commercial H2"	"Sulfur"	"H2S"	"400"	"275"	"53.8"	"CO2:H2 = 1:3"	"1952"	"960 min methanol test after ex-situ poison treatment"	"Methanol productivity (gMeOH gIn^-1 h^-1)"	"1.41"	"0.71"	"No catalytic recovery despite partial sulfur loss"	"-49.645"	"Calculated"	"No"	"Yes"	"Ex-situ poisoning followed by methanol test | Run/sample: 18 h H2S-prepoisoned In2O3/ZrO2 | Impurity source: Ex-situ catalyst poisoning at 250 C and 100 N mL min^-1 before methanol test | Reported concentration: 400 ppm in N2 | Catalyst loading pre: 0.88 wt% | Catalyst loading post: Partially decreased after reaction wt% | Sulfide/sulfate formation competes for CO2/H2 activation sites and irreversibly poisons catalyst."	"T1-001 PDF p.8 Fig. 7 and pp.7-9 text"	"High"	"Modeling-ready for methanol-output model"	"No known duplicate"
"T1-001"	"T1-001-CU-SO2-4H"	"T1-001-CU-SO2-B"	"Schuhle et al. 2020"	"Influence of gas impurities on the hydrogenation of CO2 to methanol using indium-based catalysts"	"https://doi.org/10.1039/D0CY00946F"	"Commercial Cu/ZnO/Al2O3 (63.5% CuO/24.7% ZnO/10.1% Al2O3/1.3% MgO)"	"In catalyst prepared by wet impregnation on ZrO2 pellets; commercial Cu catalyst 63.5% CuO/24.7% ZnO/10.1% Al2O3/1.3% MgO"	"Bottled/commercial H2"	"Sulfur"	"SO2"	"500"	"250"	"53.8"	"CO2:H2 = 1:3"	"1952"	"960 min methanol test after ex-situ poison treatment"	"Methanol productivity (gMeOH gCu^-1 h^-1)"	"0.82"	"0.63"	"Not reported"	"-23.171"	"Calculated"	"Not reported"	"Yes"	"Ex-situ poisoning followed by methanol test | Run/sample: 4 h SO2-prepoisoned commercial Cu/ZnO/Al2O3 | Impurity source: Ex-situ catalyst poisoning at 250 C and 100 N mL min^-1 before methanol test | Reported concentration: 500 ppm in N2 | Catalyst loading pre: 0.3 wt% | ZnO scavenges sulfur and partially protects Cu sites."	"T1-001 PDF p.5 explicit comparison text"	"High"	"Modeling-ready for methanol-output model"	"No known duplicate"
"T1-001"	"T1-001-CU-SO2-18H"	"T1-001-CU-SO2-B"	"Schuhle et al. 2020"	"Influence of gas impurities on the hydrogenation of CO2 to methanol using indium-based catalysts"	"https://doi.org/10.1039/D0CY00946F"	"Commercial Cu/ZnO/Al2O3 (63.5% CuO/24.7% ZnO/10.1% Al2O3/1.3% MgO)"	"In catalyst prepared by wet impregnation on ZrO2 pellets; commercial Cu catalyst 63.5% CuO/24.7% ZnO/10.1% Al2O3/1.3% MgO"	"Bottled/commercial H2"	"Sulfur"	"SO2"	"500"	"250"	"53.8"	"CO2:H2 = 1:3"	"1952"	"960 min methanol test after ex-situ poison treatment"	"Methanol productivity (gMeOH gCu^-1 h^-1)"	"0.82"	"0.52"	"Not reported"	"-36.585"	"Calculated"	"Not reported"	"Yes"	"Ex-situ poisoning followed by methanol test | Run/sample: 18 h SO2-prepoisoned commercial Cu/ZnO/Al2O3 | Impurity source: Ex-situ catalyst poisoning at 250 C and 100 N mL min^-1 before methanol test | Reported concentration: 500 ppm in N2 | Catalyst loading pre: 0.9 wt% | ZnO scavenges sulfur and partially protects Cu sites."	"T1-001 PDF p.5 explicit comparison text"	"High"	"Modeling-ready for methanol-output model"	"No known duplicate"
"T1-001"	"T1-001-CU-H2S-4H"	"T1-001-CU-H2S-B"	"Schuhle et al. 2020"	"Influence of gas impurities on the hydrogenation of CO2 to methanol using indium-based catalysts"	"https://doi.org/10.1039/D0CY00946F"	"Commercial Cu/ZnO/Al2O3 (63.5% CuO/24.7% ZnO/10.1% Al2O3/1.3% MgO)"	"In catalyst prepared by wet impregnation on ZrO2 pellets; commercial Cu catalyst 63.5% CuO/24.7% ZnO/10.1% Al2O3/1.3% MgO"	"Bottled/commercial H2"	"Sulfur"	"H2S"	"400"	"250"	"53.8"	"CO2:H2 = 1:3"	"1952"	"960 min methanol test after ex-situ poison treatment"	"Methanol productivity (gMeOH gCu^-1 h^-1)"	"0.54"	"0.45"	"Not reported"	"-16.667"	"Calculated"	"Not reported"	"Yes"	"Ex-situ poisoning followed by methanol test | Run/sample: 4 h H2S-prepoisoned commercial Cu/ZnO/Al2O3 | Impurity source: Ex-situ catalyst poisoning at 250 C and 100 N mL min^-1 before methanol test | Reported concentration: 400 ppm in N2 | Catalyst loading pre: 0.3 wt% | ZnO sulfur scavenging limits deactivation of active Cu species."	"T1-001 PDF p.8 explicit comparison text"	"High"	"Modeling-ready for methanol-output model"	"No known duplicate"
"T1-001"	"T1-001-CU-NH3-4H"	"T1-001-CU-NH3-B"	"Schuhle et al. 2020"	"Influence of gas impurities on the hydrogenation of CO2 to methanol using indium-based catalysts"	"https://doi.org/10.1039/D0CY00946F"	"Commercial Cu/ZnO/Al2O3 (63.5% CuO/24.7% ZnO/10.1% Al2O3/1.3% MgO)"	"In catalyst prepared by wet impregnation on ZrO2 pellets; commercial Cu catalyst 63.5% CuO/24.7% ZnO/10.1% Al2O3/1.3% MgO"	"Bottled/commercial H2"	"Nitrogen"	"NH3"	"500"	"250"	"53.8"	"CO2:H2 = 1:3"	"1952"	"960 min methanol test after ex-situ poison treatment"	"Methanol productivity (gMeOH gCu^-1 h^-1)"	"0.64"	"0.58"	"Not reported"	"-9.375"	"Calculated"	"Not reported"	"Yes"	"Ex-situ poisoning followed by methanol test | Run/sample: 4 h NH3-prepoisoned commercial Cu/ZnO/Al2O3 | Impurity source: Ex-situ catalyst poisoning at 250 C and 100 N mL min^-1 before methanol test | Reported concentration: 500 ppm in N2 | Mild pre-reduction/interaction; no additional loss at 18 h."	"T1-001 PDF p.10 explicit comparison text"	"High"	"Modeling-ready for methanol-output model"	"No known duplicate"
"T1-001"	"T1-001-CU-NH3-18H"	"T1-001-CU-NH3-B"	"Schuhle et al. 2020"	"Influence of gas impurities on the hydrogenation of CO2 to methanol using indium-based catalysts"	"https://doi.org/10.1039/D0CY00946F"	"Commercial Cu/ZnO/Al2O3 (63.5% CuO/24.7% ZnO/10.1% Al2O3/1.3% MgO)"	"In catalyst prepared by wet impregnation on ZrO2 pellets; commercial Cu catalyst 63.5% CuO/24.7% ZnO/10.1% Al2O3/1.3% MgO"	"Bottled/commercial H2"	"Nitrogen"	"NH3"	"500"	"250"	"53.8"	"CO2:H2 = 1:3"	"1952"	"960 min methanol test after ex-situ poison treatment"	"Methanol productivity (gMeOH gCu^-1 h^-1)"	"0.64"	"0.58"	"Not reported"	"-9.375"	"Calculated"	"Not reported"	"Yes"	"Ex-situ poisoning followed by methanol test | Run/sample: 18 h NH3-prepoisoned commercial Cu/ZnO/Al2O3 | Impurity source: Ex-situ catalyst poisoning at 250 C and 100 N mL min^-1 before methanol test | Reported concentration: 500 ppm in N2 | No further deactivation on extending exposure from 4 to 18 h."	"T1-001 PDF p.10 explicit comparison text"	"High"	"Modeling-ready for methanol-output model"	"No known duplicate"
"T1-001"	"T1-001-CU-NO2-4H"	"T1-001-CU-NO2-B"	"Schuhle et al. 2020"	"Influence of gas impurities on the hydrogenation of CO2 to methanol using indium-based catalysts"	"https://doi.org/10.1039/D0CY00946F"	"Commercial Cu/ZnO/Al2O3 (63.5% CuO/24.7% ZnO/10.1% Al2O3/1.3% MgO)"	"In catalyst prepared by wet impregnation on ZrO2 pellets; commercial Cu catalyst 63.5% CuO/24.7% ZnO/10.1% Al2O3/1.3% MgO"	"Bottled/commercial H2"	"Nitrogen"	"NO2"	"500"	"250"	"53.8"	"CO2:H2 = 1:3"	"1952"	"960 min methanol test after ex-situ poison treatment"	"Methanol productivity (gMeOH gCu^-1 h^-1)"	"0.64"	"0.56"	"Not reported"	"-12.5"	"Calculated"	"Not reported"	"Yes"	"Ex-situ poisoning followed by methanol test | Run/sample: 4 h NO2-prepoisoned commercial Cu/ZnO/Al2O3 | Impurity source: Ex-situ catalyst poisoning at 250 C and 100 N mL min^-1 before methanol test | Reported concentration: 500 ppm in N2 | Mild pre-treatment effect; no additional loss at 18 h."	"T1-001 PDF p.10 explicit comparison text"	"High"	"Modeling-ready for methanol-output model"	"No known duplicate"
"T1-001"	"T1-001-CU-NO2-18H"	"T1-001-CU-NO2-B"	"Schuhle et al. 2020"	"Influence of gas impurities on the hydrogenation of CO2 to methanol using indium-based catalysts"	"https://doi.org/10.1039/D0CY00946F"	"Commercial Cu/ZnO/Al2O3 (63.5% CuO/24.7% ZnO/10.1% Al2O3/1.3% MgO)"	"In catalyst prepared by wet impregnation on ZrO2 pellets; commercial Cu catalyst 63.5% CuO/24.7% ZnO/10.1% Al2O3/1.3% MgO"	"Bottled/commercial H2"	"Nitrogen"	"NO2"	"500"	"250"	"53.8"	"CO2:H2 = 1:3"	"1952"	"960 min methanol test after ex-situ poison treatment"	"Methanol productivity (gMeOH gCu^-1 h^-1)"	"0.64"	"0.56"	"Not reported"	"-12.5"	"Calculated"	"Not reported"	"Yes"	"Ex-situ poisoning followed by methanol test | Run/sample: 18 h NO2-prepoisoned commercial Cu/ZnO/Al2O3 | Impurity source: Ex-situ catalyst poisoning at 250 C and 100 N mL min^-1 before methanol test | Reported concentration: 500 ppm in N2 | No further deactivation on extending exposure from 4 to 18 h."	"T1-001 PDF p.10 explicit comparison text"	"High"	"Modeling-ready for methanol-output model"	"No known duplicate"
"T1-001"	"T1-001-CU-C1C4hydrocarbons-18H"	"T1-001-CU-C1C4hydrocarbons-B"	"Schuhle et al. 2020"	"Influence of gas impurities on the hydrogenation of CO2 to methanol using indium-based catalysts"	"https://doi.org/10.1039/D0CY00946F"	"Commercial Cu/ZnO/Al2O3 (63.5% CuO/24.7% ZnO/10.1% Al2O3/1.3% MgO)"	"In catalyst prepared by wet impregnation on ZrO2 pellets; commercial Cu catalyst 63.5% CuO/24.7% ZnO/10.1% Al2O3/1.3% MgO"	"Bottled/commercial H2"	"Hydrocarbon"	"C1-C4 hydrocarbons"	"Mixture; 50000 ppm each hydrocarbon"	"250"	"53.8"	"CO2:H2 = 1:3"	"1952"	"960 min methanol test after ex-situ poison treatment"	"Methanol productivity (gMeOH gCu^-1 h^-1)"	"0.82"	"0.4"	"Not reported"	"-51.22"	"Calculated"	"Not reported"	"Yes"	"Ex-situ poisoning followed by methanol test | Run/sample: 18 h C1-C4 hydrocarbons-prepoisoned commercial Cu/ZnO/Al2O3 | Impurity source: Ex-situ catalyst poisoning at 250 C and 100 N mL min^-1 before methanol test | Reported concentration: 5 vol% each CH4/C2H6/C2H4/C3H8/C3H6 in 75% H2 | Hydrocarbon and strongly reductive pretreatment are confounded; pure H2 pretreatment alone gave 0.65."	"T1-001 PDF pp.10-11 explicit comparison text"	"High"	"Mechanism-only"	"No known duplicate"
"T1-001"	"T1-001-IN-NH3-4H-NOEFFECT"	"T1-001-IN-NH3-B"	"Schuhle et al. 2020"	"Influence of gas impurities on the hydrogenation of CO2 to methanol using indium-based catalysts"	"https://doi.org/10.1039/D0CY00946F"	"In2O3/ZrO2 (10.5 +/- 0.3 wt% In)"	"In catalyst prepared by wet impregnation on ZrO2 pellets; commercial Cu catalyst 63.5% CuO/24.7% ZnO/10.1% Al2O3/1.3% MgO"	"Bottled/commercial H2"	"Nitrogen"	"NH3"	"500"	"225, 250, 275"	"53.8"	"CO2:H2 = 1:3"	"1952"	"960 min methanol test after ex-situ poison treatment"	"Methanol productivity (gMeOH gIn^-1 h^-1)"	"See figure; no significant difference"	"No difference within experimental error"	"Not applicable"	"Not statistically significant"	"Measured"	"Not applicable"	"No"	"Ex-situ poisoning followed by methanol test | Run/sample: 4 h NH3-prepoisoned In2O3/ZrO2 | Impurity source: Ex-situ catalyst poisoning at 250 C and 100 N mL min^-1 before methanol test | Reported concentration: 500 ppm in N2 | Catalyst loading pre: No retained N detected / hydrocarbon loading not reported wt% | No irreversible detrimental binding; nitrogen content did not increase."	"T1-001 PDF p.10 Fig. 10 and text"	"High for no-effect conclusion; exact overlapping graph points not tabulated"	"Mechanism-only"	"No known duplicate"
"T1-001"	"T1-001-IN-NH3-18H-NOEFFECT"	"T1-001-IN-NH3-B"	"Schuhle et al. 2020"	"Influence of gas impurities on the hydrogenation of CO2 to methanol using indium-based catalysts"	"https://doi.org/10.1039/D0CY00946F"	"In2O3/ZrO2 (10.5 +/- 0.3 wt% In)"	"In catalyst prepared by wet impregnation on ZrO2 pellets; commercial Cu catalyst 63.5% CuO/24.7% ZnO/10.1% Al2O3/1.3% MgO"	"Bottled/commercial H2"	"Nitrogen"	"NH3"	"500"	"225, 250, 275"	"53.8"	"CO2:H2 = 1:3"	"1952"	"960 min methanol test after ex-situ poison treatment"	"Methanol productivity (gMeOH gIn^-1 h^-1)"	"See figure; no significant difference"	"No difference within experimental error"	"Not applicable"	"Not statistically significant"	"Measured"	"Not applicable"	"No"	"Ex-situ poisoning followed by methanol test | Run/sample: 18 h NH3-prepoisoned In2O3/ZrO2 | Impurity source: Ex-situ catalyst poisoning at 250 C and 100 N mL min^-1 before methanol test | Reported concentration: 500 ppm in N2 | Catalyst loading pre: No retained N detected / hydrocarbon loading not reported wt% | No irreversible detrimental binding; nitrogen content did not increase."	"T1-001 PDF p.10 Fig. 10 and text"	"High for no-effect conclusion; exact overlapping graph points not tabulated"	"Mechanism-only"	"No known duplicate"
"T1-001"	"T1-001-IN-NO2-4H-NOEFFECT"	"T1-001-IN-NO2-B"	"Schuhle et al. 2020"	"Influence of gas impurities on the hydrogenation of CO2 to methanol using indium-based catalysts"	"https://doi.org/10.1039/D0CY00946F"	"In2O3/ZrO2 (10.5 +/- 0.3 wt% In)"	"In catalyst prepared by wet impregnation on ZrO2 pellets; commercial Cu catalyst 63.5% CuO/24.7% ZnO/10.1% Al2O3/1.3% MgO"	"Bottled/commercial H2"	"Nitrogen"	"NO2"	"500"	"225, 250, 275"	"53.8"	"CO2:H2 = 1:3"	"1952"	"960 min methanol test after ex-situ poison treatment"	"Methanol productivity (gMeOH gIn^-1 h^-1)"	"See figure; no significant difference"	"No difference within experimental error"	"Not applicable"	"Not statistically significant"	"Measured"	"Not applicable"	"No"	"Ex-situ poisoning followed by methanol test | Run/sample: 4 h NO2-prepoisoned In2O3/ZrO2 | Impurity source: Ex-situ catalyst poisoning at 250 C and 100 N mL min^-1 before methanol test | Reported concentration: 500 ppm in N2 | Catalyst loading pre: No retained N detected / hydrocarbon loading not reported wt% | No irreversible detrimental binding; nitrogen content did not increase."	"T1-001 PDF p.10 Fig. 10 and text"	"High for no-effect conclusion; exact overlapping graph points not tabulated"	"Mechanism-only"	"No known duplicate"
"T1-001"	"T1-001-IN-NO2-18H-NOEFFECT"	"T1-001-IN-NO2-B"	"Schuhle et al. 2020"	"Influence of gas impurities on the hydrogenation of CO2 to methanol using indium-based catalysts"	"https://doi.org/10.1039/D0CY00946F"	"In2O3/ZrO2 (10.5 +/- 0.3 wt% In)"	"In catalyst prepared by wet impregnation on ZrO2 pellets; commercial Cu catalyst 63.5% CuO/24.7% ZnO/10.1% Al2O3/1.3% MgO"	"Bottled/commercial H2"	"Nitrogen"	"NO2"	"500"	"225, 250, 275"	"53.8"	"CO2:H2 = 1:3"	"1952"	"960 min methanol test after ex-situ poison treatment"	"Methanol productivity (gMeOH gIn^-1 h^-1)"	"See figure; no significant difference"	"No difference within experimental error"	"Not applicable"	"Not statistically significant"	"Measured"	"Not applicable"	"No"	"Ex-situ poisoning followed by methanol test | Run/sample: 18 h NO2-prepoisoned In2O3/ZrO2 | Impurity source: Ex-situ catalyst poisoning at 250 C and 100 N mL min^-1 before methanol test | Reported concentration: 500 ppm in N2 | Catalyst loading pre: No retained N detected / hydrocarbon loading not reported wt% | No irreversible detrimental binding; nitrogen content did not increase."	"T1-001 PDF p.10 Fig. 10 and text"	"High for no-effect conclusion; exact overlapping graph points not tabulated"	"Mechanism-only"	"No known duplicate"
"T1-001"	"T1-001-IN-C1C4hydrocarbons-18H-NOEFFECT"	"T1-001-IN-C1C4hydrocarbons-B"	"Schuhle et al. 2020"	"Influence of gas impurities on the hydrogenation of CO2 to methanol using indium-based catalysts"	"https://doi.org/10.1039/D0CY00946F"	"In2O3/ZrO2 (10.5 +/- 0.3 wt% In)"	"In catalyst prepared by wet impregnation on ZrO2 pellets; commercial Cu catalyst 63.5% CuO/24.7% ZnO/10.1% Al2O3/1.3% MgO"	"Bottled/commercial H2"	"Hydrocarbon"	"C1-C4 hydrocarbons"	"50000 ppm each hydrocarbon"	"225, 250, 275"	"53.8"	"CO2:H2 = 1:3"	"1952"	"960 min methanol test after ex-situ poison treatment"	"Methanol productivity (gMeOH gIn^-1 h^-1)"	"See figure; no significant difference"	"No difference within experimental error"	"Not applicable"	"Not statistically significant"	"Measured"	"Not applicable"	"No"	"Ex-situ poisoning followed by methanol test | Run/sample: 18 h C1-C4 hydrocarbons-prepoisoned In2O3/ZrO2 | Impurity source: Ex-situ catalyst poisoning at 250 C and 100 N mL min^-1 before methanol test | Reported concentration: 5 vol% each CH4/C2H6/C2H4/C3H8/C3H6 in 75% H2 | Catalyst loading pre: No retained N detected / hydrocarbon loading not reported wt% | In2O3/ZrO2 tolerated C1-C4 hydrocarbon/reductive pretreatment despite partial reduction of dispersed InOx."	"T1-001 PDF p.11 Fig. 12 and pp.10-11 text"	"High for no-effect conclusion; exact overlapping graph points not tabulated"	"Mechanism-only"	"No known duplicate"
"T1-001"	"T1-001-SO2-4H-TPD"	"T1-001-SO2-4H-TPD-B"	"Schuhle et al. 2020"	"Influence of gas impurities on the hydrogenation of CO2 to methanol using indium-based catalysts"	"https://doi.org/10.1039/D0CY00946F"	"In2O3/ZrO2 (10.5 +/- 0.3 wt% In)"	"In catalyst prepared by wet impregnation on ZrO2 pellets; commercial Cu catalyst 63.5% CuO/24.7% ZnO/10.1% Al2O3/1.3% MgO"	"Bottled/commercial H2"	"Sulfur"	"SO2"	"500"	"250"	"53.8"	"CO2:H2 = 1:3"	"1952"	"960 min methanol test after ex-situ poison treatment"	"CO2 adsorption capacity (umol g^-1)"	"296"	"206"	"Not applicable"	"-30.405"	"Calculated"	"Not applicable"	"Yes"	"Post-poisoning mechanistic characterization | Run/sample: 4 h SO2-prepoisoned In2O3/ZrO2 characterization | Impurity source: Ex-situ catalyst poisoning at 250 C and 100 N mL min^-1 before methanol test | Reported concentration: 500 ppm in N2 | Catalyst loading pre: See matched catalytic row wt% | Catalyst loading post: See matched catalytic row wt% | One mole surface sulfur blocked about one mole CO2 adsorption sites."	"T1-001 PDF pp.5-6 Fig. 3 and text"	"High"	"Mechanism-only"	"No known duplicate"
"T1-001"	"T1-001-SO2-18H-TPD"	"T1-001-SO2-18H-TPD-B"	"Schuhle et al. 2020"	"Influence of gas impurities on the hydrogenation of CO2 to methanol using indium-based catalysts"	"https://doi.org/10.1039/D0CY00946F"	"In2O3/ZrO2 (10.5 +/- 0.3 wt% In)"	"In catalyst prepared by wet impregnation on ZrO2 pellets; commercial Cu catalyst 63.5% CuO/24.7% ZnO/10.1% Al2O3/1.3% MgO"	"Bottled/commercial H2"	"Sulfur"	"SO2"	"500"	"250"	"53.8"	"CO2:H2 = 1:3"	"1952"	"960 min methanol test after ex-situ poison treatment"	"CO2 adsorption capacity (umol g^-1)"	"296"	"38"	"Not applicable"	"-87.162"	"Calculated"	"Not applicable"	"Yes"	"Post-poisoning mechanistic characterization | Run/sample: 18 h SO2-prepoisoned In2O3/ZrO2 characterization | Impurity source: Ex-situ catalyst poisoning at 250 C and 100 N mL min^-1 before methanol test | Reported concentration: 500 ppm in N2 | Catalyst loading pre: See matched catalytic row wt% | Catalyst loading post: See matched catalytic row wt% | Severe sulfate coverage eliminated most CO2 adsorption capacity."	"T1-001 PDF p.6 Fig. 3 and text"	"High"	"Mechanism-only"	"No known duplicate"
"T1-001"	"T1-001-SO2-4H-TPR"	"T1-001-SO2-4H-TPR-B"	"Schuhle et al. 2020"	"Influence of gas impurities on the hydrogenation of CO2 to methanol using indium-based catalysts"	"https://doi.org/10.1039/D0CY00946F"	"In2O3/ZrO2 (10.5 +/- 0.3 wt% In)"	"In catalyst prepared by wet impregnation on ZrO2 pellets; commercial Cu catalyst 63.5% CuO/24.7% ZnO/10.1% Al2O3/1.3% MgO"	"Bottled/commercial H2"	"Sulfur"	"SO2"	"500"	"250"	"53.8"	"CO2:H2 = 1:3"	"1952"	"960 min methanol test after ex-situ poison treatment"	"H2 uptake in TPR (Ncm3 g^-1)"	"8.4"	"5.3"	"Not applicable"	"-36.905"	"Calculated"	"Not applicable"	"Yes"	"Post-poisoning mechanistic characterization | Run/sample: 4 h SO2-prepoisoned In2O3/ZrO2 characterization | Impurity source: Ex-situ catalyst poisoning at 250 C and 100 N mL min^-1 before methanol test | Reported concentration: 500 ppm in N2 | Catalyst loading pre: See matched catalytic row wt% | Catalyst loading post: See matched catalytic row wt% | Sulfur removes oxygen vacancies/highly dispersed reducible InOx."	"T1-001 PDF p.6 Fig. 3 and text"	"High"	"Mechanism-only"	"No known duplicate"
"T1-001"	"T1-001-SO2-18H-TPR"	"T1-001-SO2-18H-TPR-B"	"Schuhle et al. 2020"	"Influence of gas impurities on the hydrogenation of CO2 to methanol using indium-based catalysts"	"https://doi.org/10.1039/D0CY00946F"	"In2O3/ZrO2 (10.5 +/- 0.3 wt% In)"	"In catalyst prepared by wet impregnation on ZrO2 pellets; commercial Cu catalyst 63.5% CuO/24.7% ZnO/10.1% Al2O3/1.3% MgO"	"Bottled/commercial H2"	"Sulfur"	"SO2"	"500"	"250"	"53.8"	"CO2:H2 = 1:3"	"1952"	"960 min methanol test after ex-situ poison treatment"	"H2 uptake in TPR (Ncm3 g^-1)"	"8.4"	"0"	"Not applicable"	"-100"	"Calculated"	"Not applicable"	"Yes"	"Post-poisoning mechanistic characterization | Run/sample: 18 h SO2-prepoisoned In2O3/ZrO2 characterization | Impurity source: Ex-situ catalyst poisoning at 250 C and 100 N mL min^-1 before methanol test | Reported concentration: 500 ppm in N2 | Catalyst loading pre: See matched catalytic row wt% | Catalyst loading post: See matched catalytic row wt% | No detectable reduction signal after 18 h SO2 treatment."	"T1-001 PDF p.6 Fig. 3 and text"	"High"	"Mechanism-only"	"No known duplicate"
"T1-001"	"T1-001-H2S-4H-TPD"	"T1-001-H2S-4H-TPD-B"	"Schuhle et al. 2020"	"Influence of gas impurities on the hydrogenation of CO2 to methanol using indium-based catalysts"	"https://doi.org/10.1039/D0CY00946F"	"In2O3/ZrO2 (10.5 +/- 0.3 wt% In)"	"In catalyst prepared by wet impregnation on ZrO2 pellets; commercial Cu catalyst 63.5% CuO/24.7% ZnO/10.1% Al2O3/1.3% MgO"	"Bottled/commercial H2"	"Sulfur"	"H2S"	"400"	"250"	"53.8"	"CO2:H2 = 1:3"	"1952"	"960 min methanol test after ex-situ poison treatment"	"CO2 adsorption capacity (umol g^-1)"	"255"	"103"	"Not applicable"	"-59.608"	"Calculated"	"Not applicable"	"Yes"	"Post-poisoning mechanistic characterization | Run/sample: 4 h H2S-prepoisoned In2O3/ZrO2 characterization | Impurity source: Ex-situ catalyst poisoning at 250 C and 100 N mL min^-1 before methanol test | Reported concentration: 400 ppm in N2 | Catalyst loading pre: See matched catalytic row wt% | Catalyst loading post: See matched catalytic row wt% | H2S competes for sites involved in CO2 activation."	"T1-001 PDF p.8 Fig. 8 and text"	"High"	"Mechanism-only"	"No known duplicate"
"T1-001"	"T1-001-H2S-18H-TPD"	"T1-001-H2S-18H-TPD-B"	"Schuhle et al. 2020"	"Influence of gas impurities on the hydrogenation of CO2 to methanol using indium-based catalysts"	"https://doi.org/10.1039/D0CY00946F"	"In2O3/ZrO2 (10.5 +/- 0.3 wt% In)"	"In catalyst prepared by wet impregnation on ZrO2 pellets; commercial Cu catalyst 63.5% CuO/24.7% ZnO/10.1% Al2O3/1.3% MgO"	"Bottled/commercial H2"	"Sulfur"	"H2S"	"400"	"250"	"53.8"	"CO2:H2 = 1:3"	"1952"	"960 min methanol test after ex-situ poison treatment"	"CO2 adsorption capacity (umol g^-1)"	"255"	"0"	"Not applicable"	"-100"	"Calculated"	"Not applicable"	"Yes"	"Post-poisoning mechanistic characterization | Run/sample: 18 h H2S-prepoisoned In2O3/ZrO2 characterization | Impurity source: Ex-situ catalyst poisoning at 250 C and 100 N mL min^-1 before methanol test | Reported concentration: 400 ppm in N2 | Catalyst loading pre: See matched catalytic row wt% | Catalyst loading post: See matched catalytic row wt% | No measurable CO2 adsorption after 18 h H2S treatment."	"T1-001 PDF p.8 Fig. 8 and text"	"High"	"Mechanism-only"	"No known duplicate"
"T1-001"	"T1-001-H2S-4H-TPR"	"T1-001-H2S-4H-TPR-B"	"Schuhle et al. 2020"	"Influence of gas impurities on the hydrogenation of CO2 to methanol using indium-based catalysts"	"https://doi.org/10.1039/D0CY00946F"	"In2O3/ZrO2 (10.5 +/- 0.3 wt% In)"	"In catalyst prepared by wet impregnation on ZrO2 pellets; commercial Cu catalyst 63.5% CuO/24.7% ZnO/10.1% Al2O3/1.3% MgO"	"Bottled/commercial H2"	"Sulfur"	"H2S"	"400"	"250"	"53.8"	"CO2:H2 = 1:3"	"1952"	"960 min methanol test after ex-situ poison treatment"	"H2 uptake in TPR (Ncm3 g^-1)"	"8.2"	"3.6"	"Not applicable"	"-56.098"	"Calculated"	"Not applicable"	"Yes"	"Post-poisoning mechanistic characterization | Run/sample: 4 h H2S-prepoisoned In2O3/ZrO2 characterization | Impurity source: Ex-situ catalyst poisoning at 250 C and 100 N mL min^-1 before methanol test | Reported concentration: 400 ppm in N2 | Catalyst loading pre: See matched catalytic row wt% | Catalyst loading post: See matched catalytic row wt% | Loss of highly dispersed indium oxide species involved in H2 activation."	"T1-001 PDF p.8 Fig. 8 and text"	"High"	"Mechanism-only"	"No known duplicate"
"T1-001"	"T1-001-H2S-18H-TPR"	"T1-001-H2S-18H-TPR-B"	"Schuhle et al. 2020"	"Influence of gas impurities on the hydrogenation of CO2 to methanol using indium-based catalysts"	"https://doi.org/10.1039/D0CY00946F"	"In2O3/ZrO2 (10.5 +/- 0.3 wt% In)"	"In catalyst prepared by wet impregnation on ZrO2 pellets; commercial Cu catalyst 63.5% CuO/24.7% ZnO/10.1% Al2O3/1.3% MgO"	"Bottled/commercial H2"	"Sulfur"	"H2S"	"400"	"250"	"53.8"	"CO2:H2 = 1:3"	"1952"	"960 min methanol test after ex-situ poison treatment"	"H2 uptake in TPR (Ncm3 g^-1)"	"8.2"	"1.1"	"Not applicable"	"-86.585"	"Calculated"	"Not applicable"	"Yes"	"Post-poisoning mechanistic characterization | Run/sample: 18 h H2S-prepoisoned In2O3/ZrO2 characterization | Impurity source: Ex-situ catalyst poisoning at 250 C and 100 N mL min^-1 before methanol test | Reported concentration: 400 ppm in N2 | Catalyst loading pre: See matched catalytic row wt% | Catalyst loading post: See matched catalytic row wt% | Severe loss of highly dispersed reducible InOx."	"T1-001 PDF p.8 Fig. 8 and text"	"High"	"Mechanism-only"	"No known duplicate"
"T1-001"	"T1-001-NH3-18H-TPD"	"T1-001-NH3-18H-TPD-B"	"Schuhle et al. 2020"	"Influence of gas impurities on the hydrogenation of CO2 to methanol using indium-based catalysts"	"https://doi.org/10.1039/D0CY00946F"	"In2O3/ZrO2 (10.5 +/- 0.3 wt% In)"	"In catalyst prepared by wet impregnation on ZrO2 pellets; commercial Cu catalyst 63.5% CuO/24.7% ZnO/10.1% Al2O3/1.3% MgO"	"Bottled/commercial H2"	"Nitrogen"	"NH3"	"500"	"250"	"53.8"	"CO2:H2 = 1:3"	"1952"	"960 min methanol test after ex-situ poison treatment"	"CO2 adsorption capacity (umol g^-1)"	"242"	"159"	"Not applicable"	"-34.298"	"Calculated"	"Not applicable"	"Yes"	"Post-poisoning mechanistic characterization | Run/sample: 18 h NH3-prepoisoned In2O3/ZrO2 characterization | Impurity source: Ex-situ catalyst poisoning at 250 C and 100 N mL min^-1 before methanol test | Reported concentration: 500 ppm in N2 | Catalyst loading pre: See matched catalytic row wt% | Catalyst loading post: See matched catalytic row wt% | NH3 partially reduces In2O3 but does not reduce methanol productivity."	"T1-001 PDF pp.10-11 Fig. 11 and text"	"High"	"Mechanism-only"	"No known duplicate"
"T1-001"	"T1-001-NH3-18H-TPR"	"T1-001-NH3-18H-TPR-B"	"Schuhle et al. 2020"	"Influence of gas impurities on the hydrogenation of CO2 to methanol using indium-based catalysts"	"https://doi.org/10.1039/D0CY00946F"	"In2O3/ZrO2 (10.5 +/- 0.3 wt% In)"	"In catalyst prepared by wet impregnation on ZrO2 pellets; commercial Cu catalyst 63.5% CuO/24.7% ZnO/10.1% Al2O3/1.3% MgO"	"Bottled/commercial H2"	"Nitrogen"	"NH3"	"500"	"250"	"53.8"	"CO2:H2 = 1:3"	"1952"	"960 min methanol test after ex-situ poison treatment"	"H2 uptake in TPR (Ncm3 g^-1)"	"8.2"	"4.3"	"Not applicable"	"-47.561"	"Calculated"	"Not applicable"	"Yes"	"Post-poisoning mechanistic characterization | Run/sample: 18 h NH3-prepoisoned In2O3/ZrO2 characterization | Impurity source: Ex-situ catalyst poisoning at 250 C and 100 N mL min^-1 before methanol test | Reported concentration: 500 ppm in N2 | Catalyst loading pre: See matched catalytic row wt% | Catalyst loading post: See matched catalytic row wt% | Some InOx is reduced during NH3 treatment before TPR."	"T1-001 PDF pp.10-11 Fig. 11 and text"	"High"	"Mechanism-only"	"No known duplicate"
"T1-007"	"T1-007-PDSIO2-MeOH-TOF"	"T1-007-PDSIO2-CLEAN"	"Berube, Sung, and Vannice 1987"	"Sulfur poisoning of supported palladium methanol synthesis catalysts"	"https://doi.org/10.1016/S0166-9834(00)80672-7"	"2.33 wt% Pd/SiO2"	"0.80-2.33 wt% Pd; impregnation from PdCl2; air-dried 393 K 16 h; MTR/LTR/HTR pretreatments"	"Bottled/commercial H2"	"Sulfur"	"H2S"	"2"	"250"	"15"	"H2:CO = 3:1; total flow 24 cm3 min^-1 STP"	"Not reported"	"90"	"Methanol turnover frequency (10^-3 s^-1 per surface Pd atom)"	"3.58"	"1.44"	"Not reported"	"-59.777"	"Calculated"	"Not tested; H2S remained in feed until cooling"	"Yes"	"Continuous H2S exposure after clean-feed stabilization | Run/sample: 2.33 wt% Pd/SiO2; MTR pretreatment | Impurity source: 2 ppm H2S continuously added to CO/H2 feed after clean activity stabilized | Reported concentration: 2 ppm | Sulfur selectively suppresses oxygenate-forming Pd/support-interface sites; methanation sites are less sensitive. Surface sulfur also suppresses H2 chemisorption and bulk hydride formation."	"T1-007 PDF p.13 Table 5"	"High"	"Modeling-ready for methanol-output model"	"No known duplicate"
"T1-007"	"T1-007-PDSIO2-MEOH-SEL"	"T1-007-PDSIO2-CLEAN"	"Berube, Sung, and Vannice 1987"	"Sulfur poisoning of supported palladium methanol synthesis catalysts"	"https://doi.org/10.1016/S0166-9834(00)80672-7"	"2.33 wt% Pd/SiO2"	"0.80-2.33 wt% Pd; impregnation from PdCl2; air-dried 393 K 16 h; MTR/LTR/HTR pretreatments"	"Bottled/commercial H2"	"Sulfur"	"H2S"	"2"	"250"	"15"	"H2:CO = 3:1; total flow 24 cm3 min^-1 STP"	"Not reported"	"90"	"Methanol selectivity (mole % of carbon products (CO2 excluded))"	"100"	"100"	"Not reported"	"0"	"Calculated"	"Not tested; H2S remained in feed until cooling"	"Yes"	"Continuous H2S exposure after clean-feed stabilization | Run/sample: 2.33 wt% Pd/SiO2; MTR pretreatment | Impurity source: 2 ppm H2S continuously added to CO/H2 feed after clean activity stabilized | Reported concentration: 2 ppm | Sulfur selectively suppresses oxygenate-forming Pd/support-interface sites; methanation sites are less sensitive. Surface sulfur also suppresses H2 chemisorption and bulk hydride formation."	"T1-007 PDF p.13 Table 5"	"High"	"Modeling-ready for methanol-output model"	"No known duplicate"
"T1-007"	"T1-007-PDSIO2-H2S-UPTAKE"	"Not applicable"	"Berube, Sung, and Vannice 1987"	"Sulfur poisoning of supported palladium methanol synthesis catalysts"	"https://doi.org/10.1016/S0166-9834(00)80672-7"	"2.33 wt% Pd/SiO2"	"0.80-2.33 wt% Pd; impregnation from PdCl2; air-dried 393 K 16 h; MTR/LTR/HTR pretreatments"	"Bottled/commercial H2"	"Sulfur"	"H2S"	"2"	"250"	"15"	"H2:CO = 3:1; total flow 24 cm3 min^-1 STP"	"Not reported"	"90"	"Total H2S adsorbed on catalyst (umol H2S gcat^-1)"	"0"	"12.6"	"Not applicable"	"Not applicable"	"Measured"	"Not tested; H2S remained in feed until cooling"	"Yes"	"H2S material balance / breakthrough | Run/sample: 2.33 wt% Pd/SiO2; sulfur breakthrough integration | Impurity source: 2 ppm H2S continuously added to CO/H2 feed after clean activity stabilized | Reported concentration: 2 ppm | Total H2S exposed 34.6 umol g^-1; 4.9 umol g^-1 adsorbed by initial breakthrough. Sulfur uptake varies strongly with support."	"T1-007 PDF p.14 Table 6"	"High"	"Mechanism-only"	"No known duplicate"
"T1-007"	"T1-007-PDSIO2-H-CHEM"	"T1-007-PDSIO2-USED-CLEAN"	"Berube, Sung, and Vannice 1987"	"Sulfur poisoning of supported palladium methanol synthesis catalysts"	"https://doi.org/10.1016/S0166-9834(00)80672-7"	"2.33 wt% Pd/SiO2"	"0.80-2.33 wt% Pd; impregnation from PdCl2; air-dried 393 K 16 h; MTR/LTR/HTR pretreatments"	"Bottled/commercial H2"	"Sulfur"	"H2S"	"2"	"250"	"15"	"H2:CO = 3:1; total flow 24 cm3 min^-1 STP"	"Not reported"	"90"	"Hydrogen chemisorbed (umol H gcat^-1)"	"13.3"	"2.3"	"Not applicable"	"-82.707"	"Calculated"	"Not tested; H2S remained in feed until cooling"	"Yes"	"Post-poisoning mechanistic characterization | Run/sample: 2.33 wt% Pd/SiO2; post-run H2 chemisorption | Impurity source: 2 ppm H2S continuously added to CO/H2 feed after clean activity stabilized | Reported concentration: 2 ppm | Sulfur coverage lowers exposed Pd capable of dissociative hydrogen adsorption and reduces bulk beta-hydride formation."	"T1-007 PDF p.16 Table 7"	"High"	"Mechanism-only"	"No known duplicate"
"T1-007"	"T1-007-PDSIO2AL-MeOH-TOF"	"T1-007-PDSIO2AL-CLEAN"	"Berube, Sung, and Vannice 1987"	"Sulfur poisoning of supported palladium methanol synthesis catalysts"	"https://doi.org/10.1016/S0166-9834(00)80672-7"	"2.12 wt% Pd/SiO2-Al2O3"	"0.80-2.33 wt% Pd; impregnation from PdCl2; air-dried 393 K 16 h; MTR/LTR/HTR pretreatments"	"Bottled/commercial H2"	"Sulfur"	"H2S"	"2"	"250"	"15"	"H2:CO = 3:1; total flow 24 cm3 min^-1 STP"	"Not reported"	"60"	"Methanol turnover frequency (10^-3 s^-1 per surface Pd atom)"	"0"	"0"	"Not reported"	"Not applicable"	"Measured"	"Not tested; H2S remained in feed until cooling"	"Yes"	"Continuous H2S exposure after clean-feed stabilization | Run/sample: 2.12 wt% Pd/SiO2-Al2O3; MTR pretreatment | Impurity source: 2 ppm H2S continuously added to CO/H2 feed after clean activity stabilized | Reported concentration: 2 ppm | Sulfur selectively suppresses oxygenate-forming Pd/support-interface sites; methanation sites are less sensitive. Surface sulfur also suppresses H2 chemisorption and bulk hydride formation."	"T1-007 PDF p.13 Table 5"	"High"	"Not usable quantitatively"	"No known duplicate"
"T1-007"	"T1-007-PDSIO2AL-CH4-TOF"	"T1-007-PDSIO2AL-CLEAN"	"Berube, Sung, and Vannice 1987"	"Sulfur poisoning of supported palladium methanol synthesis catalysts"	"https://doi.org/10.1016/S0166-9834(00)80672-7"	"2.12 wt% Pd/SiO2-Al2O3"	"0.80-2.33 wt% Pd; impregnation from PdCl2; air-dried 393 K 16 h; MTR/LTR/HTR pretreatments"	"Bottled/commercial H2"	"Sulfur"	"H2S"	"2"	"250"	"15"	"H2:CO = 3:1; total flow 24 cm3 min^-1 STP"	"Not reported"	"60"	"Methane turnover frequency (10^-3 s^-1 per surface Pd atom)"	"0.13"	"0.083"	"Not reported"	"-36.154"	"Calculated"	"Not tested; H2S remained in feed until cooling"	"Yes"	"Continuous H2S exposure after clean-feed stabilization | Run/sample: 2.12 wt% Pd/SiO2-Al2O3; MTR pretreatment | Impurity source: 2 ppm H2S continuously added to CO/H2 feed after clean activity stabilized | Reported concentration: 2 ppm | Sulfur selectively suppresses oxygenate-forming Pd/support-interface sites; methanation sites are less sensitive. Surface sulfur also suppresses H2 chemisorption and bulk hydride formation."	"T1-007 PDF p.13 Table 5"	"High"	"Mechanism-only"	"No known duplicate"
"T1-007"	"T1-007-PDSIO2AL-DME-TOF"	"T1-007-PDSIO2AL-CLEAN"	"Berube, Sung, and Vannice 1987"	"Sulfur poisoning of supported palladium methanol synthesis catalysts"	"https://doi.org/10.1016/S0166-9834(00)80672-7"	"2.12 wt% Pd/SiO2-Al2O3"	"0.80-2.33 wt% Pd; impregnation from PdCl2; air-dried 393 K 16 h; MTR/LTR/HTR pretreatments"	"Bottled/commercial H2"	"Sulfur"	"H2S"	"2"	"250"	"15"	"H2:CO = 3:1; total flow 24 cm3 min^-1 STP"	"Not reported"	"60"	"Dimethyl ether turnover frequency (10^-3 s^-1 per surface Pd atom)"	"0.12"	"0.019"	"Not reported"	"-84.167"	"Calculated"	"Not tested; H2S remained in feed until cooling"	"Yes"	"Continuous H2S exposure after clean-feed stabilization | Run/sample: 2.12 wt% Pd/SiO2-Al2O3; MTR pretreatment | Impurity source: 2 ppm H2S continuously added to CO/H2 feed after clean activity stabilized | Reported concentration: 2 ppm | Sulfur selectively suppresses oxygenate-forming Pd/support-interface sites; methanation sites are less sensitive. Surface sulfur also suppresses H2 chemisorption and bulk hydride formation."	"T1-007 PDF p.13 Table 5"	"High"	"Mechanism-only"	"No known duplicate"
"T1-007"	"T1-007-PDSIO2AL-MEOH-SEL"	"T1-007-PDSIO2AL-CLEAN"	"Berube, Sung, and Vannice 1987"	"Sulfur poisoning of supported palladium methanol synthesis catalysts"	"https://doi.org/10.1016/S0166-9834(00)80672-7"	"2.12 wt% Pd/SiO2-Al2O3"	"0.80-2.33 wt% Pd; impregnation from PdCl2; air-dried 393 K 16 h; MTR/LTR/HTR pretreatments"	"Bottled/commercial H2"	"Sulfur"	"H2S"	"2"	"250"	"15"	"H2:CO = 3:1; total flow 24 cm3 min^-1 STP"	"Not reported"	"60"	"Methanol selectivity (mole % of carbon products (CO2 excluded))"	"0"	"0"	"Not reported"	"Not applicable"	"Measured"	"Not tested; H2S remained in feed until cooling"	"Yes"	"Continuous H2S exposure after clean-feed stabilization | Run/sample: 2.12 wt% Pd/SiO2-Al2O3; MTR pretreatment | Impurity source: 2 ppm H2S continuously added to CO/H2 feed after clean activity stabilized | Reported concentration: 2 ppm | Sulfur selectively suppresses oxygenate-forming Pd/support-interface sites; methanation sites are less sensitive. Surface sulfur also suppresses H2 chemisorption and bulk hydride formation."	"T1-007 PDF p.13 Table 5"	"High"	"Modeling-ready for methanol-output model"	"No known duplicate"
"T1-007"	"T1-007-PDSIO2AL-H2S-UPTAKE"	"Not applicable"	"Berube, Sung, and Vannice 1987"	"Sulfur poisoning of supported palladium methanol synthesis catalysts"	"https://doi.org/10.1016/S0166-9834(00)80672-7"	"2.12 wt% Pd/SiO2-Al2O3"	"0.80-2.33 wt% Pd; impregnation from PdCl2; air-dried 393 K 16 h; MTR/LTR/HTR pretreatments"	"Bottled/commercial H2"	"Sulfur"	"H2S"	"2"	"250"	"15"	"H2:CO = 3:1; total flow 24 cm3 min^-1 STP"	"Not reported"	"60"	"Total H2S adsorbed on catalyst (umol H2S gcat^-1)"	"0"	"6.3"	"Not applicable"	"Not applicable"	"Measured"	"Not tested; H2S remained in feed until cooling"	"Yes"	"H2S material balance / breakthrough | Run/sample: 2.12 wt% Pd/SiO2-Al2O3; sulfur breakthrough integration | Impurity source: 2 ppm H2S continuously added to CO/H2 feed after clean activity stabilized | Reported concentration: 2 ppm | Total H2S exposed 18.5 umol g^-1; 3.2 umol g^-1 adsorbed by initial breakthrough. Sulfur uptake varies strongly with support."	"T1-007 PDF p.14 Table 6"	"High"	"Mechanism-only"	"No known duplicate"
"T1-007"	"T1-007-PDSIO2AL-H-CHEM"	"T1-007-PDSIO2AL-USED-CLEAN"	"Berube, Sung, and Vannice 1987"	"Sulfur poisoning of supported palladium methanol synthesis catalysts"	"https://doi.org/10.1016/S0166-9834(00)80672-7"	"2.12 wt% Pd/SiO2-Al2O3"	"0.80-2.33 wt% Pd; impregnation from PdCl2; air-dried 393 K 16 h; MTR/LTR/HTR pretreatments"	"Bottled/commercial H2"	"Sulfur"	"H2S"	"2"	"250"	"15"	"H2:CO = 3:1; total flow 24 cm3 min^-1 STP"	"Not reported"	"60"	"Hydrogen chemisorbed (umol H gcat^-1)"	"12.6"	"7"	"Not applicable"	"-44.444"	"Calculated"	"Not tested; H2S remained in feed until cooling"	"Yes"	"Post-poisoning mechanistic characterization | Run/sample: 2.12 wt% Pd/SiO2-Al2O3; post-run H2 chemisorption | Impurity source: 2 ppm H2S continuously added to CO/H2 feed after clean activity stabilized | Reported concentration: 2 ppm | Sulfur coverage lowers exposed Pd capable of dissociative hydrogen adsorption and reduces bulk beta-hydride formation."	"T1-007 PDF p.16 Table 7"	"High"	"Mechanism-only"	"No known duplicate"
"T1-007"	"T1-007-PDAL-MeOH-TOF"	"T1-007-PDAL-CLEAN"	"Berube, Sung, and Vannice 1987"	"Sulfur poisoning of supported palladium methanol synthesis catalysts"	"https://doi.org/10.1016/S0166-9834(00)80672-7"	"1.98 wt% Pd/gamma-Al2O3"	"0.80-2.33 wt% Pd; impregnation from PdCl2; air-dried 393 K 16 h; MTR/LTR/HTR pretreatments"	"Bottled/commercial H2"	"Sulfur"	"H2S"	"2"	"250"	"15"	"H2:CO = 3:1; total flow 24 cm3 min^-1 STP"	"Not reported"	"75"	"Methanol turnover frequency (10^-3 s^-1 per surface Pd atom)"	"0.032"	"0"	"Not reported"	"-100"	"Calculated"	"Not tested; H2S remained in feed until cooling"	"Yes"	"Continuous H2S exposure after clean-feed stabilization | Run/sample: 1.98 wt% Pd/gamma-Al2O3; MTR pretreatment | Impurity source: 2 ppm H2S continuously added to CO/H2 feed after clean activity stabilized | Reported concentration: 2 ppm | Sulfur selectively suppresses oxygenate-forming Pd/support-interface sites; methanation sites are less sensitive. Surface sulfur also suppresses H2 chemisorption and bulk hydride formation."	"T1-007 PDF p.13 Table 5"	"High"	"Modeling-ready for methanol-output model"	"No known duplicate"
"T1-007"	"T1-007-PDAL-CH4-TOF"	"T1-007-PDAL-CLEAN"	"Berube, Sung, and Vannice 1987"	"Sulfur poisoning of supported palladium methanol synthesis catalysts"	"https://doi.org/10.1016/S0166-9834(00)80672-7"	"1.98 wt% Pd/gamma-Al2O3"	"0.80-2.33 wt% Pd; impregnation from PdCl2; air-dried 393 K 16 h; MTR/LTR/HTR pretreatments"	"Bottled/commercial H2"	"Sulfur"	"H2S"	"2"	"250"	"15"	"H2:CO = 3:1; total flow 24 cm3 min^-1 STP"	"Not reported"	"75"	"Methane turnover frequency (10^-3 s^-1 per surface Pd atom)"	"0.14"	"0.074"	"Not reported"	"-47.143"	"Calculated"	"Not tested; H2S remained in feed until cooling"	"Yes"	"Continuous H2S exposure after clean-feed stabilization | Run/sample: 1.98 wt% Pd/gamma-Al2O3; MTR pretreatment | Impurity source: 2 ppm H2S continuously added to CO/H2 feed after clean activity stabilized | Reported concentration: 2 ppm | Sulfur selectively suppresses oxygenate-forming Pd/support-interface sites; methanation sites are less sensitive. Surface sulfur also suppresses H2 chemisorption and bulk hydride formation."	"T1-007 PDF p.13 Table 5"	"High"	"Mechanism-only"	"No known duplicate"
"T1-007"	"T1-007-PDAL-DME-TOF"	"T1-007-PDAL-CLEAN"	"Berube, Sung, and Vannice 1987"	"Sulfur poisoning of supported palladium methanol synthesis catalysts"	"https://doi.org/10.1016/S0166-9834(00)80672-7"	"1.98 wt% Pd/gamma-Al2O3"	"0.80-2.33 wt% Pd; impregnation from PdCl2; air-dried 393 K 16 h; MTR/LTR/HTR pretreatments"	"Bottled/commercial H2"	"Sulfur"	"H2S"	"2"	"250"	"15"	"H2:CO = 3:1; total flow 24 cm3 min^-1 STP"	"Not reported"	"75"	"Dimethyl ether turnover frequency (10^-3 s^-1 per surface Pd atom)"	"0.22"	"0.021"	"Not reported"	"-90.455"	"Calculated"	"Not tested; H2S remained in feed until cooling"	"Yes"	"Continuous H2S exposure after clean-feed stabilization | Run/sample: 1.98 wt% Pd/gamma-Al2O3; MTR pretreatment | Impurity source: 2 ppm H2S continuously added to CO/H2 feed after clean activity stabilized | Reported concentration: 2 ppm | Sulfur selectively suppresses oxygenate-forming Pd/support-interface sites; methanation sites are less sensitive. Surface sulfur also suppresses H2 chemisorption and bulk hydride formation."	"T1-007 PDF p.13 Table 5"	"High"	"Mechanism-only"	"No known duplicate"
"T1-007"	"T1-007-PDAL-MEOH-SEL"	"T1-007-PDAL-CLEAN"	"Berube, Sung, and Vannice 1987"	"Sulfur poisoning of supported palladium methanol synthesis catalysts"	"https://doi.org/10.1016/S0166-9834(00)80672-7"	"1.98 wt% Pd/gamma-Al2O3"	"0.80-2.33 wt% Pd; impregnation from PdCl2; air-dried 393 K 16 h; MTR/LTR/HTR pretreatments"	"Bottled/commercial H2"	"Sulfur"	"H2S"	"2"	"250"	"15"	"H2:CO = 3:1; total flow 24 cm3 min^-1 STP"	"Not reported"	"75"	"Methanol selectivity (mole % of carbon products (CO2 excluded))"	"8"	"0"	"Not reported"	"-100"	"Calculated"	"Not tested; H2S remained in feed until cooling"	"Yes"	"Continuous H2S exposure after clean-feed stabilization | Run/sample: 1.98 wt% Pd/gamma-Al2O3; MTR pretreatment | Impurity source: 2 ppm H2S continuously added to CO/H2 feed after clean activity stabilized | Reported concentration: 2 ppm | Sulfur selectively suppresses oxygenate-forming Pd/support-interface sites; methanation sites are less sensitive. Surface sulfur also suppresses H2 chemisorption and bulk hydride formation."	"T1-007 PDF p.13 Table 5"	"High"	"Modeling-ready for methanol-output model"	"No known duplicate"
"T1-007"	"T1-007-PDAL-H2S-UPTAKE"	"Not applicable"	"Berube, Sung, and Vannice 1987"	"Sulfur poisoning of supported palladium methanol synthesis catalysts"	"https://doi.org/10.1016/S0166-9834(00)80672-7"	"1.98 wt% Pd/gamma-Al2O3"	"0.80-2.33 wt% Pd; impregnation from PdCl2; air-dried 393 K 16 h; MTR/LTR/HTR pretreatments"	"Bottled/commercial H2"	"Sulfur"	"H2S"	"2"	"250"	"15"	"H2:CO = 3:1; total flow 24 cm3 min^-1 STP"	"Not reported"	"75"	"Total H2S adsorbed on catalyst (umol H2S gcat^-1)"	"0"	"5.5"	"Not applicable"	"Not applicable"	"Measured"	"Not tested; H2S remained in feed until cooling"	"Yes"	"H2S material balance / breakthrough | Run/sample: 1.98 wt% Pd/gamma-Al2O3; sulfur breakthrough integration | Impurity source: 2 ppm H2S continuously added to CO/H2 feed after clean activity stabilized | Reported concentration: 2 ppm | Total H2S exposed 26.5 umol g^-1; 3 umol g^-1 adsorbed by initial breakthrough. Sulfur uptake varies strongly with support."	"T1-007 PDF p.14 Table 6"	"High"	"Mechanism-only"	"No known duplicate"
"T1-007"	"T1-007-PDAL-H-CHEM"	"T1-007-PDAL-USED-CLEAN"	"Berube, Sung, and Vannice 1987"	"Sulfur poisoning of supported palladium methanol synthesis catalysts"	"https://doi.org/10.1016/S0166-9834(00)80672-7"	"1.98 wt% Pd/gamma-Al2O3"	"0.80-2.33 wt% Pd; impregnation from PdCl2; air-dried 393 K 16 h; MTR/LTR/HTR pretreatments"	"Bottled/commercial H2"	"Sulfur"	"H2S"	"2"	"250"	"15"	"H2:CO = 3:1; total flow 24 cm3 min^-1 STP"	"Not reported"	"75"	"Hydrogen chemisorbed (umol H gcat^-1)"	"19.2"	"0.7"	"Not applicable"	"-96.354"	"Calculated"	"Not tested; H2S remained in feed until cooling"	"Yes"	"Post-poisoning mechanistic characterization | Run/sample: 1.98 wt% Pd/gamma-Al2O3; post-run H2 chemisorption | Impurity source: 2 ppm H2S continuously added to CO/H2 feed after clean activity stabilized | Reported concentration: 2 ppm | Sulfur coverage lowers exposed Pd capable of dissociative hydrogen adsorption and reduces bulk beta-hydride formation."	"T1-007 PDF p.16 Table 7"	"High"	"Mechanism-only"	"No known duplicate"
"T1-007"	"T1-007-PDND-MeOH-TOF"	"T1-007-PDND-CLEAN"	"Berube, Sung, and Vannice 1987"	"Sulfur poisoning of supported palladium methanol synthesis catalysts"	"https://doi.org/10.1016/S0166-9834(00)80672-7"	"0.80 wt% Pd/Nd2O3"	"0.80-2.33 wt% Pd; impregnation from PdCl2; air-dried 393 K 16 h; MTR/LTR/HTR pretreatments"	"Bottled/commercial H2"	"Sulfur"	"H2S"	"2"	"250"	"15"	"H2:CO = 3:1; total flow 24 cm3 min^-1 STP"	"Not reported"	"250"	"Methanol turnover frequency (10^-3 s^-1 per surface Pd atom)"	"2.54"	"0.41"	"Not reported"	"-83.858"	"Calculated"	"Not tested; H2S remained in feed until cooling"	"Yes"	"Continuous H2S exposure after clean-feed stabilization | Run/sample: 0.80 wt% Pd/Nd2O3; HTR pretreatment | Impurity source: 2 ppm H2S continuously added to CO/H2 feed after clean activity stabilized | Reported concentration: 2 ppm | Sulfur selectively suppresses oxygenate-forming Pd/support-interface sites; methanation sites are less sensitive. Surface sulfur also suppresses H2 chemisorption and bulk hydride formation."	"T1-007 PDF p.13 Table 5"	"High"	"Modeling-ready for methanol-output model"	"No known duplicate"
"T1-007"	"T1-007-PDND-MEOH-SEL"	"T1-007-PDND-CLEAN"	"Berube, Sung, and Vannice 1987"	"Sulfur poisoning of supported palladium methanol synthesis catalysts"	"https://doi.org/10.1016/S0166-9834(00)80672-7"	"0.80 wt% Pd/Nd2O3"	"0.80-2.33 wt% Pd; impregnation from PdCl2; air-dried 393 K 16 h; MTR/LTR/HTR pretreatments"	"Bottled/commercial H2"	"Sulfur"	"H2S"	"2"	"250"	"15"	"H2:CO = 3:1; total flow 24 cm3 min^-1 STP"	"Not reported"	"250"	"Methanol selectivity (mole % of carbon products (CO2 excluded))"	"100"	"100"	"Not reported"	"0"	"Calculated"	"Not tested; H2S remained in feed until cooling"	"Yes"	"Continuous H2S exposure after clean-feed stabilization | Run/sample: 0.80 wt% Pd/Nd2O3; HTR pretreatment | Impurity source: 2 ppm H2S continuously added to CO/H2 feed after clean activity stabilized | Reported concentration: 2 ppm | Sulfur selectively suppresses oxygenate-forming Pd/support-interface sites; methanation sites are less sensitive. Surface sulfur also suppresses H2 chemisorption and bulk hydride formation."	"T1-007 PDF p.13 Table 5"	"High"	"Modeling-ready for methanol-output model"	"No known duplicate"
"T1-007"	"T1-007-PDND-H2S-UPTAKE"	"Not applicable"	"Berube, Sung, and Vannice 1987"	"Sulfur poisoning of supported palladium methanol synthesis catalysts"	"https://doi.org/10.1016/S0166-9834(00)80672-7"	"0.80 wt% Pd/Nd2O3"	"0.80-2.33 wt% Pd; impregnation from PdCl2; air-dried 393 K 16 h; MTR/LTR/HTR pretreatments"	"Bottled/commercial H2"	"Sulfur"	"H2S"	"2"	"250"	"15"	"H2:CO = 3:1; total flow 24 cm3 min^-1 STP"	"Not reported"	"250"	"Total H2S adsorbed on catalyst (umol H2S gcat^-1)"	"0"	"31.1"	"Not applicable"	"Not applicable"	"Measured"	"Not tested; H2S remained in feed until cooling"	"Yes"	"H2S material balance / breakthrough | Run/sample: 0.80 wt% Pd/Nd2O3; sulfur breakthrough integration | Impurity source: 2 ppm H2S continuously added to CO/H2 feed after clean activity stabilized | Reported concentration: 2 ppm | Total H2S exposed 43.9 umol g^-1; 11.9 umol g^-1 adsorbed by initial breakthrough. Sulfur uptake varies strongly with support."	"T1-007 PDF p.14 Table 6"	"High"	"Mechanism-only"	"No known duplicate"
"T1-007"	"T1-007-PDND-H-CHEM"	"T1-007-PDND-USED-CLEAN"	"Berube, Sung, and Vannice 1987"	"Sulfur poisoning of supported palladium methanol synthesis catalysts"	"https://doi.org/10.1016/S0166-9834(00)80672-7"	"0.80 wt% Pd/Nd2O3"	"0.80-2.33 wt% Pd; impregnation from PdCl2; air-dried 393 K 16 h; MTR/LTR/HTR pretreatments"	"Bottled/commercial H2"	"Sulfur"	"H2S"	"2"	"250"	"15"	"H2:CO = 3:1; total flow 24 cm3 min^-1 STP"	"Not reported"	"250"	"Hydrogen chemisorbed (umol H gcat^-1)"	"0.8"	"0"	"Not applicable"	"-100"	"Calculated"	"Not tested; H2S remained in feed until cooling"	"Yes"	"Post-poisoning mechanistic characterization | Run/sample: 0.80 wt% Pd/Nd2O3; post-run H2 chemisorption | Impurity source: 2 ppm H2S continuously added to CO/H2 feed after clean activity stabilized | Reported concentration: 2 ppm | Sulfur coverage lowers exposed Pd capable of dissociative hydrogen adsorption and reduces bulk beta-hydride formation."	"T1-007 PDF p.16 Table 7"	"High"	"Mechanism-only"	"No known duplicate"
"T1-007"	"T1-007-PDTIO2HTR-MeOH-TOF"	"T1-007-PDTIO2HTR-CLEAN"	"Berube, Sung, and Vannice 1987"	"Sulfur poisoning of supported palladium methanol synthesis catalysts"	"https://doi.org/10.1016/S0166-9834(00)80672-7"	"1.86 wt% Pd/TiO2 (HTR)"	"0.80-2.33 wt% Pd; impregnation from PdCl2; air-dried 393 K 16 h; MTR/LTR/HTR pretreatments"	"Bottled/commercial H2"	"Sulfur"	"H2S"	"2"	"250"	"15"	"H2:CO = 3:1; total flow 24 cm3 min^-1 STP"	"Not reported"	"40"	"Methanol turnover frequency (10^-3 s^-1 per surface Pd atom)"	"7.81"	"0.08"	"Not reported"	"-98.976"	"Calculated"	"Not tested; H2S remained in feed until cooling"	"Yes"	"Continuous H2S exposure after clean-feed stabilization | Run/sample: 1.86 wt% Pd/TiO2 (HTR); HTR pretreatment | Impurity source: 2 ppm H2S continuously added to CO/H2 feed after clean activity stabilized | Reported concentration: 2 ppm | Sulfur selectively suppresses oxygenate-forming Pd/support-interface sites; methanation sites are less sensitive. Surface sulfur also suppresses H2 chemisorption and bulk hydride formation."	"T1-007 PDF p.13 Table 5"	"High"	"Modeling-ready for methanol-output model"	"No known duplicate"
"T1-007"	"T1-007-PDTIO2HTR-CH4-TOF"	"T1-007-PDTIO2HTR-CLEAN"	"Berube, Sung, and Vannice 1987"	"Sulfur poisoning of supported palladium methanol synthesis catalysts"	"https://doi.org/10.1016/S0166-9834(00)80672-7"	"1.86 wt% Pd/TiO2 (HTR)"	"0.80-2.33 wt% Pd; impregnation from PdCl2; air-dried 393 K 16 h; MTR/LTR/HTR pretreatments"	"Bottled/commercial H2"	"Sulfur"	"H2S"	"2"	"250"	"15"	"H2:CO = 3:1; total flow 24 cm3 min^-1 STP"	"Not reported"	"40"	"Methane turnover frequency (10^-3 s^-1 per surface Pd atom)"	"14.2"	"5.59"	"Not reported"	"-60.634"	"Calculated"	"Not tested; H2S remained in feed until cooling"	"Yes"	"Continuous H2S exposure after clean-feed stabilization | Run/sample: 1.86 wt% Pd/TiO2 (HTR); HTR pretreatment | Impurity source: 2 ppm H2S continuously added to CO/H2 feed after clean activity stabilized | Reported concentration: 2 ppm | Sulfur selectively suppresses oxygenate-forming Pd/support-interface sites; methanation sites are less sensitive. Surface sulfur also suppresses H2 chemisorption and bulk hydride formation."	"T1-007 PDF p.13 Table 5"	"High"	"Mechanism-only"	"No known duplicate"
"T1-007"	"T1-007-PDTIO2HTR-DME-TOF"	"T1-007-PDTIO2HTR-CLEAN"	"Berube, Sung, and Vannice 1987"	"Sulfur poisoning of supported palladium methanol synthesis catalysts"	"https://doi.org/10.1016/S0166-9834(00)80672-7"	"1.86 wt% Pd/TiO2 (HTR)"	"0.80-2.33 wt% Pd; impregnation from PdCl2; air-dried 393 K 16 h; MTR/LTR/HTR pretreatments"	"Bottled/commercial H2"	"Sulfur"	"H2S"	"2"	"250"	"15"	"H2:CO = 3:1; total flow 24 cm3 min^-1 STP"	"Not reported"	"40"	"Dimethyl ether turnover frequency (10^-3 s^-1 per surface Pd atom)"	"0.6"	"0.079"	"Not reported"	"-86.833"	"Calculated"	"Not tested; H2S remained in feed until cooling"	"Yes"	"Continuous H2S exposure after clean-feed stabilization | Run/sample: 1.86 wt% Pd/TiO2 (HTR); HTR pretreatment | Impurity source: 2 ppm H2S continuously added to CO/H2 feed after clean activity stabilized | Reported concentration: 2 ppm | Sulfur selectively suppresses oxygenate-forming Pd/support-interface sites; methanation sites are less sensitive. Surface sulfur also suppresses H2 chemisorption and bulk hydride formation."	"T1-007 PDF p.13 Table 5"	"High"	"Mechanism-only"	"No known duplicate"
"T1-007"	"T1-007-PDTIO2HTR-MEOH-SEL"	"T1-007-PDTIO2HTR-CLEAN"	"Berube, Sung, and Vannice 1987"	"Sulfur poisoning of supported palladium methanol synthesis catalysts"	"https://doi.org/10.1016/S0166-9834(00)80672-7"	"1.86 wt% Pd/TiO2 (HTR)"	"0.80-2.33 wt% Pd; impregnation from PdCl2; air-dried 393 K 16 h; MTR/LTR/HTR pretreatments"	"Bottled/commercial H2"	"Sulfur"	"H2S"	"2"	"250"	"15"	"H2:CO = 3:1; total flow 24 cm3 min^-1 STP"	"Not reported"	"40"	"Methanol selectivity (mole % of carbon products (CO2 excluded))"	"33"	"1"	"Not reported"	"-96.97"	"Calculated"	"Not tested; H2S remained in feed until cooling"	"Yes"	"Continuous H2S exposure after clean-feed stabilization | Run/sample: 1.86 wt% Pd/TiO2 (HTR); HTR pretreatment | Impurity source: 2 ppm H2S continuously added to CO/H2 feed after clean activity stabilized | Reported concentration: 2 ppm | Sulfur selectively suppresses oxygenate-forming Pd/support-interface sites; methanation sites are less sensitive. Surface sulfur also suppresses H2 chemisorption and bulk hydride formation."	"T1-007 PDF p.13 Table 5"	"High"	"Modeling-ready for methanol-output model"	"No known duplicate"
"T1-007"	"T1-007-PDTIO2HTR-H2S-UPTAKE"	"Not applicable"	"Berube, Sung, and Vannice 1987"	"Sulfur poisoning of supported palladium methanol synthesis catalysts"	"https://doi.org/10.1016/S0166-9834(00)80672-7"	"1.86 wt% Pd/TiO2 (HTR)"	"0.80-2.33 wt% Pd; impregnation from PdCl2; air-dried 393 K 16 h; MTR/LTR/HTR pretreatments"	"Bottled/commercial H2"	"Sulfur"	"H2S"	"2"	"250"	"15"	"H2:CO = 3:1; total flow 24 cm3 min^-1 STP"	"Not reported"	"40"	"Total H2S adsorbed on catalyst (umol H2S gcat^-1)"	"0"	"7.2"	"Not applicable"	"Not applicable"	"Measured"	"Not tested; H2S remained in feed until cooling"	"Yes"	"H2S material balance / breakthrough | Run/sample: 1.86 wt% Pd/TiO2 (HTR); sulfur breakthrough integration | Impurity source: 2 ppm H2S continuously added to CO/H2 feed after clean activity stabilized | Reported concentration: 2 ppm | Total H2S exposed 23.3 umol g^-1; 4.4 umol g^-1 adsorbed by initial breakthrough. Sulfur uptake varies strongly with support."	"T1-007 PDF p.14 Table 6"	"High"	"Mechanism-only"	"No known duplicate"
"T1-007"	"T1-007-PDTIO2HTR-H-CHEM"	"T1-007-PDTIO2HTR-USED-CLEAN"	"Berube, Sung, and Vannice 1987"	"Sulfur poisoning of supported palladium methanol synthesis catalysts"	"https://doi.org/10.1016/S0166-9834(00)80672-7"	"1.86 wt% Pd/TiO2 (HTR)"	"0.80-2.33 wt% Pd; impregnation from PdCl2; air-dried 393 K 16 h; MTR/LTR/HTR pretreatments"	"Bottled/commercial H2"	"Sulfur"	"H2S"	"2"	"250"	"15"	"H2:CO = 3:1; total flow 24 cm3 min^-1 STP"	"Not reported"	"40"	"Hydrogen chemisorbed (umol H gcat^-1)"	"0.8"	"1.3"	"Not applicable"	"62.5"	"Calculated"	"Not tested; H2S remained in feed until cooling"	"Yes"	"Post-poisoning mechanistic characterization | Run/sample: 1.86 wt% Pd/TiO2 (HTR); post-run H2 chemisorption | Impurity source: 2 ppm H2S continuously added to CO/H2 feed after clean activity stabilized | Reported concentration: 2 ppm | Sulfur coverage lowers exposed Pd capable of dissociative hydrogen adsorption and reduces bulk beta-hydride formation."	"T1-007 PDF p.16 Table 7"	"High"	"Mechanism-only"	"No known duplicate"
"T1-007"	"T1-007-PDTIO2LTR-MeOH-TOF"	"T1-007-PDTIO2LTR-CLEAN"	"Berube, Sung, and Vannice 1987"	"Sulfur poisoning of supported palladium methanol synthesis catalysts"	"https://doi.org/10.1016/S0166-9834(00)80672-7"	"1.86 wt% Pd/TiO2 (LTR)"	"0.80-2.33 wt% Pd; impregnation from PdCl2; air-dried 393 K 16 h; MTR/LTR/HTR pretreatments"	"Bottled/commercial H2"	"Sulfur"	"H2S"	"2"	"250"	"15"	"H2:CO = 3:1; total flow 24 cm3 min^-1 STP"	"Not reported"	"70"	"Methanol turnover frequency (10^-3 s^-1 per surface Pd atom)"	"1.75"	"0.027"	"Not reported"	"-98.457"	"Calculated"	"Not tested; H2S remained in feed until cooling"	"Yes"	"Continuous H2S exposure after clean-feed stabilization | Run/sample: 1.86 wt% Pd/TiO2 (LTR); LTR pretreatment | Impurity source: 2 ppm H2S continuously added to CO/H2 feed after clean activity stabilized | Reported concentration: 2 ppm | Sulfur selectively suppresses oxygenate-forming Pd/support-interface sites; methanation sites are less sensitive. Surface sulfur also suppresses H2 chemisorption and bulk hydride formation."	"T1-007 PDF p.13 Table 5"	"High"	"Modeling-ready for methanol-output model"	"No known duplicate"
"T1-007"	"T1-007-PDTIO2LTR-CH4-TOF"	"T1-007-PDTIO2LTR-CLEAN"	"Berube, Sung, and Vannice 1987"	"Sulfur poisoning of supported palladium methanol synthesis catalysts"	"https://doi.org/10.1016/S0166-9834(00)80672-7"	"1.86 wt% Pd/TiO2 (LTR)"	"0.80-2.33 wt% Pd; impregnation from PdCl2; air-dried 393 K 16 h; MTR/LTR/HTR pretreatments"	"Bottled/commercial H2"	"Sulfur"	"H2S"	"2"	"250"	"15"	"H2:CO = 3:1; total flow 24 cm3 min^-1 STP"	"Not reported"	"70"	"Methane turnover frequency (10^-3 s^-1 per surface Pd atom)"	"1.87"	"0.71"	"Not reported"	"-62.032"	"Calculated"	"Not tested; H2S remained in feed until cooling"	"Yes"	"Continuous H2S exposure after clean-feed stabilization | Run/sample: 1.86 wt% Pd/TiO2 (LTR); LTR pretreatment | Impurity source: 2 ppm H2S continuously added to CO/H2 feed after clean activity stabilized | Reported concentration: 2 ppm | Sulfur selectively suppresses oxygenate-forming Pd/support-interface sites; methanation sites are less sensitive. Surface sulfur also suppresses H2 chemisorption and bulk hydride formation."	"T1-007 PDF p.13 Table 5"	"High"	"Mechanism-only"	"No known duplicate"
"T1-007"	"T1-007-PDTIO2LTR-DME-TOF"	"T1-007-PDTIO2LTR-CLEAN"	"Berube, Sung, and Vannice 1987"	"Sulfur poisoning of supported palladium methanol synthesis catalysts"	"https://doi.org/10.1016/S0166-9834(00)80672-7"	"1.86 wt% Pd/TiO2 (LTR)"	"0.80-2.33 wt% Pd; impregnation from PdCl2; air-dried 393 K 16 h; MTR/LTR/HTR pretreatments"	"Bottled/commercial H2"	"Sulfur"	"H2S"	"2"	"250"	"15"	"H2:CO = 3:1; total flow 24 cm3 min^-1 STP"	"Not reported"	"70"	"Dimethyl ether turnover frequency (10^-3 s^-1 per surface Pd atom)"	"0.11"	"0.017"	"Not reported"	"-84.545"	"Calculated"	"Not tested; H2S remained in feed until cooling"	"Yes"	"Continuous H2S exposure after clean-feed stabilization | Run/sample: 1.86 wt% Pd/TiO2 (LTR); LTR pretreatment | Impurity source: 2 ppm H2S continuously added to CO/H2 feed after clean activity stabilized | Reported concentration: 2 ppm | Sulfur selectively suppresses oxygenate-forming Pd/support-interface sites; methanation sites are less sensitive. Surface sulfur also suppresses H2 chemisorption and bulk hydride formation."	"T1-007 PDF p.13 Table 5"	"High"	"Mechanism-only"	"No known duplicate"
"T1-007"	"T1-007-PDTIO2LTR-MEOH-SEL"	"T1-007-PDTIO2LTR-CLEAN"	"Berube, Sung, and Vannice 1987"	"Sulfur poisoning of supported palladium methanol synthesis catalysts"	"https://doi.org/10.1016/S0166-9834(00)80672-7"	"1.86 wt% Pd/TiO2 (LTR)"	"0.80-2.33 wt% Pd; impregnation from PdCl2; air-dried 393 K 16 h; MTR/LTR/HTR pretreatments"	"Bottled/commercial H2"	"Sulfur"	"H2S"	"2"	"250"	"15"	"H2:CO = 3:1; total flow 24 cm3 min^-1 STP"	"Not reported"	"70"	"Methanol selectivity (mole % of carbon products (CO2 excluded))"	"47"	"4"	"Not reported"	"-91.489"	"Calculated"	"Not tested; H2S remained in feed until cooling"	"Yes"	"Continuous H2S exposure after clean-feed stabilization | Run/sample: 1.86 wt% Pd/TiO2 (LTR); LTR pretreatment | Impurity source: 2 ppm H2S continuously added to CO/H2 feed after clean activity stabilized | Reported concentration: 2 ppm | Sulfur selectively suppresses oxygenate-forming Pd/support-interface sites; methanation sites are less sensitive. Surface sulfur also suppresses H2 chemisorption and bulk hydride formation."	"T1-007 PDF p.13 Table 5"	"High"	"Modeling-ready for methanol-output model"	"No known duplicate"
"T1-007"	"T1-007-PDTIO2LTR-H2S-UPTAKE"	"Not applicable"	"Berube, Sung, and Vannice 1987"	"Sulfur poisoning of supported palladium methanol synthesis catalysts"	"https://doi.org/10.1016/S0166-9834(00)80672-7"	"1.86 wt% Pd/TiO2 (LTR)"	"0.80-2.33 wt% Pd; impregnation from PdCl2; air-dried 393 K 16 h; MTR/LTR/HTR pretreatments"	"Bottled/commercial H2"	"Sulfur"	"H2S"	"2"	"250"	"15"	"H2:CO = 3:1; total flow 24 cm3 min^-1 STP"	"Not reported"	"70"	"Total H2S adsorbed on catalyst (umol H2S gcat^-1)"	"0"	"11"	"Not applicable"	"Not applicable"	"Measured"	"Not tested; H2S remained in feed until cooling"	"Yes"	"H2S material balance / breakthrough | Run/sample: 1.86 wt% Pd/TiO2 (LTR); sulfur breakthrough integration | Impurity source: 2 ppm H2S continuously added to CO/H2 feed after clean activity stabilized | Reported concentration: 2 ppm | Total H2S exposed 42.5 umol g^-1; 6.1 umol g^-1 adsorbed by initial breakthrough. Sulfur uptake varies strongly with support."	"T1-007 PDF p.14 Table 6"	"High"	"Mechanism-only"	"No known duplicate"
"T1-007"	"T1-007-PDTIO2LTR-H-CHEM"	"T1-007-PDTIO2LTR-USED-CLEAN"	"Berube, Sung, and Vannice 1987"	"Sulfur poisoning of supported palladium methanol synthesis catalysts"	"https://doi.org/10.1016/S0166-9834(00)80672-7"	"1.86 wt% Pd/TiO2 (LTR)"	"0.80-2.33 wt% Pd; impregnation from PdCl2; air-dried 393 K 16 h; MTR/LTR/HTR pretreatments"	"Bottled/commercial H2"	"Sulfur"	"H2S"	"2"	"250"	"15"	"H2:CO = 3:1; total flow 24 cm3 min^-1 STP"	"Not reported"	"70"	"Hydrogen chemisorbed (umol H gcat^-1)"	"12"	"4.5"	"Not applicable"	"-62.5"	"Calculated"	"Not tested; H2S remained in feed until cooling"	"Yes"	"Post-poisoning mechanistic characterization | Run/sample: 1.86 wt% Pd/TiO2 (LTR); post-run H2 chemisorption | Impurity source: 2 ppm H2S continuously added to CO/H2 feed after clean activity stabilized | Reported concentration: 2 ppm | Sulfur coverage lowers exposed Pd capable of dissociative hydrogen adsorption and reduces bulk beta-hydride formation."	"T1-007 PDF p.16 Table 7"	"High"	"Mechanism-only"	"No known duplicate"
"T1-015"	"T1-015-R1-T00"	"T1-015-R1-T00"	"Quinn and Toseland 2008"	"Liquid-Phase Guard Bed for Removal of Synthesis Gas Contaminants"	"https://doi.org/10.1021/ie8003418"	"Commercial Cu/ZnO/Al2O3 in mineral-oil slurry; ~1.5 g guard-bed catalyst and 3.0 g methanol-reactor catalyst"	"~1.5 g guard catalyst and 3.0 g downstream reactor catalyst; Run 2 used spent commercial LPMEOH catalyst in guard bed"	"Synthetic laboratory feed"	"Metal / metalloid"	"AsH3"	"0.526"	"250"	"51.71"	"Average 68.4% H2/22.4% CO/4.6% CO2/4.6% N2; 300-350 sccm"	"guard 12140; reactor 5910"	"Run time 25.5 h; contaminant exposure 0 h"	"Normalized methanol synthesis rate constant k_t/k_i (dimensionless)"	"1"	"1"	"Not applicable"	"0"	"Calculated"	"Not applicable; contaminant captured irreversibly by guard catalyst"	"No substantial reactor poisoning when guard bed was effective"	"Clean-feed baseline before contaminant | Run/sample: Guard-bed Run 1; guard temperature 140, 150, and 225 C | Impurity source: Contaminated syngas passed through upstream liquid-phase guard bed before methanol reactor | Reported concentration: 0.526 ppm in syngas before guard bed | Guard bed at 140 C captures AsH3; normalized methanol-reactor rate tracks protection effectiveness."	"T1-015 PDF p.2 Tables 3-4"	"High"	"Modeling-ready for impurity-scenario inputs"	"No known duplicate"
"T1-015"	"T1-015-R1-T01"	"T1-015-R1-T00"	"Quinn and Toseland 2008"	"Liquid-Phase Guard Bed for Removal of Synthesis Gas Contaminants"	"https://doi.org/10.1021/ie8003418"	"Commercial Cu/ZnO/Al2O3 in mineral-oil slurry; ~1.5 g guard-bed catalyst and 3.0 g methanol-reactor catalyst"	"~1.5 g guard catalyst and 3.0 g downstream reactor catalyst; Run 2 used spent commercial LPMEOH catalyst in guard bed"	"Synthetic laboratory feed"	"Metal / metalloid"	"AsH3"	"0.526"	"250"	"51.71"	"Average 68.4% H2/22.4% CO/4.6% CO2/4.6% N2; 300-350 sccm"	"guard 12140; reactor 5910"	"Run time 49.2 h; contaminant exposure 4.7 h"	"Normalized methanol synthesis rate constant k_t/k_i (dimensionless)"	"1"	"1.02"	"Not applicable"	"2"	"Calculated"	"Not applicable; contaminant captured irreversibly by guard catalyst"	"No substantial reactor poisoning when guard bed was effective"	"Contaminated syngas after liquid-phase guard bed | Run/sample: Guard-bed Run 1; guard temperature 140, 150, and 225 C | Impurity source: Contaminated syngas passed through upstream liquid-phase guard bed before methanol reactor | Reported concentration: 0.526 ppm in syngas before guard bed | Guard bed at 140 C captures AsH3; normalized methanol-reactor rate tracks protection effectiveness."	"T1-015 PDF p.2 Tables 3-4"	"High"	"Modeling-ready for impurity-scenario inputs"	"No known duplicate"
"T1-015"	"T1-015-R1-T02"	"T1-015-R1-T00"	"Quinn and Toseland 2008"	"Liquid-Phase Guard Bed for Removal of Synthesis Gas Contaminants"	"https://doi.org/10.1021/ie8003418"	"Commercial Cu/ZnO/Al2O3 in mineral-oil slurry; ~1.5 g guard-bed catalyst and 3.0 g methanol-reactor catalyst"	"~1.5 g guard catalyst and 3.0 g downstream reactor catalyst; Run 2 used spent commercial LPMEOH catalyst in guard bed"	"Synthetic laboratory feed"	"Metal / metalloid"	"AsH3"	"0.526"	"250"	"51.71"	"Average 68.4% H2/22.4% CO/4.6% CO2/4.6% N2; 300-350 sccm"	"guard 12140; reactor 5910"	"Run time 66 h; contaminant exposure 21.5 h"	"Normalized methanol synthesis rate constant k_t/k_i (dimensionless)"	"1"	"0.987"	"Not applicable"	"-1.3"	"Calculated"	"Not applicable; contaminant captured irreversibly by guard catalyst"	"No substantial reactor poisoning when guard bed was effective"	"Contaminated syngas after liquid-phase guard bed | Run/sample: Guard-bed Run 1; guard temperature 140, 150, and 225 C | Impurity source: Contaminated syngas passed through upstream liquid-phase guard bed before methanol reactor | Reported concentration: 0.526 ppm in syngas before guard bed | Guard bed at 140 C captures AsH3; normalized methanol-reactor rate tracks protection effectiveness."	"T1-015 PDF p.2 Tables 3-4"	"High"	"Modeling-ready for impurity-scenario inputs"	"No known duplicate"
"T1-015"	"T1-015-R1-T03"	"T1-015-R1-T00"	"Quinn and Toseland 2008"	"Liquid-Phase Guard Bed for Removal of Synthesis Gas Contaminants"	"https://doi.org/10.1021/ie8003418"	"Commercial Cu/ZnO/Al2O3 in mineral-oil slurry; ~1.5 g guard-bed catalyst and 3.0 g methanol-reactor catalyst"	"~1.5 g guard catalyst and 3.0 g downstream reactor catalyst; Run 2 used spent commercial LPMEOH catalyst in guard bed"	"Synthetic laboratory feed"	"Metal / metalloid"	"AsH3"	"0.526"	"250"	"51.71"	"Average 68.4% H2/22.4% CO/4.6% CO2/4.6% N2; 300-350 sccm"	"guard 12140; reactor 5910"	"Run time 91.7 h; contaminant exposure 47.2 h"	"Normalized methanol synthesis rate constant k_t/k_i (dimensionless)"	"1"	"0.953"	"Not applicable"	"-4.7"	"Calculated"	"Not applicable; contaminant captured irreversibly by guard catalyst"	"No substantial reactor poisoning when guard bed was effective"	"Contaminated syngas after liquid-phase guard bed | Run/sample: Guard-bed Run 1; guard temperature 140, 150, and 225 C | Impurity source: Contaminated syngas passed through upstream liquid-phase guard bed before methanol reactor | Reported concentration: 0.526 ppm in syngas before guard bed | Guard bed at 140 C captures AsH3; normalized methanol-reactor rate tracks protection effectiveness."	"T1-015 PDF p.2 Tables 3-4"	"High"	"Modeling-ready for impurity-scenario inputs"	"No known duplicate"
"T1-015"	"T1-015-R1-T04"	"T1-015-R1-T00"	"Quinn and Toseland 2008"	"Liquid-Phase Guard Bed for Removal of Synthesis Gas Contaminants"	"https://doi.org/10.1021/ie8003418"	"Commercial Cu/ZnO/Al2O3 in mineral-oil slurry; ~1.5 g guard-bed catalyst and 3.0 g methanol-reactor catalyst"	"~1.5 g guard catalyst and 3.0 g downstream reactor catalyst; Run 2 used spent commercial LPMEOH catalyst in guard bed"	"Synthetic laboratory feed"	"Metal / metalloid"	"AsH3"	"0.526"	"250"	"51.71"	"Average 68.4% H2/22.4% CO/4.6% CO2/4.6% N2; 300-350 sccm"	"guard 12140; reactor 5910"	"Run time 119.5 h; contaminant exposure 75 h"	"Normalized methanol synthesis rate constant k_t/k_i (dimensionless)"	"1"	"1.007"	"Not applicable"	"0.7"	"Calculated"	"Not applicable; contaminant captured irreversibly by guard catalyst"	"No substantial reactor poisoning when guard bed was effective"	"Contaminated syngas after liquid-phase guard bed | Run/sample: Guard-bed Run 1; guard temperature 140, 150, and 225 C | Impurity source: Contaminated syngas passed through upstream liquid-phase guard bed before methanol reactor | Reported concentration: 0.526 ppm in syngas before guard bed | Guard bed at 150 C captures AsH3; normalized methanol-reactor rate tracks protection effectiveness."	"T1-015 PDF p.2 Tables 3-4"	"High"	"Modeling-ready for impurity-scenario inputs"	"No known duplicate"
"T1-015"	"T1-015-R1-T05"	"T1-015-R1-T00"	"Quinn and Toseland 2008"	"Liquid-Phase Guard Bed for Removal of Synthesis Gas Contaminants"	"https://doi.org/10.1021/ie8003418"	"Commercial Cu/ZnO/Al2O3 in mineral-oil slurry; ~1.5 g guard-bed catalyst and 3.0 g methanol-reactor catalyst"	"~1.5 g guard catalyst and 3.0 g downstream reactor catalyst; Run 2 used spent commercial LPMEOH catalyst in guard bed"	"Synthetic laboratory feed"	"Metal / metalloid"	"AsH3"	"0.526"	"250"	"51.71"	"Average 68.4% H2/22.4% CO/4.6% CO2/4.6% N2; 300-350 sccm"	"guard 12140; reactor 5910"	"Run time 141.5 h; contaminant exposure 97 h"	"Normalized methanol synthesis rate constant k_t/k_i (dimensionless)"	"1"	"0.981"	"Not applicable"	"-1.9"	"Calculated"	"Not applicable; contaminant captured irreversibly by guard catalyst"	"No substantial reactor poisoning when guard bed was effective"	"Contaminated syngas after liquid-phase guard bed | Run/sample: Guard-bed Run 1; guard temperature 140, 150, and 225 C | Impurity source: Contaminated syngas passed through upstream liquid-phase guard bed before methanol reactor | Reported concentration: 0.526 ppm in syngas before guard bed | Guard bed at 225 C captures AsH3; normalized methanol-reactor rate tracks protection effectiveness."	"T1-015 PDF p.2 Tables 3-4"	"High"	"Modeling-ready for impurity-scenario inputs"	"No known duplicate"
"T1-015"	"T1-015-R2-T00"	"T1-015-R2-T00"	"Quinn and Toseland 2008"	"Liquid-Phase Guard Bed for Removal of Synthesis Gas Contaminants"	"https://doi.org/10.1021/ie8003418"	"Commercial Cu/ZnO/Al2O3 in mineral-oil slurry; ~1.5 g guard-bed catalyst and 3.0 g methanol-reactor catalyst"	"~1.5 g guard catalyst and 3.0 g downstream reactor catalyst; Run 2 used spent commercial LPMEOH catalyst in guard bed"	"Synthetic laboratory feed"	"Metal / metalloid"	"AsH3"	"1.2"	"250"	"51.71"	"Average 68.4% H2/22.4% CO/4.6% CO2/4.6% N2; 300-350 sccm"	"guard 13120; reactor 6960"	"Run time 67.1 h; contaminant exposure 0 h"	"Normalized methanol synthesis rate constant k_t/k_i (dimensionless)"	"1"	"1"	"Not applicable"	"0"	"Calculated"	"Not applicable; contaminant captured irreversibly by guard catalyst"	"No substantial reactor poisoning when guard bed was effective"	"Clean-feed baseline before contaminant | Run/sample: Guard-bed Run 2; guard temperature 140 (spent guard catalyst) C | Impurity source: Contaminated syngas passed through upstream liquid-phase guard bed before methanol reactor | Reported concentration: 1.2 ppm in syngas before guard bed | Guard bed at 140 C captures AsH3; normalized methanol-reactor rate tracks protection effectiveness."	"T1-015 PDF pp.2,4 Tables 3 and 8"	"High"	"Modeling-ready for impurity-scenario inputs"	"No known duplicate"
"T1-015"	"T1-015-R2-T01"	"T1-015-R2-T00"	"Quinn and Toseland 2008"	"Liquid-Phase Guard Bed for Removal of Synthesis Gas Contaminants"	"https://doi.org/10.1021/ie8003418"	"Commercial Cu/ZnO/Al2O3 in mineral-oil slurry; ~1.5 g guard-bed catalyst and 3.0 g methanol-reactor catalyst"	"~1.5 g guard catalyst and 3.0 g downstream reactor catalyst; Run 2 used spent commercial LPMEOH catalyst in guard bed"	"Synthetic laboratory feed"	"Metal / metalloid"	"AsH3"	"1.2"	"250"	"51.71"	"Average 68.4% H2/22.4% CO/4.6% CO2/4.6% N2; 300-350 sccm"	"guard 13120; reactor 6960"	"Run time 91.1 h; contaminant exposure 24 h"	"Normalized methanol synthesis rate constant k_t/k_i (dimensionless)"	"1"	"1.069"	"Not applicable"	"6.9"	"Calculated"	"Not applicable; contaminant captured irreversibly by guard catalyst"	"No substantial reactor poisoning when guard bed was effective"	"Contaminated syngas after liquid-phase guard bed | Run/sample: Guard-bed Run 2; guard temperature 140 (spent guard catalyst) C | Impurity source: Contaminated syngas passed through upstream liquid-phase guard bed before methanol reactor | Reported concentration: 1.2 ppm in syngas before guard bed | Guard bed at 140 C captures AsH3; normalized methanol-reactor rate tracks protection effectiveness."	"T1-015 PDF pp.2,4 Tables 3 and 8"	"High"	"Modeling-ready for impurity-scenario inputs"	"No known duplicate"
"T1-015"	"T1-015-R2-T02"	"T1-015-R2-T00"	"Quinn and Toseland 2008"	"Liquid-Phase Guard Bed for Removal of Synthesis Gas Contaminants"	"https://doi.org/10.1021/ie8003418"	"Commercial Cu/ZnO/Al2O3 in mineral-oil slurry; ~1.5 g guard-bed catalyst and 3.0 g methanol-reactor catalyst"	"~1.5 g guard catalyst and 3.0 g downstream reactor catalyst; Run 2 used spent commercial LPMEOH catalyst in guard bed"	"Synthetic laboratory feed"	"Metal / metalloid"	"AsH3"	"1.2"	"250"	"51.71"	"Average 68.4% H2/22.4% CO/4.6% CO2/4.6% N2; 300-350 sccm"	"guard 13120; reactor 6960"	"Run time 125 h; contaminant exposure 57.9 h"	"Normalized methanol synthesis rate constant k_t/k_i (dimensionless)"	"1"	"1.095"	"Not applicable"	"9.5"	"Calculated"	"Not applicable; contaminant captured irreversibly by guard catalyst"	"No substantial reactor poisoning when guard bed was effective"	"Contaminated syngas after liquid-phase guard bed | Run/sample: Guard-bed Run 2; guard temperature 140 (spent guard catalyst) C | Impurity source: Contaminated syngas passed through upstream liquid-phase guard bed before methanol reactor | Reported concentration: 1.2 ppm in syngas before guard bed | Guard bed at 140 C captures AsH3; normalized methanol-reactor rate tracks protection effectiveness."	"T1-015 PDF pp.2,4 Tables 3 and 8"	"High"	"Modeling-ready for impurity-scenario inputs"	"No known duplicate"
"T1-015"	"T1-015-R2-T03"	"T1-015-R2-T00"	"Quinn and Toseland 2008"	"Liquid-Phase Guard Bed for Removal of Synthesis Gas Contaminants"	"https://doi.org/10.1021/ie8003418"	"Commercial Cu/ZnO/Al2O3 in mineral-oil slurry; ~1.5 g guard-bed catalyst and 3.0 g methanol-reactor catalyst"	"~1.5 g guard catalyst and 3.0 g downstream reactor catalyst; Run 2 used spent commercial LPMEOH catalyst in guard bed"	"Synthetic laboratory feed"	"Metal / metalloid"	"AsH3"	"1.2"	"250"	"51.71"	"Average 68.4% H2/22.4% CO/4.6% CO2/4.6% N2; 300-350 sccm"	"guard 13120; reactor 6960"	"Run time 161.4 h; contaminant exposure 94.3 h"	"Normalized methanol synthesis rate constant k_t/k_i (dimensionless)"	"1"	"1.038"	"Not applicable"	"3.8"	"Calculated"	"Not applicable; contaminant captured irreversibly by guard catalyst"	"No substantial reactor poisoning when guard bed was effective"	"Contaminated syngas after liquid-phase guard bed | Run/sample: Guard-bed Run 2; guard temperature 140 (spent guard catalyst) C | Impurity source: Contaminated syngas passed through upstream liquid-phase guard bed before methanol reactor | Reported concentration: 1.2 ppm in syngas before guard bed | Guard bed at 140 C captures AsH3; normalized methanol-reactor rate tracks protection effectiveness."	"T1-015 PDF pp.2,4 Tables 3 and 8"	"High"	"Modeling-ready for impurity-scenario inputs"	"No known duplicate"
"T1-015"	"T1-015-R3-T00"	"T1-015-R3-T00"	"Quinn and Toseland 2008"	"Liquid-Phase Guard Bed for Removal of Synthesis Gas Contaminants"	"https://doi.org/10.1021/ie8003418"	"Commercial Cu/ZnO/Al2O3 in mineral-oil slurry; ~1.5 g guard-bed catalyst and 3.0 g methanol-reactor catalyst"	"~1.5 g guard catalyst and 3.0 g downstream reactor catalyst; Run 2 used spent commercial LPMEOH catalyst in guard bed"	"Synthetic laboratory feed"	"Sulfur"	"H2S"	"2.76"	"250"	"51.71"	"Average 68.4% H2/22.4% CO/4.6% CO2/4.6% N2; 300-350 sccm"	"guard 13620; reactor 6810"	"Run time 66 h; contaminant exposure 0 h"	"Normalized methanol synthesis rate constant k_t/k_i (dimensionless)"	"1"	"1"	"Not applicable"	"0"	"Calculated"	"Not applicable; contaminant captured irreversibly by guard catalyst"	"No substantial reactor poisoning when guard bed was effective"	"Clean-feed baseline before contaminant | Run/sample: Guard-bed Run 3; guard temperature 140 C | Impurity source: Contaminated syngas passed through upstream liquid-phase guard bed before methanol reactor | Reported concentration: 2.76 ppm in syngas before guard bed | Guard bed at 140 C captures H2S; normalized methanol-reactor rate tracks protection effectiveness."	"T1-015 PDF p.2 Tables 3 and 5"	"High"	"Modeling-ready for impurity-scenario inputs"	"No known duplicate"
"T1-015"	"T1-015-R3-T01"	"T1-015-R3-T00"	"Quinn and Toseland 2008"	"Liquid-Phase Guard Bed for Removal of Synthesis Gas Contaminants"	"https://doi.org/10.1021/ie8003418"	"Commercial Cu/ZnO/Al2O3 in mineral-oil slurry; ~1.5 g guard-bed catalyst and 3.0 g methanol-reactor catalyst"	"~1.5 g guard catalyst and 3.0 g downstream reactor catalyst; Run 2 used spent commercial LPMEOH catalyst in guard bed"	"Synthetic laboratory feed"	"Sulfur"	"H2S"	"2.76"	"250"	"51.71"	"Average 68.4% H2/22.4% CO/4.6% CO2/4.6% N2; 300-350 sccm"	"guard 13620; reactor 6810"	"Run time 76.85 h; contaminant exposure 5.85 h"	"Normalized methanol synthesis rate constant k_t/k_i (dimensionless)"	"1"	"1.069"	"Not applicable"	"6.9"	"Calculated"	"Not applicable; contaminant captured irreversibly by guard catalyst"	"No substantial reactor poisoning when guard bed was effective"	"Contaminated syngas after liquid-phase guard bed | Run/sample: Guard-bed Run 3; guard temperature 140 C | Impurity source: Contaminated syngas passed through upstream liquid-phase guard bed before methanol reactor | Reported concentration: 2.76 ppm in syngas before guard bed | Guard bed at 140 C captures H2S; normalized methanol-reactor rate tracks protection effectiveness."	"T1-015 PDF p.2 Tables 3 and 5"	"High"	"Modeling-ready for impurity-scenario inputs"	"No known duplicate"
"T1-015"	"T1-015-R3-T02"	"T1-015-R3-T00"	"Quinn and Toseland 2008"	"Liquid-Phase Guard Bed for Removal of Synthesis Gas Contaminants"	"https://doi.org/10.1021/ie8003418"	"Commercial Cu/ZnO/Al2O3 in mineral-oil slurry; ~1.5 g guard-bed catalyst and 3.0 g methanol-reactor catalyst"	"~1.5 g guard catalyst and 3.0 g downstream reactor catalyst; Run 2 used spent commercial LPMEOH catalyst in guard bed"	"Synthetic laboratory feed"	"Sulfur"	"H2S"	"2.76"	"250"	"51.71"	"Average 68.4% H2/22.4% CO/4.6% CO2/4.6% N2; 300-350 sccm"	"guard 13620; reactor 6810"	"Run time 88.88 h; contaminant exposure 17.88 h"	"Normalized methanol synthesis rate constant k_t/k_i (dimensionless)"	"1"	"1.026"	"Not applicable"	"2.6"	"Calculated"	"Not applicable; contaminant captured irreversibly by guard catalyst"	"No substantial reactor poisoning when guard bed was effective"	"Contaminated syngas after liquid-phase guard bed | Run/sample: Guard-bed Run 3; guard temperature 140 C | Impurity source: Contaminated syngas passed through upstream liquid-phase guard bed before methanol reactor | Reported concentration: 2.76 ppm in syngas before guard bed | Guard bed at 140 C captures H2S; normalized methanol-reactor rate tracks protection effectiveness."	"T1-015 PDF p.2 Tables 3 and 5"	"High"	"Modeling-ready for impurity-scenario inputs"	"No known duplicate"
"T1-015"	"T1-015-R3-T03"	"T1-015-R3-T00"	"Quinn and Toseland 2008"	"Liquid-Phase Guard Bed for Removal of Synthesis Gas Contaminants"	"https://doi.org/10.1021/ie8003418"	"Commercial Cu/ZnO/Al2O3 in mineral-oil slurry; ~1.5 g guard-bed catalyst and 3.0 g methanol-reactor catalyst"	"~1.5 g guard catalyst and 3.0 g downstream reactor catalyst; Run 2 used spent commercial LPMEOH catalyst in guard bed"	"Synthetic laboratory feed"	"Sulfur"	"H2S"	"2.76"	"250"	"51.71"	"Average 68.4% H2/22.4% CO/4.6% CO2/4.6% N2; 300-350 sccm"	"guard 13620; reactor 6810"	"Run time 101.43 h; contaminant exposure 30.43 h"	"Normalized methanol synthesis rate constant k_t/k_i (dimensionless)"	"1"	"1.061"	"Not applicable"	"6.1"	"Calculated"	"Not applicable; contaminant captured irreversibly by guard catalyst"	"No substantial reactor poisoning when guard bed was effective"	"Contaminated syngas after liquid-phase guard bed | Run/sample: Guard-bed Run 3; guard temperature 140 C | Impurity source: Contaminated syngas passed through upstream liquid-phase guard bed before methanol reactor | Reported concentration: 2.76 ppm in syngas before guard bed | Guard bed at 140 C captures H2S; normalized methanol-reactor rate tracks protection effectiveness."	"T1-015 PDF p.2 Tables 3 and 5"	"High"	"Modeling-ready for impurity-scenario inputs"	"No known duplicate"
"T1-015"	"T1-015-R3-T04"	"T1-015-R3-T00"	"Quinn and Toseland 2008"	"Liquid-Phase Guard Bed for Removal of Synthesis Gas Contaminants"	"https://doi.org/10.1021/ie8003418"	"Commercial Cu/ZnO/Al2O3 in mineral-oil slurry; ~1.5 g guard-bed catalyst and 3.0 g methanol-reactor catalyst"	"~1.5 g guard catalyst and 3.0 g downstream reactor catalyst; Run 2 used spent commercial LPMEOH catalyst in guard bed"	"Synthetic laboratory feed"	"Sulfur"	"H2S"	"2.76"	"250"	"51.71"	"Average 68.4% H2/22.4% CO/4.6% CO2/4.6% N2; 300-350 sccm"	"guard 13620; reactor 6810"	"Run time 118.98 h; contaminant exposure 47.98 h"	"Normalized methanol synthesis rate constant k_t/k_i (dimensionless)"	"1"	"1.089"	"Not applicable"	"8.9"	"Calculated"	"Not applicable; contaminant captured irreversibly by guard catalyst"	"No substantial reactor poisoning when guard bed was effective"	"Contaminated syngas after liquid-phase guard bed | Run/sample: Guard-bed Run 3; guard temperature 140 C | Impurity source: Contaminated syngas passed through upstream liquid-phase guard bed before methanol reactor | Reported concentration: 2.76 ppm in syngas before guard bed | Guard bed at 140 C captures H2S; normalized methanol-reactor rate tracks protection effectiveness."	"T1-015 PDF p.2 Tables 3 and 5"	"High"	"Modeling-ready for impurity-scenario inputs"	"No known duplicate"
"T1-015"	"T1-015-R3-T05"	"T1-015-R3-T00"	"Quinn and Toseland 2008"	"Liquid-Phase Guard Bed for Removal of Synthesis Gas Contaminants"	"https://doi.org/10.1021/ie8003418"	"Commercial Cu/ZnO/Al2O3 in mineral-oil slurry; ~1.5 g guard-bed catalyst and 3.0 g methanol-reactor catalyst"	"~1.5 g guard catalyst and 3.0 g downstream reactor catalyst; Run 2 used spent commercial LPMEOH catalyst in guard bed"	"Synthetic laboratory feed"	"Sulfur"	"H2S"	"2.76"	"250"	"51.71"	"Average 68.4% H2/22.4% CO/4.6% CO2/4.6% N2; 300-350 sccm"	"guard 13620; reactor 6810"	"Run time 136.05 h; contaminant exposure 65.05 h"	"Normalized methanol synthesis rate constant k_t/k_i (dimensionless)"	"1"	"1.094"	"Not applicable"	"9.4"	"Calculated"	"Not applicable; contaminant captured irreversibly by guard catalyst"	"No substantial reactor poisoning when guard bed was effective"	"Contaminated syngas after liquid-phase guard bed | Run/sample: Guard-bed Run 3; guard temperature 140 C | Impurity source: Contaminated syngas passed through upstream liquid-phase guard bed before methanol reactor | Reported concentration: 2.76 ppm in syngas before guard bed | Guard bed at 140 C captures H2S; normalized methanol-reactor rate tracks protection effectiveness."	"T1-015 PDF p.2 Tables 3 and 5"	"High"	"Modeling-ready for impurity-scenario inputs"	"No known duplicate"
"T1-015"	"T1-015-R4-T00"	"T1-015-R4-T00"	"Quinn and Toseland 2008"	"Liquid-Phase Guard Bed for Removal of Synthesis Gas Contaminants"	"https://doi.org/10.1021/ie8003418"	"Commercial Cu/ZnO/Al2O3 in mineral-oil slurry; ~1.5 g guard-bed catalyst and 3.0 g methanol-reactor catalyst"	"~1.5 g guard catalyst and 3.0 g downstream reactor catalyst; Run 2 used spent commercial LPMEOH catalyst in guard bed"	"Synthetic laboratory feed"	"Sulfur"	"COS"	"1.68"	"250"	"51.71"	"Average 68.4% H2/22.4% CO/4.6% CO2/4.6% N2; 300-350 sccm"	"guard 12140; reactor 6070"	"Run time 25.4 h; contaminant exposure 0 h"	"Normalized methanol synthesis rate constant k_t/k_i (dimensionless)"	"1"	"1"	"Not applicable"	"0"	"Calculated"	"Not applicable; contaminant captured irreversibly by guard catalyst"	"No substantial reactor poisoning when guard bed was effective"	"Clean-feed baseline before contaminant | Run/sample: Guard-bed Run 4; guard temperature 140 C | Impurity source: Contaminated syngas passed through upstream liquid-phase guard bed before methanol reactor | Reported concentration: 1.68 ppm in syngas before guard bed | Guard bed at 140 C captures COS; normalized methanol-reactor rate tracks protection effectiveness."	"T1-015 PDF pp.2-3 Tables 3 and 7"	"High"	"Modeling-ready for impurity-scenario inputs"	"No known duplicate"
"T1-015"	"T1-015-R4-T01"	"T1-015-R4-T00"	"Quinn and Toseland 2008"	"Liquid-Phase Guard Bed for Removal of Synthesis Gas Contaminants"	"https://doi.org/10.1021/ie8003418"	"Commercial Cu/ZnO/Al2O3 in mineral-oil slurry; ~1.5 g guard-bed catalyst and 3.0 g methanol-reactor catalyst"	"~1.5 g guard catalyst and 3.0 g downstream reactor catalyst; Run 2 used spent commercial LPMEOH catalyst in guard bed"	"Synthetic laboratory feed"	"Sulfur"	"COS"	"1.68"	"250"	"51.71"	"Average 68.4% H2/22.4% CO/4.6% CO2/4.6% N2; 300-350 sccm"	"guard 12140; reactor 6070"	"Run time 47 h; contaminant exposure 21.5 h"	"Normalized methanol synthesis rate constant k_t/k_i (dimensionless)"	"1"	"0.973"	"Not applicable"	"-2.7"	"Calculated"	"Not applicable; contaminant captured irreversibly by guard catalyst"	"No substantial reactor poisoning when guard bed was effective"	"Contaminated syngas after liquid-phase guard bed | Run/sample: Guard-bed Run 4; guard temperature 140 C | Impurity source: Contaminated syngas passed through upstream liquid-phase guard bed before methanol reactor | Reported concentration: 1.68 ppm in syngas before guard bed | Guard bed at 140 C captures COS; normalized methanol-reactor rate tracks protection effectiveness."	"T1-015 PDF pp.2-3 Tables 3 and 7"	"High"	"Modeling-ready for impurity-scenario inputs"	"No known duplicate"
"T1-015"	"T1-015-R4-T02"	"T1-015-R4-T00"	"Quinn and Toseland 2008"	"Liquid-Phase Guard Bed for Removal of Synthesis Gas Contaminants"	"https://doi.org/10.1021/ie8003418"	"Commercial Cu/ZnO/Al2O3 in mineral-oil slurry; ~1.5 g guard-bed catalyst and 3.0 g methanol-reactor catalyst"	"~1.5 g guard catalyst and 3.0 g downstream reactor catalyst; Run 2 used spent commercial LPMEOH catalyst in guard bed"	"Synthetic laboratory feed"	"Sulfur"	"COS"	"1.68"	"250"	"51.71"	"Average 68.4% H2/22.4% CO/4.6% CO2/4.6% N2; 300-350 sccm"	"guard 12140; reactor 6070"	"Run time 71.6 h; contaminant exposure 46.2 h"	"Normalized methanol synthesis rate constant k_t/k_i (dimensionless)"	"1"	"0.962"	"Not applicable"	"-3.8"	"Calculated"	"Not applicable; contaminant captured irreversibly by guard catalyst"	"No substantial reactor poisoning when guard bed was effective"	"Contaminated syngas after liquid-phase guard bed | Run/sample: Guard-bed Run 4; guard temperature 140 C | Impurity source: Contaminated syngas passed through upstream liquid-phase guard bed before methanol reactor | Reported concentration: 1.68 ppm in syngas before guard bed | Guard bed at 140 C captures COS; normalized methanol-reactor rate tracks protection effectiveness."	"T1-015 PDF pp.2-3 Tables 3 and 7"	"High"	"Modeling-ready for impurity-scenario inputs"	"No known duplicate"
"T1-015"	"T1-015-R4-T03"	"T1-015-R4-T00"	"Quinn and Toseland 2008"	"Liquid-Phase Guard Bed for Removal of Synthesis Gas Contaminants"	"https://doi.org/10.1021/ie8003418"	"Commercial Cu/ZnO/Al2O3 in mineral-oil slurry; ~1.5 g guard-bed catalyst and 3.0 g methanol-reactor catalyst"	"~1.5 g guard catalyst and 3.0 g downstream reactor catalyst; Run 2 used spent commercial LPMEOH catalyst in guard bed"	"Synthetic laboratory feed"	"Sulfur"	"COS"	"1.68"	"250"	"51.71"	"Average 68.4% H2/22.4% CO/4.6% CO2/4.6% N2; 300-350 sccm"	"guard 12140; reactor 6070"	"Run time 89.6 h; contaminant exposure 64.2 h"	"Normalized methanol synthesis rate constant k_t/k_i (dimensionless)"	"1"	"0.959"	"Not applicable"	"-4.1"	"Calculated"	"Not applicable; contaminant captured irreversibly by guard catalyst"	"No substantial reactor poisoning when guard bed was effective"	"Contaminated syngas after liquid-phase guard bed | Run/sample: Guard-bed Run 4; guard temperature 140 C | Impurity source: Contaminated syngas passed through upstream liquid-phase guard bed before methanol reactor | Reported concentration: 1.68 ppm in syngas before guard bed | Guard bed at 140 C captures COS; normalized methanol-reactor rate tracks protection effectiveness."	"T1-015 PDF pp.2-3 Tables 3 and 7"	"High"	"Modeling-ready for impurity-scenario inputs"	"No known duplicate"
"T1-015"	"T1-015-R4-T04"	"T1-015-R4-T00"	"Quinn and Toseland 2008"	"Liquid-Phase Guard Bed for Removal of Synthesis Gas Contaminants"	"https://doi.org/10.1021/ie8003418"	"Commercial Cu/ZnO/Al2O3 in mineral-oil slurry; ~1.5 g guard-bed catalyst and 3.0 g methanol-reactor catalyst"	"~1.5 g guard catalyst and 3.0 g downstream reactor catalyst; Run 2 used spent commercial LPMEOH catalyst in guard bed"	"Synthetic laboratory feed"	"Sulfur"	"COS"	"1.68"	"250"	"51.71"	"Average 68.4% H2/22.4% CO/4.6% CO2/4.6% N2; 300-350 sccm"	"guard 12140; reactor 6070"	"Run time 101.3 h; contaminant exposure 75.8 h"	"Normalized methanol synthesis rate constant k_t/k_i (dimensionless)"	"1"	"1.006"	"Not applicable"	"0.6"	"Calculated"	"Not applicable; contaminant captured irreversibly by guard catalyst"	"No substantial reactor poisoning when guard bed was effective"	"Contaminated syngas after liquid-phase guard bed | Run/sample: Guard-bed Run 4; guard temperature 140 C | Impurity source: Contaminated syngas passed through upstream liquid-phase guard bed before methanol reactor | Reported concentration: 1.68 ppm in syngas before guard bed | Guard bed at 140 C captures COS; normalized methanol-reactor rate tracks protection effectiveness."	"T1-015 PDF pp.2-3 Tables 3 and 7"	"High"	"Modeling-ready for impurity-scenario inputs"	"No known duplicate"
"T1-015"	"T1-015-R4-T05"	"T1-015-R4-T00"	"Quinn and Toseland 2008"	"Liquid-Phase Guard Bed for Removal of Synthesis Gas Contaminants"	"https://doi.org/10.1021/ie8003418"	"Commercial Cu/ZnO/Al2O3 in mineral-oil slurry; ~1.5 g guard-bed catalyst and 3.0 g methanol-reactor catalyst"	"~1.5 g guard catalyst and 3.0 g downstream reactor catalyst; Run 2 used spent commercial LPMEOH catalyst in guard bed"	"Synthetic laboratory feed"	"Sulfur"	"COS"	"1.68"	"250"	"51.71"	"Average 68.4% H2/22.4% CO/4.6% CO2/4.6% N2; 300-350 sccm"	"guard 12140; reactor 6070"	"Run time 109.3 h; contaminant exposure 83.8 h"	"Normalized methanol synthesis rate constant k_t/k_i (dimensionless)"	"1"	"0.992"	"Not applicable"	"-0.8"	"Calculated"	"Not applicable; contaminant captured irreversibly by guard catalyst"	"No substantial reactor poisoning when guard bed was effective"	"Contaminated syngas after liquid-phase guard bed | Run/sample: Guard-bed Run 4; guard temperature 140 C | Impurity source: Contaminated syngas passed through upstream liquid-phase guard bed before methanol reactor | Reported concentration: 1.68 ppm in syngas before guard bed | Guard bed at 140 C captures COS; normalized methanol-reactor rate tracks protection effectiveness."	"T1-015 PDF pp.2-3 Tables 3 and 7"	"High"	"Modeling-ready for impurity-scenario inputs"	"No known duplicate"
"T1-015"	"T1-015-R4-T06"	"T1-015-R4-T00"	"Quinn and Toseland 2008"	"Liquid-Phase Guard Bed for Removal of Synthesis Gas Contaminants"	"https://doi.org/10.1021/ie8003418"	"Commercial Cu/ZnO/Al2O3 in mineral-oil slurry; ~1.5 g guard-bed catalyst and 3.0 g methanol-reactor catalyst"	"~1.5 g guard catalyst and 3.0 g downstream reactor catalyst; Run 2 used spent commercial LPMEOH catalyst in guard bed"	"Synthetic laboratory feed"	"Sulfur"	"COS"	"1.68"	"250"	"51.71"	"Average 68.4% H2/22.4% CO/4.6% CO2/4.6% N2; 300-350 sccm"	"guard 12140; reactor 6070"	"Run time 117.3 h; contaminant exposure 91.8 h"	"Normalized methanol synthesis rate constant k_t/k_i (dimensionless)"	"1"	"0.911"	"Not applicable"	"-8.9"	"Calculated"	"Not applicable; contaminant captured irreversibly by guard catalyst"	"No substantial reactor poisoning when guard bed was effective"	"Contaminated syngas after liquid-phase guard bed | Run/sample: Guard-bed Run 4; guard temperature 140 C | Impurity source: Contaminated syngas passed through upstream liquid-phase guard bed before methanol reactor | Reported concentration: 1.68 ppm in syngas before guard bed | Guard bed at 140 C captures COS; normalized methanol-reactor rate tracks protection effectiveness."	"T1-015 PDF pp.2-3 Tables 3 and 7"	"High"	"Modeling-ready for impurity-scenario inputs"	"No known duplicate"
"T1-015"	"T1-015-R4-T07"	"T1-015-R4-T00"	"Quinn and Toseland 2008"	"Liquid-Phase Guard Bed for Removal of Synthesis Gas Contaminants"	"https://doi.org/10.1021/ie8003418"	"Commercial Cu/ZnO/Al2O3 in mineral-oil slurry; ~1.5 g guard-bed catalyst and 3.0 g methanol-reactor catalyst"	"~1.5 g guard catalyst and 3.0 g downstream reactor catalyst; Run 2 used spent commercial LPMEOH catalyst in guard bed"	"Synthetic laboratory feed"	"Sulfur"	"COS"	"1.68"	"250"	"51.71"	"Average 68.4% H2/22.4% CO/4.6% CO2/4.6% N2; 300-350 sccm"	"guard 12140; reactor 6070"	"Run time 125.3 h; contaminant exposure 99.9 h"	"Normalized methanol synthesis rate constant k_t/k_i (dimensionless)"	"1"	"0.948"	"Not applicable"	"-5.2"	"Calculated"	"Not applicable; contaminant captured irreversibly by guard catalyst"	"No substantial reactor poisoning when guard bed was effective"	"Contaminated syngas after liquid-phase guard bed | Run/sample: Guard-bed Run 4; guard temperature 140 C | Impurity source: Contaminated syngas passed through upstream liquid-phase guard bed before methanol reactor | Reported concentration: 1.68 ppm in syngas before guard bed | Guard bed at 140 C captures COS; normalized methanol-reactor rate tracks protection effectiveness."	"T1-015 PDF pp.2-3 Tables 3 and 7"	"High"	"Modeling-ready for impurity-scenario inputs"	"No known duplicate"
"T1-015"	"T1-015-R4-T08"	"T1-015-R4-T00"	"Quinn and Toseland 2008"	"Liquid-Phase Guard Bed for Removal of Synthesis Gas Contaminants"	"https://doi.org/10.1021/ie8003418"	"Commercial Cu/ZnO/Al2O3 in mineral-oil slurry; ~1.5 g guard-bed catalyst and 3.0 g methanol-reactor catalyst"	"~1.5 g guard catalyst and 3.0 g downstream reactor catalyst; Run 2 used spent commercial LPMEOH catalyst in guard bed"	"Synthetic laboratory feed"	"Sulfur"	"COS"	"1.68"	"250"	"51.71"	"Average 68.4% H2/22.4% CO/4.6% CO2/4.6% N2; 300-350 sccm"	"guard 12140; reactor 6070"	"Run time 133.3 h; contaminant exposure 107.9 h"	"Normalized methanol synthesis rate constant k_t/k_i (dimensionless)"	"1"	"0.935"	"Not applicable"	"-6.5"	"Calculated"	"Not applicable; contaminant captured irreversibly by guard catalyst"	"No substantial reactor poisoning when guard bed was effective"	"Contaminated syngas after liquid-phase guard bed | Run/sample: Guard-bed Run 4; guard temperature 140 C | Impurity source: Contaminated syngas passed through upstream liquid-phase guard bed before methanol reactor | Reported concentration: 1.68 ppm in syngas before guard bed | Guard bed at 140 C captures COS; normalized methanol-reactor rate tracks protection effectiveness."	"T1-015 PDF pp.2-3 Tables 3 and 7"	"High"	"Modeling-ready for impurity-scenario inputs"	"No known duplicate"
"T1-015"	"T1-015-R5-T00"	"T1-015-R5-T00"	"Quinn and Toseland 2008"	"Liquid-Phase Guard Bed for Removal of Synthesis Gas Contaminants"	"https://doi.org/10.1021/ie8003418"	"Commercial Cu/ZnO/Al2O3 in mineral-oil slurry; ~1.5 g guard-bed catalyst and 3.0 g methanol-reactor catalyst"	"~1.5 g guard catalyst and 3.0 g downstream reactor catalyst; Run 2 used spent commercial LPMEOH catalyst in guard bed"	"Synthetic laboratory feed"	"Sulfur"	"COS"	"2.27"	"250"	"51.71"	"Average 68.4% H2/22.4% CO/4.6% CO2/4.6% N2; 300-350 sccm"	"guard 12050; reactor 6020"	"Run time 23.6 h; contaminant exposure 0 h"	"Normalized methanol synthesis rate constant k_t/k_i (dimensionless)"	"1"	"1"	"Not applicable"	"0"	"Calculated"	"Not applicable; contaminant captured irreversibly by guard catalyst"	"No substantial reactor poisoning when guard bed was effective"	"Clean-feed baseline before contaminant | Run/sample: Guard-bed Run 5; guard temperature 170 C | Impurity source: Contaminated syngas passed through upstream liquid-phase guard bed before methanol reactor | Reported concentration: 2.27 ppm in syngas before guard bed | Guard bed at 170 C captures COS; normalized methanol-reactor rate tracks protection effectiveness."	"T1-015 PDF pp.2-3 Tables 3 and 7"	"High"	"Modeling-ready for impurity-scenario inputs"	"No known duplicate"
"T1-015"	"T1-015-R5-T01"	"T1-015-R5-T00"	"Quinn and Toseland 2008"	"Liquid-Phase Guard Bed for Removal of Synthesis Gas Contaminants"	"https://doi.org/10.1021/ie8003418"	"Commercial Cu/ZnO/Al2O3 in mineral-oil slurry; ~1.5 g guard-bed catalyst and 3.0 g methanol-reactor catalyst"	"~1.5 g guard catalyst and 3.0 g downstream reactor catalyst; Run 2 used spent commercial LPMEOH catalyst in guard bed"	"Synthetic laboratory feed"	"Sulfur"	"COS"	"2.27"	"250"	"51.71"	"Average 68.4% H2/22.4% CO/4.6% CO2/4.6% N2; 300-350 sccm"	"guard 12050; reactor 6020"	"Run time 41.2 h; contaminant exposure 15.7 h"	"Normalized methanol synthesis rate constant k_t/k_i (dimensionless)"	"1"	"0.993"	"Not applicable"	"-0.7"	"Calculated"	"Not applicable; contaminant captured irreversibly by guard catalyst"	"No substantial reactor poisoning when guard bed was effective"	"Contaminated syngas after liquid-phase guard bed | Run/sample: Guard-bed Run 5; guard temperature 170 C | Impurity source: Contaminated syngas passed through upstream liquid-phase guard bed before methanol reactor | Reported concentration: 2.27 ppm in syngas before guard bed | Guard bed at 170 C captures COS; normalized methanol-reactor rate tracks protection effectiveness."	"T1-015 PDF pp.2-3 Tables 3 and 7"	"High"	"Modeling-ready for impurity-scenario inputs"	"No known duplicate"
"T1-015"	"T1-015-R5-T02"	"T1-015-R5-T00"	"Quinn and Toseland 2008"	"Liquid-Phase Guard Bed for Removal of Synthesis Gas Contaminants"	"https://doi.org/10.1021/ie8003418"	"Commercial Cu/ZnO/Al2O3 in mineral-oil slurry; ~1.5 g guard-bed catalyst and 3.0 g methanol-reactor catalyst"	"~1.5 g guard catalyst and 3.0 g downstream reactor catalyst; Run 2 used spent commercial LPMEOH catalyst in guard bed"	"Synthetic laboratory feed"	"Sulfur"	"COS"	"2.27"	"250"	"51.71"	"Average 68.4% H2/22.4% CO/4.6% CO2/4.6% N2; 300-350 sccm"	"guard 12050; reactor 6020"	"Run time 47.7 h; contaminant exposure 22.2 h"	"Normalized methanol synthesis rate constant k_t/k_i (dimensionless)"	"1"	"0.986"	"Not applicable"	"-1.4"	"Calculated"	"Not applicable; contaminant captured irreversibly by guard catalyst"	"No substantial reactor poisoning when guard bed was effective"	"Contaminated syngas after liquid-phase guard bed | Run/sample: Guard-bed Run 5; guard temperature 170 C | Impurity source: Contaminated syngas passed through upstream liquid-phase guard bed before methanol reactor | Reported concentration: 2.27 ppm in syngas before guard bed | Guard bed at 170 C captures COS; normalized methanol-reactor rate tracks protection effectiveness."	"T1-015 PDF pp.2-3 Tables 3 and 7"	"High"	"Modeling-ready for impurity-scenario inputs"	"No known duplicate"
"T1-015"	"T1-015-R5-T03"	"T1-015-R5-T00"	"Quinn and Toseland 2008"	"Liquid-Phase Guard Bed for Removal of Synthesis Gas Contaminants"	"https://doi.org/10.1021/ie8003418"	"Commercial Cu/ZnO/Al2O3 in mineral-oil slurry; ~1.5 g guard-bed catalyst and 3.0 g methanol-reactor catalyst"	"~1.5 g guard catalyst and 3.0 g downstream reactor catalyst; Run 2 used spent commercial LPMEOH catalyst in guard bed"	"Synthetic laboratory feed"	"Sulfur"	"COS"	"2.27"	"250"	"51.71"	"Average 68.4% H2/22.4% CO/4.6% CO2/4.6% N2; 300-350 sccm"	"guard 12050; reactor 6020"	"Run time 62.2 h; contaminant exposure 36.7 h"	"Normalized methanol synthesis rate constant k_t/k_i (dimensionless)"	"1"	"0.974"	"Not applicable"	"-2.6"	"Calculated"	"Not applicable; contaminant captured irreversibly by guard catalyst"	"No substantial reactor poisoning when guard bed was effective"	"Contaminated syngas after liquid-phase guard bed | Run/sample: Guard-bed Run 5; guard temperature 170 C | Impurity source: Contaminated syngas passed through upstream liquid-phase guard bed before methanol reactor | Reported concentration: 2.27 ppm in syngas before guard bed | Guard bed at 170 C captures COS; normalized methanol-reactor rate tracks protection effectiveness."	"T1-015 PDF pp.2-3 Tables 3 and 7"	"High"	"Modeling-ready for impurity-scenario inputs"	"No known duplicate"
"T1-015"	"T1-015-R5-T04"	"T1-015-R5-T00"	"Quinn and Toseland 2008"	"Liquid-Phase Guard Bed for Removal of Synthesis Gas Contaminants"	"https://doi.org/10.1021/ie8003418"	"Commercial Cu/ZnO/Al2O3 in mineral-oil slurry; ~1.5 g guard-bed catalyst and 3.0 g methanol-reactor catalyst"	"~1.5 g guard catalyst and 3.0 g downstream reactor catalyst; Run 2 used spent commercial LPMEOH catalyst in guard bed"	"Synthetic laboratory feed"	"Sulfur"	"COS"	"2.27"	"250"	"51.71"	"Average 68.4% H2/22.4% CO/4.6% CO2/4.6% N2; 300-350 sccm"	"guard 12050; reactor 6020"	"Run time 84.3 h; contaminant exposure 58.8 h"	"Normalized methanol synthesis rate constant k_t/k_i (dimensionless)"	"1"	"0.979"	"Not applicable"	"-2.1"	"Calculated"	"Not applicable; contaminant captured irreversibly by guard catalyst"	"No substantial reactor poisoning when guard bed was effective"	"Contaminated syngas after liquid-phase guard bed | Run/sample: Guard-bed Run 5; guard temperature 170 C | Impurity source: Contaminated syngas passed through upstream liquid-phase guard bed before methanol reactor | Reported concentration: 2.27 ppm in syngas before guard bed | Guard bed at 170 C captures COS; normalized methanol-reactor rate tracks protection effectiveness."	"T1-015 PDF pp.2-3 Tables 3 and 7"	"High"	"Modeling-ready for impurity-scenario inputs"	"No known duplicate"
"T1-015"	"T1-015-R5-T05"	"T1-015-R5-T00"	"Quinn and Toseland 2008"	"Liquid-Phase Guard Bed for Removal of Synthesis Gas Contaminants"	"https://doi.org/10.1021/ie8003418"	"Commercial Cu/ZnO/Al2O3 in mineral-oil slurry; ~1.5 g guard-bed catalyst and 3.0 g methanol-reactor catalyst"	"~1.5 g guard catalyst and 3.0 g downstream reactor catalyst; Run 2 used spent commercial LPMEOH catalyst in guard bed"	"Synthetic laboratory feed"	"Sulfur"	"COS"	"2.27"	"250"	"51.71"	"Average 68.4% H2/22.4% CO/4.6% CO2/4.6% N2; 300-350 sccm"	"guard 12050; reactor 6020"	"Run time 108.3 h; contaminant exposure 82.8 h"	"Normalized methanol synthesis rate constant k_t/k_i (dimensionless)"	"1"	"0.984"	"Not applicable"	"-1.6"	"Calculated"	"Not applicable; contaminant captured irreversibly by guard catalyst"	"No substantial reactor poisoning when guard bed was effective"	"Contaminated syngas after liquid-phase guard bed | Run/sample: Guard-bed Run 5; guard temperature 170 C | Impurity source: Contaminated syngas passed through upstream liquid-phase guard bed before methanol reactor | Reported concentration: 2.27 ppm in syngas before guard bed | Guard bed at 170 C captures COS; normalized methanol-reactor rate tracks protection effectiveness."	"T1-015 PDF pp.2-3 Tables 3 and 7"	"High"	"Modeling-ready for impurity-scenario inputs"	"No known duplicate"
"T1-015"	"T1-015-R6-T00"	"T1-015-R6-T00"	"Quinn and Toseland 2008"	"Liquid-Phase Guard Bed for Removal of Synthesis Gas Contaminants"	"https://doi.org/10.1021/ie8003418"	"Commercial Cu/ZnO/Al2O3 in mineral-oil slurry; ~1.5 g guard-bed catalyst and 3.0 g methanol-reactor catalyst"	"~1.5 g guard catalyst and 3.0 g downstream reactor catalyst; Run 2 used spent commercial LPMEOH catalyst in guard bed"	"Synthetic laboratory feed"	"Sulfur"	"COS"	"2.19"	"250"	"51.71"	"Average 68.4% H2/22.4% CO/4.6% CO2/4.6% N2; 300-350 sccm"	"guard 12220; reactor 6110"	"Run time 89.8 h; contaminant exposure 0 h"	"Normalized methanol synthesis rate constant k_t/k_i (dimensionless)"	"1"	"1"	"Not applicable"	"0"	"Calculated"	"Not applicable; contaminant captured irreversibly by guard catalyst"	"No substantial reactor poisoning when guard bed was effective"	"Clean-feed baseline before contaminant | Run/sample: Guard-bed Run 6; guard temperature 200 C | Impurity source: Contaminated syngas passed through upstream liquid-phase guard bed before methanol reactor | Reported concentration: 2.19 ppm in syngas before guard bed | Guard bed at 200 C captures COS; normalized methanol-reactor rate tracks protection effectiveness."	"T1-015 PDF pp.2-3 Tables 3 and 7"	"High"	"Modeling-ready for impurity-scenario inputs"	"No known duplicate"
"T1-015"	"T1-015-R6-T01"	"T1-015-R6-T00"	"Quinn and Toseland 2008"	"Liquid-Phase Guard Bed for Removal of Synthesis Gas Contaminants"	"https://doi.org/10.1021/ie8003418"	"Commercial Cu/ZnO/Al2O3 in mineral-oil slurry; ~1.5 g guard-bed catalyst and 3.0 g methanol-reactor catalyst"	"~1.5 g guard catalyst and 3.0 g downstream reactor catalyst; Run 2 used spent commercial LPMEOH catalyst in guard bed"	"Synthetic laboratory feed"	"Sulfur"	"COS"	"2.19"	"250"	"51.71"	"Average 68.4% H2/22.4% CO/4.6% CO2/4.6% N2; 300-350 sccm"	"guard 12220; reactor 6110"	"Run time 113.7 h; contaminant exposure 21.8 h"	"Normalized methanol synthesis rate constant k_t/k_i (dimensionless)"	"1"	"1.044"	"Not applicable"	"4.4"	"Calculated"	"Not applicable; contaminant captured irreversibly by guard catalyst"	"No substantial reactor poisoning when guard bed was effective"	"Contaminated syngas after liquid-phase guard bed | Run/sample: Guard-bed Run 6; guard temperature 200 C | Impurity source: Contaminated syngas passed through upstream liquid-phase guard bed before methanol reactor | Reported concentration: 2.19 ppm in syngas before guard bed | Guard bed at 200 C captures COS; normalized methanol-reactor rate tracks protection effectiveness."	"T1-015 PDF pp.2-3 Tables 3 and 7"	"High"	"Modeling-ready for impurity-scenario inputs"	"No known duplicate"
"T1-015"	"T1-015-R6-T02"	"T1-015-R6-T00"	"Quinn and Toseland 2008"	"Liquid-Phase Guard Bed for Removal of Synthesis Gas Contaminants"	"https://doi.org/10.1021/ie8003418"	"Commercial Cu/ZnO/Al2O3 in mineral-oil slurry; ~1.5 g guard-bed catalyst and 3.0 g methanol-reactor catalyst"	"~1.5 g guard catalyst and 3.0 g downstream reactor catalyst; Run 2 used spent commercial LPMEOH catalyst in guard bed"	"Synthetic laboratory feed"	"Sulfur"	"COS"	"2.19"	"250"	"51.71"	"Average 68.4% H2/22.4% CO/4.6% CO2/4.6% N2; 300-350 sccm"	"guard 12220; reactor 6110"	"Run time 138.7 h; contaminant exposure 46.8 h"	"Normalized methanol synthesis rate constant k_t/k_i (dimensionless)"	"1"	"1.117"	"Not applicable"	"11.7"	"Calculated"	"Not applicable; contaminant captured irreversibly by guard catalyst"	"No substantial reactor poisoning when guard bed was effective"	"Contaminated syngas after liquid-phase guard bed | Run/sample: Guard-bed Run 6; guard temperature 200 C | Impurity source: Contaminated syngas passed through upstream liquid-phase guard bed before methanol reactor | Reported concentration: 2.19 ppm in syngas before guard bed | Guard bed at 200 C captures COS; normalized methanol-reactor rate tracks protection effectiveness."	"T1-015 PDF pp.2-3 Tables 3 and 7"	"High"	"Modeling-ready for impurity-scenario inputs"	"No known duplicate"
"T1-015"	"T1-015-R6-T03"	"T1-015-R6-T00"	"Quinn and Toseland 2008"	"Liquid-Phase Guard Bed for Removal of Synthesis Gas Contaminants"	"https://doi.org/10.1021/ie8003418"	"Commercial Cu/ZnO/Al2O3 in mineral-oil slurry; ~1.5 g guard-bed catalyst and 3.0 g methanol-reactor catalyst"	"~1.5 g guard catalyst and 3.0 g downstream reactor catalyst; Run 2 used spent commercial LPMEOH catalyst in guard bed"	"Synthetic laboratory feed"	"Sulfur"	"COS"	"2.19"	"250"	"51.71"	"Average 68.4% H2/22.4% CO/4.6% CO2/4.6% N2; 300-350 sccm"	"guard 12220; reactor 6110"	"Run time 162.2 h; contaminant exposure 70.3 h"	"Normalized methanol synthesis rate constant k_t/k_i (dimensionless)"	"1"	"1.146"	"Not applicable"	"14.6"	"Calculated"	"Not applicable; contaminant captured irreversibly by guard catalyst"	"No substantial reactor poisoning when guard bed was effective"	"Contaminated syngas after liquid-phase guard bed | Run/sample: Guard-bed Run 6; guard temperature 200 C | Impurity source: Contaminated syngas passed through upstream liquid-phase guard bed before methanol reactor | Reported concentration: 2.19 ppm in syngas before guard bed | Guard bed at 200 C captures COS; normalized methanol-reactor rate tracks protection effectiveness."	"T1-015 PDF pp.2-3 Tables 3 and 7"	"High"	"Modeling-ready for impurity-scenario inputs"	"No known duplicate"
"T1-015"	"T1-015-LOAD-AS-R1"	"Not applicable"	"Quinn and Toseland 2008"	"Liquid-Phase Guard Bed for Removal of Synthesis Gas Contaminants"	"https://doi.org/10.1021/ie8003418"	"Commercial Cu/ZnO/Al2O3 in mineral-oil slurry; ~1.5 g guard-bed catalyst and 3.0 g methanol-reactor catalyst"	"~1.5 g guard catalyst and 3.0 g downstream reactor catalyst; Run 2 used spent commercial LPMEOH catalyst in guard bed"	"Synthetic laboratory feed"	"Metal / metalloid"	"AsH3"	"0.526"	"250"	"51.71"	"Average 68.4% H2/22.4% CO/4.6% CO2/4.6% N2; 300-350 sccm"	"Not reported"	"See associated run time series"	"Contaminant loading on methanol-reactor catalyst (ppmw As)"	"0"	"<10"	"Not applicable"	"Not applicable"	"Measured"	"Not applicable; contaminant captured irreversibly by guard catalyst"	"No substantial reactor poisoning when guard bed was effective"	"Post-run elemental analysis of guard and methanol-reactor catalysts | Run/sample: Run 1 | Impurity source: Contaminated syngas passed through upstream liquid-phase guard bed before methanol reactor | Reported concentration: 0.526 ppm in syngas before guard bed | Catalyst loading pre: Not applicable wt% | Catalyst loading post: Guard 2620 ppmw As; methanol reactor <10 ppmw As wt% | Calculated contaminant exposure 2720 ppmw As; guard-bed loading 2620 ppmw As; downstream loading quantifies removal/slippage."	"T1-015 PDF p.3 explicit text"	"High"	"Modeling-ready for impurity-scenario inputs"	"No known duplicate"
"T1-015"	"T1-015-LOAD-AS-R2"	"Not applicable"	"Quinn and Toseland 2008"	"Liquid-Phase Guard Bed for Removal of Synthesis Gas Contaminants"	"https://doi.org/10.1021/ie8003418"	"Commercial Cu/ZnO/Al2O3 in mineral-oil slurry; ~1.5 g guard-bed catalyst and 3.0 g methanol-reactor catalyst"	"~1.5 g guard catalyst and 3.0 g downstream reactor catalyst; Run 2 used spent commercial LPMEOH catalyst in guard bed"	"Synthetic laboratory feed"	"Metal / metalloid"	"AsH3"	"1.2"	"250"	"51.71"	"Average 68.4% H2/22.4% CO/4.6% CO2/4.6% N2; 300-350 sccm"	"Not reported"	"See associated run time series"	"Contaminant loading on methanol-reactor catalyst (ppmw As)"	"0"	"<30"	"Not applicable"	"Not applicable"	"Measured"	"Not applicable; contaminant captured irreversibly by guard catalyst"	"No substantial reactor poisoning when guard bed was effective"	"Post-run elemental analysis of guard and methanol-reactor catalysts | Run/sample: Run 2 (spent guard) | Impurity source: Contaminated syngas passed through upstream liquid-phase guard bed before methanol reactor | Reported concentration: 1.2 ppm in syngas before guard bed | Catalyst loading pre: Not applicable wt% | Catalyst loading post: Guard 3440 ppmw As; methanol reactor <30 ppmw As wt% | Calculated contaminant exposure Not reported ppmw As; guard-bed loading 3440 ppmw As; downstream loading quantifies removal/slippage."	"T1-015 PDF p.4 explicit text"	"High"	"Modeling-ready for impurity-scenario inputs"	"No known duplicate"
"T1-015"	"T1-015-LOAD-S-R3"	"Not applicable"	"Quinn and Toseland 2008"	"Liquid-Phase Guard Bed for Removal of Synthesis Gas Contaminants"	"https://doi.org/10.1021/ie8003418"	"Commercial Cu/ZnO/Al2O3 in mineral-oil slurry; ~1.5 g guard-bed catalyst and 3.0 g methanol-reactor catalyst"	"~1.5 g guard catalyst and 3.0 g downstream reactor catalyst; Run 2 used spent commercial LPMEOH catalyst in guard bed"	"Synthetic laboratory feed"	"Sulfur"	"H2S"	"2.76"	"250"	"51.71"	"Average 68.4% H2/22.4% CO/4.6% CO2/4.6% N2; 300-350 sccm"	"Not reported"	"See associated run time series"	"Contaminant loading on methanol-reactor catalyst (ppmw S)"	"0"	"<78"	"Not applicable"	"Not applicable"	"Measured"	"Not applicable; contaminant captured irreversibly by guard catalyst"	"No substantial reactor poisoning when guard bed was effective"	"Post-run elemental analysis of guard and methanol-reactor catalysts | Run/sample: Run 3 | Impurity source: Contaminated syngas passed through upstream liquid-phase guard bed before methanol reactor | Reported concentration: 2.76 ppm in syngas before guard bed | Catalyst loading pre: Not applicable wt% | Catalyst loading post: Guard 362 ppmw S; methanol reactor <78 ppmw S wt% | Calculated contaminant exposure 3980 ppmw S; guard-bed loading 362 ppmw S; downstream loading quantifies removal/slippage."	"T1-015 PDF p.3 explicit text"	"High"	"Modeling-ready for impurity-scenario inputs"	"No known duplicate"
"T1-015"	"T1-015-LOAD-S-R4"	"Not applicable"	"Quinn and Toseland 2008"	"Liquid-Phase Guard Bed for Removal of Synthesis Gas Contaminants"	"https://doi.org/10.1021/ie8003418"	"Commercial Cu/ZnO/Al2O3 in mineral-oil slurry; ~1.5 g guard-bed catalyst and 3.0 g methanol-reactor catalyst"	"~1.5 g guard catalyst and 3.0 g downstream reactor catalyst; Run 2 used spent commercial LPMEOH catalyst in guard bed"	"Synthetic laboratory feed"	"Sulfur"	"COS"	"1.68"	"250"	"51.71"	"Average 68.4% H2/22.4% CO/4.6% CO2/4.6% N2; 300-350 sccm"	"Not reported"	"See associated run time series"	"Contaminant loading on methanol-reactor catalyst (ppmw S)"	"0"	"160"	"Not applicable"	"Not applicable"	"Measured"	"Not applicable; contaminant captured irreversibly by guard catalyst"	"No substantial reactor poisoning when guard bed was effective"	"Post-run elemental analysis of guard and methanol-reactor catalysts | Run/sample: Run 4 | Impurity source: Contaminated syngas passed through upstream liquid-phase guard bed before methanol reactor | Reported concentration: 1.68 ppm in syngas before guard bed | Catalyst loading pre: Not applicable wt% | Catalyst loading post: Guard 3490 ppmw S; methanol reactor 160 ppmw S wt% | Calculated contaminant exposure 3320 ppmw S; guard-bed loading 3490 ppmw S; downstream loading quantifies removal/slippage."	"T1-015 PDF p.3 Table 6"	"High"	"Modeling-ready for impurity-scenario inputs"	"No known duplicate"
"T1-015"	"T1-015-LOAD-S-R5"	"Not applicable"	"Quinn and Toseland 2008"	"Liquid-Phase Guard Bed for Removal of Synthesis Gas Contaminants"	"https://doi.org/10.1021/ie8003418"	"Commercial Cu/ZnO/Al2O3 in mineral-oil slurry; ~1.5 g guard-bed catalyst and 3.0 g methanol-reactor catalyst"	"~1.5 g guard catalyst and 3.0 g downstream reactor catalyst; Run 2 used spent commercial LPMEOH catalyst in guard bed"	"Synthetic laboratory feed"	"Sulfur"	"COS"	"2.27"	"250"	"51.71"	"Average 68.4% H2/22.4% CO/4.6% CO2/4.6% N2; 300-350 sccm"	"Not reported"	"See associated run time series"	"Contaminant loading on methanol-reactor catalyst (ppmw S)"	"0"	"410"	"Not applicable"	"Not applicable"	"Measured"	"Not applicable; contaminant captured irreversibly by guard catalyst"	"No substantial reactor poisoning when guard bed was effective"	"Post-run elemental analysis of guard and methanol-reactor catalysts | Run/sample: Run 5 | Impurity source: Contaminated syngas passed through upstream liquid-phase guard bed before methanol reactor | Reported concentration: 2.27 ppm in syngas before guard bed | Catalyst loading pre: Not applicable wt% | Catalyst loading post: Guard 3200 ppmw S; methanol reactor 410 ppmw S wt% | Calculated contaminant exposure 3720 ppmw S; guard-bed loading 3200 ppmw S; downstream loading quantifies removal/slippage."	"T1-015 PDF p.3 Table 6"	"High"	"Modeling-ready for impurity-scenario inputs"	"No known duplicate"
"T1-015"	"T1-015-LOAD-S-R6"	"Not applicable"	"Quinn and Toseland 2008"	"Liquid-Phase Guard Bed for Removal of Synthesis Gas Contaminants"	"https://doi.org/10.1021/ie8003418"	"Commercial Cu/ZnO/Al2O3 in mineral-oil slurry; ~1.5 g guard-bed catalyst and 3.0 g methanol-reactor catalyst"	"~1.5 g guard catalyst and 3.0 g downstream reactor catalyst; Run 2 used spent commercial LPMEOH catalyst in guard bed"	"Synthetic laboratory feed"	"Sulfur"	"COS"	"2.19"	"250"	"51.71"	"Average 68.4% H2/22.4% CO/4.6% CO2/4.6% N2; 300-350 sccm"	"Not reported"	"See associated run time series"	"Contaminant loading on methanol-reactor catalyst (ppmw S)"	"0"	">140"	"Not applicable"	"Not applicable"	"Measured"	"Not applicable; contaminant captured irreversibly by guard catalyst"	"No substantial reactor poisoning when guard bed was effective"	"Post-run elemental analysis of guard and methanol-reactor catalysts | Run/sample: Run 6 | Impurity source: Contaminated syngas passed through upstream liquid-phase guard bed before methanol reactor | Reported concentration: 2.19 ppm in syngas before guard bed | Catalyst loading pre: Not applicable wt% | Catalyst loading post: Guard 4215 ppmw S; methanol reactor >140 ppmw S wt% | Calculated contaminant exposure 3050 ppmw S; guard-bed loading 4215 ppmw S; downstream loading quantifies removal/slippage."	"T1-015 PDF p.3 Table 6"	"High"	"Modeling-ready for impurity-scenario inputs"	"No known duplicate"
"T1-015"	"T1-015-AS-NOGUARD"	"T1-015-AS-NOGUARD-B"	"Quinn and Toseland 2008"	"Liquid-Phase Guard Bed for Removal of Synthesis Gas Contaminants"	"https://doi.org/10.1021/ie8003418"	"Commercial Cu/ZnO/Al2O3 in mineral-oil slurry; ~1.5 g guard-bed catalyst and 3.0 g methanol-reactor catalyst"	"~1.5 g guard catalyst and 3.0 g downstream reactor catalyst; Run 2 used spent commercial LPMEOH catalyst in guard bed"	"Synthetic laboratory feed"	"Metal / metalloid"	"AsH3"	"0.578"	"250"	"51.71"	"Average 68.4% H2/22.4% CO/4.6% CO2/4.6% N2; 300-350 sccm"	"Not reported"	"116"	"Methanol catalyst deactivation rate (% activity loss per hour)"	"0.016"	"0.328"	"Not reported"	"1950"	"Calculated"	"No"	"Yes; ~35% initial activity lost"	"No-guard contaminant exposure; previously reported observation | Run/sample: Literature no-guard comparator | Impurity source: Contaminant fed directly to methanol reactor without guard bed | Reported concentration: 0.578 ppm | Direct irreversible contaminant poisoning without a guard bed."	"T1-015 PDF p.3 text; values imported from Ref. 8 and overlap earlier arsenic work"	"High"	"Possible duplicate observation"	"Possible duplicate"
"T1-015"	"T1-015-COS-NOGUARD"	"T1-015-COS-NOGUARD-B"	"Quinn and Toseland 2008"	"Liquid-Phase Guard Bed for Removal of Synthesis Gas Contaminants"	"https://doi.org/10.1021/ie8003418"	"Commercial Cu/ZnO/Al2O3 in mineral-oil slurry; ~1.5 g guard-bed catalyst and 3.0 g methanol-reactor catalyst"	"~1.5 g guard catalyst and 3.0 g downstream reactor catalyst; Run 2 used spent commercial LPMEOH catalyst in guard bed"	"Synthetic laboratory feed"	"Sulfur"	"COS"	"2.75"	"250"	"51.71"	"Average 68.4% H2/22.4% CO/4.6% CO2/4.6% N2; 300-350 sccm"	"Not reported"	"152"	"Methanol catalyst deactivation rate (% activity loss per hour)"	"0.0717"	"0.5714"	"Not reported"	"696.932"	"Calculated"	"No"	"Yes; ~56% initial activity lost"	"No-guard contaminant exposure; previously reported observation | Run/sample: Literature no-guard comparator | Impurity source: Contaminant fed directly to methanol reactor without guard bed | Reported concentration: 2.75 ppm | Direct irreversible contaminant poisoning without a guard bed."	"T1-015 PDF p.4 text; same no-guard COS observation as T1-006/T1-008"	"High"	"Possible duplicate observation"	"Possible duplicate"
"T1-015"	"T1-015-EQ-01"	"Not applicable"	"Quinn and Toseland 2008"	"Liquid-Phase Guard Bed for Removal of Synthesis Gas Contaminants"	"https://doi.org/10.1021/ie8003418"	"Commercial Cu/ZnO/Al2O3 in mineral-oil slurry; ~1.5 g guard-bed catalyst and 3.0 g methanol-reactor catalyst"	"~1.5 g guard catalyst and 3.0 g downstream reactor catalyst; Run 2 used spent commercial LPMEOH catalyst in guard bed"	"Synthetic laboratory feed"	"Metal / metalloid"	"AsH3"	"Not applicable; values in ppb"	"150 and 250"	"51.71"	"Average 68.4% H2/22.4% CO/4.6% CO2/4.6% N2; 300-350 sccm"	"Not reported"	"Not applicable"	"Calculated equilibrium contaminant concentration (ppb)"	"0.175"	"10.2"	"Not applicable"	"Not applicable"	"Calculated"	"Not applicable"	"Not applicable"	"Calculated equilibrium scenario; not an experiment | Run/sample: Thermodynamic guard-bed design calculation | Impurity source: Contaminated syngas passed through upstream liquid-phase guard bed before methanol reactor | Reported concentration: Calculated equilibrium concentration at 150 C and 250 C | 3Cu + AsH3 -> Cu3As + 1.5H2"	"T1-015 PDF p.2 Table 2"	"High (calculated, not experimental)"	"Modeling-ready for impurity-scenario inputs"	"No known duplicate"
"T1-015"	"T1-015-EQ-02"	"Not applicable"	"Quinn and Toseland 2008"	"Liquid-Phase Guard Bed for Removal of Synthesis Gas Contaminants"	"https://doi.org/10.1021/ie8003418"	"Commercial Cu/ZnO/Al2O3 in mineral-oil slurry; ~1.5 g guard-bed catalyst and 3.0 g methanol-reactor catalyst"	"~1.5 g guard catalyst and 3.0 g downstream reactor catalyst; Run 2 used spent commercial LPMEOH catalyst in guard bed"	"Synthetic laboratory feed"	"Phosphorus"	"PH3"	"Not applicable; values in ppb"	"150 and 250"	"51.71"	"Average 68.4% H2/22.4% CO/4.6% CO2/4.6% N2; 300-350 sccm"	"Not reported"	"Not applicable"	"Calculated equilibrium contaminant concentration (ppb)"	"6.3E-11"	"2.8E-07"	"Not applicable"	"Not applicable"	"Calculated"	"Not applicable"	"Not applicable"	"Calculated equilibrium scenario; not an experiment | Run/sample: Thermodynamic guard-bed design calculation | Impurity source: Contaminated syngas passed through upstream liquid-phase guard bed before methanol reactor | Reported concentration: Calculated equilibrium concentration at 150 C and 250 C | 3Cu + PH3 -> Cu3P + 1.5H2"	"T1-015 PDF p.2 Table 2"	"High (calculated, not experimental)"	"Modeling-ready for impurity-scenario inputs"	"No known duplicate"
"T1-015"	"T1-015-EQ-03"	"Not applicable"	"Quinn and Toseland 2008"	"Liquid-Phase Guard Bed for Removal of Synthesis Gas Contaminants"	"https://doi.org/10.1021/ie8003418"	"Commercial Cu/ZnO/Al2O3 in mineral-oil slurry; ~1.5 g guard-bed catalyst and 3.0 g methanol-reactor catalyst"	"~1.5 g guard catalyst and 3.0 g downstream reactor catalyst; Run 2 used spent commercial LPMEOH catalyst in guard bed"	"Synthetic laboratory feed"	"Sulfur / chalcogen"	"H2S"	"Not applicable; values in ppb"	"150 and 250"	"51.71"	"Average 68.4% H2/22.4% CO/4.6% CO2/4.6% N2; 300-350 sccm"	"Not reported"	"Not applicable"	"Calculated equilibrium contaminant concentration (ppb)"	"298"	"4839"	"Not applicable"	"Not applicable"	"Calculated"	"Not applicable"	"Not applicable"	"Calculated equilibrium scenario; not an experiment | Run/sample: Thermodynamic guard-bed design calculation | Impurity source: Contaminated syngas passed through upstream liquid-phase guard bed before methanol reactor | Reported concentration: Calculated equilibrium concentration at 150 C and 250 C | 2Cu + H2S -> Cu2S + H2"	"T1-015 PDF p.2 Table 2"	"High (calculated, not experimental)"	"Modeling-ready for impurity-scenario inputs"	"No known duplicate"
"T1-015"	"T1-015-EQ-04"	"Not applicable"	"Quinn and Toseland 2008"	"Liquid-Phase Guard Bed for Removal of Synthesis Gas Contaminants"	"https://doi.org/10.1021/ie8003418"	"Commercial Cu/ZnO/Al2O3 in mineral-oil slurry; ~1.5 g guard-bed catalyst and 3.0 g methanol-reactor catalyst"	"~1.5 g guard catalyst and 3.0 g downstream reactor catalyst; Run 2 used spent commercial LPMEOH catalyst in guard bed"	"Synthetic laboratory feed"	"Sulfur / chalcogen"	"COS"	"Not applicable; values in ppb"	"150 and 250"	"51.71"	"Average 68.4% H2/22.4% CO/4.6% CO2/4.6% N2; 300-350 sccm"	"Not reported"	"Not applicable"	"Calculated equilibrium contaminant concentration (ppb)"	"3.93"	"47.1"	"Not applicable"	"Not applicable"	"Calculated"	"Not applicable"	"Not applicable"	"Calculated equilibrium scenario; not an experiment | Run/sample: Thermodynamic guard-bed design calculation | Impurity source: Contaminated syngas passed through upstream liquid-phase guard bed before methanol reactor | Reported concentration: Calculated equilibrium concentration at 150 C and 250 C | 2Cu + COS -> Cu2S + CO"	"T1-015 PDF p.2 Table 2"	"High (calculated, not experimental)"	"Modeling-ready for impurity-scenario inputs"	"No known duplicate"
"T1-015"	"T1-015-EQ-05"	"Not applicable"	"Quinn and Toseland 2008"	"Liquid-Phase Guard Bed for Removal of Synthesis Gas Contaminants"	"https://doi.org/10.1021/ie8003418"	"Commercial Cu/ZnO/Al2O3 in mineral-oil slurry; ~1.5 g guard-bed catalyst and 3.0 g methanol-reactor catalyst"	"~1.5 g guard catalyst and 3.0 g downstream reactor catalyst; Run 2 used spent commercial LPMEOH catalyst in guard bed"	"Synthetic laboratory feed"	"Sulfur / chalcogen"	"CS2"	"Not applicable; values in ppb"	"150 and 250"	"51.71"	"Average 68.4% H2/22.4% CO/4.6% CO2/4.6% N2; 300-350 sccm"	"Not reported"	"Not applicable"	"Calculated equilibrium contaminant concentration (ppb)"	"8.5E-09"	"1.1E-05"	"Not applicable"	"Not applicable"	"Calculated"	"Not applicable"	"Not applicable"	"Calculated equilibrium scenario; not an experiment | Run/sample: Thermodynamic guard-bed design calculation | Impurity source: Contaminated syngas passed through upstream liquid-phase guard bed before methanol reactor | Reported concentration: Calculated equilibrium concentration at 150 C and 250 C | 4Cu + CS2 + H2O -> 2Cu2S + CO + H2"	"T1-015 PDF p.2 Table 2"	"High (calculated, not experimental)"	"Modeling-ready for impurity-scenario inputs"	"No known duplicate"
"T1-015"	"T1-015-EQ-06"	"Not applicable"	"Quinn and Toseland 2008"	"Liquid-Phase Guard Bed for Removal of Synthesis Gas Contaminants"	"https://doi.org/10.1021/ie8003418"	"Commercial Cu/ZnO/Al2O3 in mineral-oil slurry; ~1.5 g guard-bed catalyst and 3.0 g methanol-reactor catalyst"	"~1.5 g guard catalyst and 3.0 g downstream reactor catalyst; Run 2 used spent commercial LPMEOH catalyst in guard bed"	"Synthetic laboratory feed"	"Sulfur / chalcogen"	"Thiophene"	"Not applicable; values in ppb"	"150 and 250"	"51.71"	"Average 68.4% H2/22.4% CO/4.6% CO2/4.6% N2; 300-350 sccm"	"Not reported"	"Not applicable"	"Calculated equilibrium contaminant concentration (ppb)"	"7.9E-06"	"0.0341"	"Not applicable"	"Not applicable"	"Calculated"	"Not applicable"	"Not applicable"	"Calculated equilibrium scenario; not an experiment | Run/sample: Thermodynamic guard-bed design calculation | Impurity source: Contaminated syngas passed through upstream liquid-phase guard bed before methanol reactor | Reported concentration: Calculated equilibrium concentration at 150 C and 250 C | 2Cu + C4H4S + H2 -> Cu2S + C4H6"	"T1-015 PDF p.2 Table 2"	"High (calculated, not experimental)"	"Modeling-ready for impurity-scenario inputs"	"No known duplicate"
"T1-015"	"T1-015-EQ-07"	"Not applicable"	"Quinn and Toseland 2008"	"Liquid-Phase Guard Bed for Removal of Synthesis Gas Contaminants"	"https://doi.org/10.1021/ie8003418"	"Commercial Cu/ZnO/Al2O3 in mineral-oil slurry; ~1.5 g guard-bed catalyst and 3.0 g methanol-reactor catalyst"	"~1.5 g guard catalyst and 3.0 g downstream reactor catalyst; Run 2 used spent commercial LPMEOH catalyst in guard bed"	"Synthetic laboratory feed"	"Sulfur / chalcogen"	"H2Se"	"Not applicable; values in ppb"	"150 and 250"	"51.71"	"Average 68.4% H2/22.4% CO/4.6% CO2/4.6% N2; 300-350 sccm"	"Not reported"	"Not applicable"	"Calculated equilibrium contaminant concentration (ppb)"	"0.0184"	"1.7"	"Not applicable"	"Not applicable"	"Calculated"	"Not applicable"	"Not applicable"	"Calculated equilibrium scenario; not an experiment | Run/sample: Thermodynamic guard-bed design calculation | Impurity source: Contaminated syngas passed through upstream liquid-phase guard bed before methanol reactor | Reported concentration: Calculated equilibrium concentration at 150 C and 250 C | 2Cu + H2Se -> Cu2Se + H2"	"T1-015 PDF p.2 Table 2"	"High (calculated, not experimental)"	"Modeling-ready for impurity-scenario inputs"	"No known duplicate"
"T1-015"	"T1-015-EQ-08"	"Not applicable"	"Quinn and Toseland 2008"	"Liquid-Phase Guard Bed for Removal of Synthesis Gas Contaminants"	"https://doi.org/10.1021/ie8003418"	"Commercial Cu/ZnO/Al2O3 in mineral-oil slurry; ~1.5 g guard-bed catalyst and 3.0 g methanol-reactor catalyst"	"~1.5 g guard catalyst and 3.0 g downstream reactor catalyst; Run 2 used spent commercial LPMEOH catalyst in guard bed"	"Synthetic laboratory feed"	"Halides"	"HCl"	"Not applicable; values in ppb"	"150 and 250"	"51.71"	"Average 68.4% H2/22.4% CO/4.6% CO2/4.6% N2; 300-350 sccm"	"Not reported"	"Not applicable"	"Calculated equilibrium contaminant concentration (ppb)"	"5356"	"138000"	"Not applicable"	"Not applicable"	"Calculated"	"Not applicable"	"Not applicable"	"Calculated equilibrium scenario; not an experiment | Run/sample: Thermodynamic guard-bed design calculation | Impurity source: Contaminated syngas passed through upstream liquid-phase guard bed before methanol reactor | Reported concentration: Calculated equilibrium concentration at 150 C and 250 C | Cu + HCl -> CuCl + 0.5H2"	"T1-015 PDF p.2 Table 2"	"High (calculated, not experimental)"	"Modeling-ready for impurity-scenario inputs"	"No known duplicate"
"T1-015"	"T1-015-EQ-09"	"Not applicable"	"Quinn and Toseland 2008"	"Liquid-Phase Guard Bed for Removal of Synthesis Gas Contaminants"	"https://doi.org/10.1021/ie8003418"	"Commercial Cu/ZnO/Al2O3 in mineral-oil slurry; ~1.5 g guard-bed catalyst and 3.0 g methanol-reactor catalyst"	"~1.5 g guard catalyst and 3.0 g downstream reactor catalyst; Run 2 used spent commercial LPMEOH catalyst in guard bed"	"Synthetic laboratory feed"	"Halides"	"CH3Cl"	"Not applicable; values in ppb"	"150 and 250"	"51.71"	"Average 68.4% H2/22.4% CO/4.6% CO2/4.6% N2; 300-350 sccm"	"Not reported"	"Not applicable"	"Calculated equilibrium contaminant concentration (ppb)"	"0"	"8.3E-09"	"Not applicable"	"Not applicable"	"Calculated"	"Not applicable"	"Not applicable"	"Calculated equilibrium scenario; not an experiment | Run/sample: Thermodynamic guard-bed design calculation | Impurity source: Contaminated syngas passed through upstream liquid-phase guard bed before methanol reactor | Reported concentration: Calculated equilibrium concentration at 150 C and 250 C | Cu + CH3Cl -> CuCl + CH4"	"T1-015 PDF p.2 Table 2"	"High (calculated, not experimental)"	"Modeling-ready for impurity-scenario inputs"	"No known duplicate"
"T1-015"	"T1-015-EQ-10"	"Not applicable"	"Quinn and Toseland 2008"	"Liquid-Phase Guard Bed for Removal of Synthesis Gas Contaminants"	"https://doi.org/10.1021/ie8003418"	"Commercial Cu/ZnO/Al2O3 in mineral-oil slurry; ~1.5 g guard-bed catalyst and 3.0 g methanol-reactor catalyst"	"~1.5 g guard catalyst and 3.0 g downstream reactor catalyst; Run 2 used spent commercial LPMEOH catalyst in guard bed"	"Synthetic laboratory feed"	"Sulfur / chalcogen"	"H2S"	"Not applicable; values in ppb"	"150 and 250"	"51.71"	"Average 68.4% H2/22.4% CO/4.6% CO2/4.6% N2; 300-350 sccm"	"Not reported"	"Not applicable"	"Calculated equilibrium contaminant concentration (ppb)"	"0.00379"	"0.188"	"Not applicable"	"Not applicable"	"Calculated"	"Not applicable"	"Not applicable"	"Calculated equilibrium scenario; not an experiment | Run/sample: Thermodynamic guard-bed design calculation | Impurity source: Contaminated syngas passed through upstream liquid-phase guard bed before methanol reactor | Reported concentration: Calculated equilibrium concentration at 150 C and 250 C | ZnO + H2S -> ZnS + H2O"	"T1-015 PDF p.2 Table 2"	"High (calculated, not experimental)"	"Modeling-ready for impurity-scenario inputs"	"No known duplicate"
"T1-015"	"T1-015-EQ-11"	"Not applicable"	"Quinn and Toseland 2008"	"Liquid-Phase Guard Bed for Removal of Synthesis Gas Contaminants"	"https://doi.org/10.1021/ie8003418"	"Commercial Cu/ZnO/Al2O3 in mineral-oil slurry; ~1.5 g guard-bed catalyst and 3.0 g methanol-reactor catalyst"	"~1.5 g guard catalyst and 3.0 g downstream reactor catalyst; Run 2 used spent commercial LPMEOH catalyst in guard bed"	"Synthetic laboratory feed"	"Sulfur / chalcogen"	"H2Se"	"Not applicable; values in ppb"	"150 and 250"	"51.71"	"Average 68.4% H2/22.4% CO/4.6% CO2/4.6% N2; 300-350 sccm"	"Not reported"	"Not applicable"	"Calculated equilibrium contaminant concentration (ppb)"	"0.000529"	"0.0379"	"Not applicable"	"Not applicable"	"Calculated"	"Not applicable"	"Not applicable"	"Calculated equilibrium scenario; not an experiment | Run/sample: Thermodynamic guard-bed design calculation | Impurity source: Contaminated syngas passed through upstream liquid-phase guard bed before methanol reactor | Reported concentration: Calculated equilibrium concentration at 150 C and 250 C | ZnO + H2Se -> ZnSe + H2O"	"T1-015 PDF p.2 Table 2"	"High (calculated, not experimental)"	"Modeling-ready for impurity-scenario inputs"	"No known duplicate"
"T1-015"	"T1-015-EQ-12"	"Not applicable"	"Quinn and Toseland 2008"	"Liquid-Phase Guard Bed for Removal of Synthesis Gas Contaminants"	"https://doi.org/10.1021/ie8003418"	"Commercial Cu/ZnO/Al2O3 in mineral-oil slurry; ~1.5 g guard-bed catalyst and 3.0 g methanol-reactor catalyst"	"~1.5 g guard catalyst and 3.0 g downstream reactor catalyst; Run 2 used spent commercial LPMEOH catalyst in guard bed"	"Synthetic laboratory feed"	"Halides"	"HCl"	"Not applicable; values in ppb"	"150 and 250"	"51.71"	"Average 68.4% H2/22.4% CO/4.6% CO2/4.6% N2; 300-350 sccm"	"Not reported"	"Not applicable"	"Calculated equilibrium contaminant concentration (ppb)"	"237"	"6302"	"Not applicable"	"Not applicable"	"Calculated"	"Not applicable"	"Not applicable"	"Calculated equilibrium scenario; not an experiment | Run/sample: Thermodynamic guard-bed design calculation | Impurity source: Contaminated syngas passed through upstream liquid-phase guard bed before methanol reactor | Reported concentration: Calculated equilibrium concentration at 150 C and 250 C | ZnO + 2HCl -> ZnCl2 + H2O"	"T1-015 PDF p.2 Table 2"	"High (calculated, not experimental)"	"Modeling-ready for impurity-scenario inputs"	"No known duplicate"
